{
	"credit": "Made with Blockbench",
	"textures": {
		"particle": "#texture"
	},
	"elements": [
		{
			"from": [5, 1, 4],
			"to": [6, 2, 5],
			"rotation": {"angle": 0, "axis": "y", "origin": [8, 0, 7]},
			"faces": {
				"north": {"uv": [11, 13, 12, 14], "texture": "#texture"},
				"east": {"uv": [11, 13, 12, 14], "texture": "#texture"},
				"south": {"uv": [11, 13, 12, 14], "texture": "#texture"},
				"west": {"uv": [11, 13, 12, 14], "texture": "#texture"},
				"up": {"uv": [11, 13, 12, 14], "texture": "#texture"},
				"down": {"uv": [11, 13, 12, 14], "texture": "#texture"}
			}
		},
		{
			"from": [10, 0, 6],
			"to": [11, 1, 9],
			"rotation": {"angle": 0, "axis": "y", "origin": [8, 0, 7]},
			"faces": {
				"north": {"uv": [9, 14, 10, 15], "texture": "#texture"},
				"east": {"uv": [7, 14, 10, 15], "rotation": 270, "texture": "#texture"},
				"south": {"uv": [7, 14, 8, 15], "texture": "#texture"},
				"west": {"uv": [7, 14, 10, 15], "rotation": 270, "texture": "#texture"},
				"up": {"uv": [7, 14, 10, 15], "rotation": 270, "texture": "#texture"},
				"down": {"uv": [7, 14, 10, 15], "rotation": 270, "texture": "#texture"}
			}
		},
		{
			"from": [6, 0, 5],
			"to": [11, 1, 6],
			"rotation": {"angle": 0, "axis": "y", "origin": [8, 0, 7]},
			"faces": {
				"north": {"uv": [6, 14, 11, 15], "texture": "#texture"},
				"east": {"uv": [10, 14, 11, 15], "texture": "#texture"},
				"south": {"uv": [6, 14, 11, 15], "texture": "#texture"},
				"west": {"uv": [6, 14, 7, 15], "texture": "#texture"},
				"up": {"uv": [6, 14, 11, 15], "texture": "#texture"},
				"down": {"uv": [6, 14, 11, 15], "texture": "#texture"}
			}
		},
		{
			"from": [11, 1, 4],
			"to": [12, 2, 5],
			"rotation": {"angle": 0, "axis": "y", "origin": [8, 0, 7]},
			"faces": {
				"north": {"uv": [5, 13, 6, 14], "texture": "#texture"},
				"east": {"uv": [5, 13, 6, 14], "texture": "#texture"},
				"south": {"uv": [5, 13, 6, 14], "texture": "#texture"},
				"west": {"uv": [5, 13, 6, 14], "texture": "#texture"},
				"up": {"uv": [5, 13, 6, 14], "texture": "#texture"},
				"down": {"uv": [5, 13, 6, 14], "texture": "#texture"}
			}
		},
		{
			"from": [11, 1, 10],
			"to": [12, 2, 11],
			"rotation": {"angle": 0, "axis": "y", "origin": [8, 0, 7]},
			"faces": {
				"north": {"uv": [5, 13, 6, 14], "texture": "#texture"},
				"east": {"uv": [5, 13, 6, 14], "texture": "#texture"},
				"south": {"uv": [5, 13, 6, 14], "texture": "#texture"},
				"west": {"uv": [5, 13, 6, 14], "texture": "#texture"},
				"up": {"uv": [5, 13, 6, 14], "texture": "#texture"},
				"down": {"uv": [5, 13, 6, 14], "texture": "#texture"}
			}
		},
		{
			"from": [5, 1, 10],
			"to": [6, 2, 11],
			"rotation": {"angle": 0, "axis": "y", "origin": [8, 0, 7]},
			"faces": {
				"north": {"uv": [11, 13, 12, 14], "texture": "#texture"},
				"east": {"uv": [11, 13, 12, 14], "texture": "#texture"},
				"south": {"uv": [11, 13, 12, 14], "texture": "#texture"},
				"west": {"uv": [11, 13, 12, 14], "texture": "#texture"},
				"up": {"uv": [11, 13, 12, 14], "texture": "#texture"},
				"down": {"uv": [11, 13, 12, 14], "texture": "#texture"}
			}
		},
		{
			"from": [6, 0, 9],
			"to": [11, 1, 10],
			"rotation": {"angle": 0, "axis": "y", "origin": [8, 0, 7]},
			"faces": {
				"north": {"uv": [6, 14, 11, 15], "texture": "#texture"},
				"east": {"uv": [10, 14, 11, 15], "texture": "#texture"},
				"south": {"uv": [6, 14, 11, 15], "texture": "#texture"},
				"west": {"uv": [6, 14, 7, 15], "texture": "#texture"},
				"up": {"uv": [6, 14, 11, 15], "texture": "#texture"},
				"down": {"uv": [6, 14, 11, 15], "texture": "#texture"}
			}
		},
		{
			"from": [6, 0, 6],
			"to": [7, 1, 9],
			"rotation": {"angle": 0, "axis": "y", "origin": [8, 0, 7]},
			"faces": {
				"north": {"uv": [9, 14, 10, 15], "texture": "#texture"},
				"east": {"uv": [7, 14, 10, 15], "rotation": 270, "texture": "#texture"},
				"south": {"uv": [7, 14, 8, 15], "texture": "#texture"},
				"west": {"uv": [7, 14, 10, 15], "rotation": 270, "texture": "#texture"},
				"up": {"uv": [7, 14, 10, 15], "rotation": 270, "texture": "#texture"},
				"down": {"uv": [7, 14, 10, 15], "rotation": 270, "texture": "#texture"}
			}
		},
		{
			"from": [7, 0, 6],
			"to": [8, 1, 9],
			"rotation": {"angle": 0, "axis": "y", "origin": [8, 0, 7]},
			"faces": {
				"north": {"uv": [9, 14, 10, 15], "texture": "#texture"},
				"east": {"uv": [7, 14, 10, 15], "rotation": 270, "texture": "#texture"},
				"south": {"uv": [7, 14, 8, 15], "texture": "#texture"},
				"west": {"uv": [7, 14, 10, 15], "rotation": 270, "texture": "#texture"},
				"up": {"uv": [7, 14, 10, 15], "rotation": 270, "texture": "#texture"},
				"down": {"uv": [7, 14, 10, 15], "rotation": 270, "texture": "#texture"}
			}
		},
		{
			"from": [8, 0, 6],
			"to": [9, 1, 9],
			"rotation": {"angle": 0, "axis": "y", "origin": [8, 0, 7]},
			"faces": {
				"north": {"uv": [9, 14, 10, 15], "texture": "#texture"},
				"east": {"uv": [7, 14, 10, 15], "rotation": 270, "texture": "#texture"},
				"south": {"uv": [7, 14, 8, 15], "texture": "#texture"},
				"west": {"uv": [7, 14, 10, 15], "rotation": 270, "texture": "#texture"},
				"up": {"uv": [7, 14, 10, 15], "rotation": 270, "texture": "#texture"},
				"down": {"uv": [7, 14, 10, 15], "rotation": 270, "texture": "#texture"}
			}
		},
		{
			"from": [9, 0, 6],
			"to": [10, 1, 9],
			"rotation": {"angle": 0, "axis": "y", "origin": [8, 0, 7]},
			"faces": {
				"north": {"uv": [9, 14, 10, 15], "texture": "#texture"},
				"east": {"uv": [7, 14, 10, 15], "rotation": 270, "texture": "#texture"},
				"south": {"uv": [7, 14, 8, 15], "texture": "#texture"},
				"west": {"uv": [7, 14, 10, 15], "rotation": 270, "texture": "#texture"},
				"up": {"uv": [7, 14, 10, 15], "rotation": 270, "texture": "#texture"},
				"down": {"uv": [7, 14, 10, 15], "rotation": 270, "texture": "#texture"}
			}
		},
		{
			"from": [12, 2, 3],
			"to": [13, 6, 4],
			"rotation": {"angle": 0, "axis": "y", "origin": [8, 0, 7]},
			"faces": {
				"north": {"uv": [4, 9, 5, 13], "texture": "#texture"},
				"east": {"uv": [4, 9, 5, 13], "texture": "#texture"},
				"south": {"uv": [4, 9, 5, 13], "texture": "#texture"},
				"west": {"uv": [4, 9, 5, 13], "texture": "#texture"},
				"up": {"uv": [4, 9, 5, 10], "texture": "#texture"},
				"down": {"uv": [4, 12, 5, 13], "texture": "#texture"}
			}
		},
		{
			"from": [4, 2, 11],
			"to": [5, 6, 12],
			"rotation": {"angle": 0, "axis": "y", "origin": [8, 0, 7]},
			"faces": {
				"north": {"uv": [4, 9, 5, 13], "texture": "#texture"},
				"east": {"uv": [4, 9, 5, 13], "texture": "#texture"},
				"south": {"uv": [4, 9, 5, 13], "texture": "#texture"},
				"west": {"uv": [4, 9, 5, 13], "texture": "#texture"},
				"up": {"uv": [4, 9, 5, 10], "texture": "#texture"},
				"down": {"uv": [4, 12, 5, 13], "texture": "#texture"}
			}
		},
		{
			"from": [4, 2, 3],
			"to": [5, 6, 4],
			"rotation": {"angle": 0, "axis": "y", "origin": [8, 0, 7]},
			"faces": {
				"north": {"uv": [12, 9, 13, 13], "texture": "#texture"},
				"east": {"uv": [12, 9, 13, 13], "texture": "#texture"},
				"south": {"uv": [12, 9, 13, 13], "texture": "#texture"},
				"west": {"uv": [12, 9, 13, 13], "texture": "#texture"},
				"up": {"uv": [12, 9, 13, 10], "texture": "#texture"},
				"down": {"uv": [12, 12, 13, 13], "texture": "#texture"}
			}
		},
		{
			"from": [12, 2, 11],
			"to": [13, 6, 12],
			"rotation": {"angle": 0, "axis": "y", "origin": [8, 0, 7]},
			"faces": {
				"north": {"uv": [12, 9, 13, 13], "texture": "#texture"},
				"east": {"uv": [12, 9, 13, 13], "texture": "#texture"},
				"south": {"uv": [12, 9, 13, 13], "texture": "#texture"},
				"west": {"uv": [12, 9, 13, 13], "texture": "#texture"},
				"up": {"uv": [12, 9, 13, 10], "texture": "#texture"},
				"down": {"uv": [12, 12, 13, 13], "texture": "#texture"}
			}
		},
		{
			"from": [11, 6, 4],
			"to": [12, 7, 5],
			"rotation": {"angle": 0, "axis": "y", "origin": [8, 0, 7]},
			"faces": {
				"north": {"uv": [5, 8, 6, 9], "texture": "#texture"},
				"east": {"uv": [5, 8, 6, 9], "texture": "#texture"},
				"south": {"uv": [5, 8, 6, 9], "texture": "#texture"},
				"west": {"uv": [5, 8, 6, 9], "texture": "#texture"},
				"up": {"uv": [5, 8, 6, 9], "texture": "#texture"},
				"down": {"uv": [5, 8, 6, 9], "texture": "#texture"}
			}
		},
		{
			"from": [5, 6, 4],
			"to": [6, 7, 5],
			"rotation": {"angle": 0, "axis": "y", "origin": [8, 0, 7]},
			"faces": {
				"north": {"uv": [11, 8, 12, 9], "texture": "#texture"},
				"east": {"uv": [11, 8, 12, 9], "texture": "#texture"},
				"south": {"uv": [11, 8, 12, 9], "texture": "#texture"},
				"west": {"uv": [11, 8, 12, 9], "texture": "#texture"},
				"up": {"uv": [11, 8, 12, 9], "texture": "#texture"},
				"down": {"uv": [11, 8, 12, 9], "texture": "#texture"}
			}
		},
		{
			"from": [11, 6, 10],
			"to": [12, 7, 11],
			"rotation": {"angle": 0, "axis": "y", "origin": [8, 0, 7]},
			"faces": {
				"north": {"uv": [11, 13, 12, 14], "texture": "#texture"},
				"east": {"uv": [11, 13, 12, 14], "texture": "#texture"},
				"south": {"uv": [11, 13, 12, 14], "texture": "#texture"},
				"west": {"uv": [11, 13, 12, 14], "texture": "#texture"},
				"up": {"uv": [11, 13, 12, 14], "texture": "#texture"},
				"down": {"uv": [11, 13, 12, 14], "texture": "#texture"}
			}
		},
		{
			"from": [10, 7, 9],
			"to": [11, 8, 10],
			"rotation": {"angle": 0, "axis": "y", "origin": [8, 0, 7]},
			"faces": {
				"north": {"uv": [11, 13, 12, 14], "texture": "#texture"},
				"east": {"uv": [11, 13, 12, 14], "texture": "#texture"},
				"south": {"uv": [11, 13, 12, 14], "texture": "#texture"},
				"west": {"uv": [11, 13, 12, 14], "texture": "#texture"},
				"up": {"uv": [11, 13, 12, 14], "texture": "#texture"},
				"down": {"uv": [11, 13, 12, 14], "texture": "#texture"}
			}
		},
		{
			"from": [10, 7, 5],
			"to": [11, 8, 6],
			"rotation": {"angle": 0, "axis": "y", "origin": [8, 0, 7]},
			"faces": {
				"north": {"uv": [6, 7, 7, 8], "texture": "#texture"},
				"east": {"uv": [6, 7, 7, 8], "texture": "#texture"},
				"south": {"uv": [6, 7, 7, 8], "texture": "#texture"},
				"west": {"uv": [6, 7, 7, 8], "texture": "#texture"},
				"up": {"uv": [6, 7, 7, 8], "texture": "#texture"},
				"down": {"uv": [6, 7, 7, 8], "texture": "#texture"}
			}
		},
		{
			"from": [9, 6, 4],
			"to": [10, 7, 5],
			"rotation": {"angle": 0, "axis": "y", "origin": [8, 0, 7]},
			"faces": {
				"north": {"uv": [7, 8, 8, 9], "texture": "#texture"},
				"east": {"uv": [7, 8, 8, 9], "texture": "#texture"},
				"south": {"uv": [7, 8, 8, 9], "texture": "#texture"},
				"west": {"uv": [7, 8, 8, 9], "texture": "#texture"},
				"up": {"uv": [7, 8, 8, 9], "texture": "#texture"},
				"down": {"uv": [7, 8, 8, 9], "texture": "#texture"}
			}
		},
		{
			"from": [6, 7, 5],
			"to": [7, 8, 6],
			"rotation": {"angle": 0, "axis": "y", "origin": [8, 0, 7]},
			"faces": {
				"north": {"uv": [10, 7, 11, 8], "texture": "#texture"},
				"east": {"uv": [10, 7, 11, 8], "texture": "#texture"},
				"south": {"uv": [10, 7, 11, 8], "texture": "#texture"},
				"west": {"uv": [10, 7, 11, 8], "texture": "#texture"},
				"up": {"uv": [10, 7, 11, 8], "texture": "#texture"},
				"down": {"uv": [10, 7, 11, 8], "texture": "#texture"}
			}
		},
		{
			"from": [5, 6, 10],
			"to": [6, 7, 11],
			"rotation": {"angle": 0, "axis": "y", "origin": [8, 0, 7]},
			"faces": {
				"north": {"uv": [5, 8, 6, 9], "texture": "#texture"},
				"east": {"uv": [5, 8, 6, 9], "texture": "#texture"},
				"south": {"uv": [5, 8, 6, 9], "texture": "#texture"},
				"west": {"uv": [5, 8, 6, 9], "texture": "#texture"},
				"up": {"uv": [5, 8, 6, 9], "texture": "#texture"},
				"down": {"uv": [5, 8, 6, 9], "texture": "#texture"}
			}
		},
		{
			"from": [6, 7, 9],
			"to": [7, 8, 10],
			"rotation": {"angle": 0, "axis": "y", "origin": [8, 0, 7]},
			"faces": {
				"north": {"uv": [6, 7, 7, 8], "texture": "#texture"},
				"east": {"uv": [6, 7, 7, 8], "texture": "#texture"},
				"south": {"uv": [6, 7, 7, 8], "texture": "#texture"},
				"west": {"uv": [6, 7, 7, 8], "texture": "#texture"},
				"up": {"uv": [6, 7, 7, 8], "texture": "#texture"},
				"down": {"uv": [6, 7, 7, 8], "texture": "#texture"}
			}
		},
		{
			"from": [9, 8, 8],
			"to": [10, 10, 9],
			"rotation": {"angle": 0, "axis": "y", "origin": [8, 0, 7]},
			"faces": {
				"north": {"uv": [7, 5, 8, 7], "texture": "#texture"},
				"east": {"uv": [7, 5, 8, 7], "texture": "#texture"},
				"south": {"uv": [7, 5, 8, 7], "texture": "#texture"},
				"west": {"uv": [7, 5, 8, 7], "texture": "#texture"},
				"up": {"uv": [7, 5, 8, 6], "texture": "#texture"},
				"down": {"uv": [7, 6, 8, 7], "texture": "#texture"}
			}
		},
		{
			"from": [9, 8, 6],
			"to": [10, 10, 7],
			"rotation": {"angle": 0, "axis": "y", "origin": [8, 0, 7]},
			"faces": {
				"north": {"uv": [7, 5, 8, 7], "texture": "#texture"},
				"east": {"uv": [7, 5, 8, 7], "texture": "#texture"},
				"south": {"uv": [7, 5, 8, 7], "texture": "#texture"},
				"west": {"uv": [7, 5, 8, 7], "texture": "#texture"},
				"up": {"uv": [7, 5, 8, 6], "texture": "#texture"},
				"down": {"uv": [7, 6, 8, 7], "texture": "#texture"}
			}
		},
		{
			"from": [10, 4, 3],
			"to": [11, 6, 4],
			"rotation": {"angle": 0, "axis": "y", "origin": [8, 0, 7]},
			"faces": {
				"north": {"uv": [6, 9, 7, 11], "texture": "#texture"},
				"east": {"uv": [6, 9, 7, 11], "texture": "#texture"},
				"south": {"uv": [6, 9, 7, 11], "texture": "#texture"},
				"west": {"uv": [6, 9, 7, 11], "texture": "#texture"},
				"up": {"uv": [6, 9, 7, 10], "texture": "#texture"},
				"down": {"uv": [6, 10, 7, 11], "texture": "#texture"}
			}
		},
		{
			"from": [6, 2, 3],
			"to": [7, 4, 4],
			"rotation": {"angle": 0, "axis": "y", "origin": [8, 0, 7]},
			"faces": {
				"north": {"uv": [6, 9, 7, 11], "texture": "#texture"},
				"east": {"uv": [6, 9, 7, 11], "texture": "#texture"},
				"south": {"uv": [6, 9, 7, 11], "texture": "#texture"},
				"west": {"uv": [6, 9, 7, 11], "texture": "#texture"},
				"up": {"uv": [6, 9, 7, 10], "texture": "#texture"},
				"down": {"uv": [6, 10, 7, 11], "texture": "#texture"}
			}
		},
		{
			"from": [7, 1, 4],
			"to": [8, 2, 5],
			"rotation": {"angle": 0, "axis": "y", "origin": [8, 0, 7]},
			"faces": {
				"north": {"uv": [7, 8, 8, 9], "texture": "#texture"},
				"east": {"uv": [7, 8, 8, 9], "texture": "#texture"},
				"south": {"uv": [7, 8, 8, 9], "texture": "#texture"},
				"west": {"uv": [7, 8, 8, 9], "texture": "#texture"},
				"up": {"uv": [7, 8, 8, 9], "texture": "#texture"},
				"down": {"uv": [7, 8, 8, 9], "texture": "#texture"}
			}
		},
		{
			"from": [12, 4, 5],
			"to": [13, 6, 6],
			"rotation": {"angle": 0, "axis": "y", "origin": [8, 0, 7]},
			"faces": {
				"north": {"uv": [6, 9, 7, 11], "texture": "#texture"},
				"east": {"uv": [6, 9, 7, 11], "texture": "#texture"},
				"south": {"uv": [6, 9, 7, 11], "texture": "#texture"},
				"west": {"uv": [6, 9, 7, 11], "texture": "#texture"},
				"up": {"uv": [6, 9, 7, 10], "texture": "#texture"},
				"down": {"uv": [6, 10, 7, 11], "texture": "#texture"}
			}
		},
		{
			"from": [11, 6, 6],
			"to": [12, 7, 7],
			"rotation": {"angle": 0, "axis": "y", "origin": [8, 0, 7]},
			"faces": {
				"north": {"uv": [7, 8, 8, 9], "texture": "#texture"},
				"east": {"uv": [7, 8, 8, 9], "texture": "#texture"},
				"south": {"uv": [7, 8, 8, 9], "texture": "#texture"},
				"west": {"uv": [7, 8, 8, 9], "texture": "#texture"},
				"up": {"uv": [7, 8, 8, 9], "texture": "#texture"},
				"down": {"uv": [7, 8, 8, 9], "texture": "#texture"}
			}
		},
		{
			"from": [7, 6, 10],
			"to": [8, 7, 11],
			"rotation": {"angle": 0, "axis": "y", "origin": [8, 0, 7]},
			"faces": {
				"north": {"uv": [7, 8, 8, 9], "texture": "#texture"},
				"east": {"uv": [7, 8, 8, 9], "texture": "#texture"},
				"south": {"uv": [7, 8, 8, 9], "texture": "#texture"},
				"west": {"uv": [7, 8, 8, 9], "texture": "#texture"},
				"up": {"uv": [7, 8, 8, 9], "texture": "#texture"},
				"down": {"uv": [7, 8, 8, 9], "texture": "#texture"}
			}
		},
		{
			"from": [6, 4, 11],
			"to": [7, 6, 12],
			"rotation": {"angle": 0, "axis": "y", "origin": [8, 0, 7]},
			"faces": {
				"north": {"uv": [6, 9, 7, 11], "texture": "#texture"},
				"east": {"uv": [6, 9, 7, 11], "texture": "#texture"},
				"south": {"uv": [6, 9, 7, 11], "texture": "#texture"},
				"west": {"uv": [6, 9, 7, 11], "texture": "#texture"},
				"up": {"uv": [6, 9, 7, 10], "texture": "#texture"},
				"down": {"uv": [6, 10, 7, 11], "texture": "#texture"}
			}
		},
		{
			"from": [4, 4, 9],
			"to": [5, 6, 10],
			"rotation": {"angle": 0, "axis": "y", "origin": [8, 0, 7]},
			"faces": {
				"north": {"uv": [6, 9, 7, 11], "texture": "#texture"},
				"east": {"uv": [6, 9, 7, 11], "texture": "#texture"},
				"south": {"uv": [6, 9, 7, 11], "texture": "#texture"},
				"west": {"uv": [6, 9, 7, 11], "texture": "#texture"},
				"up": {"uv": [6, 9, 7, 10], "texture": "#texture"},
				"down": {"uv": [6, 10, 7, 11], "texture": "#texture"}
			}
		},
		{
			"from": [5, 6, 8],
			"to": [6, 7, 9],
			"rotation": {"angle": 0, "axis": "y", "origin": [8, 0, 7]},
			"faces": {
				"north": {"uv": [7, 8, 8, 9], "texture": "#texture"},
				"east": {"uv": [7, 8, 8, 9], "texture": "#texture"},
				"south": {"uv": [7, 8, 8, 9], "texture": "#texture"},
				"west": {"uv": [7, 8, 8, 9], "texture": "#texture"},
				"up": {"uv": [7, 8, 8, 9], "texture": "#texture"},
				"down": {"uv": [7, 8, 8, 9], "texture": "#texture"}
			}
		},
		{
			"from": [4, 2, 5],
			"to": [5, 4, 6],
			"rotation": {"angle": 0, "axis": "y", "origin": [8, 0, 7]},
			"faces": {
				"north": {"uv": [6, 9, 7, 11], "texture": "#texture"},
				"east": {"uv": [6, 9, 7, 11], "texture": "#texture"},
				"south": {"uv": [6, 9, 7, 11], "texture": "#texture"},
				"west": {"uv": [6, 9, 7, 11], "texture": "#texture"},
				"up": {"uv": [6, 9, 7, 10], "texture": "#texture"},
				"down": {"uv": [6, 10, 7, 11], "texture": "#texture"}
			}
		},
		{
			"from": [5, 1, 6],
			"to": [6, 2, 7],
			"rotation": {"angle": 0, "axis": "y", "origin": [8, 0, 7]},
			"faces": {
				"north": {"uv": [7, 8, 8, 9], "texture": "#texture"},
				"east": {"uv": [7, 8, 8, 9], "texture": "#texture"},
				"south": {"uv": [7, 8, 8, 9], "texture": "#texture"},
				"west": {"uv": [7, 8, 8, 9], "texture": "#texture"},
				"up": {"uv": [7, 8, 8, 9], "texture": "#texture"},
				"down": {"uv": [7, 8, 8, 9], "texture": "#texture"}
			}
		},
		{
			"from": [10, 2, 11],
			"to": [11, 4, 12],
			"rotation": {"angle": 0, "axis": "y", "origin": [8, 0, 7]},
			"faces": {
				"north": {"uv": [6, 9, 7, 11], "texture": "#texture"},
				"east": {"uv": [6, 9, 7, 11], "texture": "#texture"},
				"south": {"uv": [6, 9, 7, 11], "texture": "#texture"},
				"west": {"uv": [6, 9, 7, 11], "texture": "#texture"},
				"up": {"uv": [6, 9, 7, 10], "rotation": 180, "texture": "#texture"},
				"down": {"uv": [6, 10, 7, 11], "rotation": 180, "texture": "#texture"}
			}
		},
		{
			"from": [9, 1, 10],
			"to": [10, 2, 11],
			"rotation": {"angle": 0, "axis": "y", "origin": [8, 0, 7]},
			"faces": {
				"north": {"uv": [7, 8, 8, 9], "texture": "#texture"},
				"east": {"uv": [7, 8, 8, 9], "texture": "#texture"},
				"south": {"uv": [7, 8, 8, 9], "texture": "#texture"},
				"west": {"uv": [7, 8, 8, 9], "texture": "#texture"},
				"up": {"uv": [7, 8, 8, 9], "rotation": 180, "texture": "#texture"},
				"down": {"uv": [7, 8, 8, 9], "rotation": 180, "texture": "#texture"}
			}
		},
		{
			"from": [12, 2, 9],
			"to": [13, 4, 10],
			"rotation": {"angle": 0, "axis": "y", "origin": [8, 0, 7]},
			"faces": {
				"north": {"uv": [6, 9, 7, 11], "texture": "#texture"},
				"east": {"uv": [6, 9, 7, 11], "texture": "#texture"},
				"south": {"uv": [6, 9, 7, 11], "texture": "#texture"},
				"west": {"uv": [6, 9, 7, 11], "texture": "#texture"},
				"up": {"uv": [6, 9, 7, 10], "rotation": 180, "texture": "#texture"},
				"down": {"uv": [6, 10, 7, 11], "rotation": 180, "texture": "#texture"}
			}
		},
		{
			"from": [11, 1, 8],
			"to": [12, 2, 9],
			"rotation": {"angle": 0, "axis": "y", "origin": [8, 0, 7]},
			"faces": {
				"north": {"uv": [7, 8, 8, 9], "texture": "#texture"},
				"east": {"uv": [7, 8, 8, 9], "texture": "#texture"},
				"south": {"uv": [7, 8, 8, 9], "texture": "#texture"},
				"west": {"uv": [7, 8, 8, 9], "texture": "#texture"},
				"up": {"uv": [7, 8, 8, 9], "rotation": 180, "texture": "#texture"},
				"down": {"uv": [7, 8, 8, 9], "rotation": 180, "texture": "#texture"}
			}
		},
		{
			"from": [7, 8, 6],
			"to": [8, 10, 7],
			"rotation": {"angle": 0, "axis": "y", "origin": [8, 0, 7]},
			"faces": {
				"north": {"uv": [9, 5, 10, 7], "texture": "#texture"},
				"east": {"uv": [9, 5, 10, 7], "texture": "#texture"},
				"south": {"uv": [9, 5, 10, 7], "texture": "#texture"},
				"west": {"uv": [9, 5, 10, 7], "texture": "#texture"},
				"up": {"uv": [9, 5, 10, 6], "texture": "#texture"},
				"down": {"uv": [9, 6, 10, 7], "texture": "#texture"}
			}
		},
		{
			"from": [7, 8, 8],
			"to": [8, 10, 9],
			"rotation": {"angle": 0, "axis": "y", "origin": [8, 0, 7]},
			"faces": {
				"north": {"uv": [9, 5, 10, 7], "texture": "#texture"},
				"east": {"uv": [9, 5, 10, 7], "texture": "#texture"},
				"south": {"uv": [9, 5, 10, 7], "texture": "#texture"},
				"west": {"uv": [9, 5, 10, 7], "texture": "#texture"},
				"up": {"uv": [9, 5, 10, 6], "texture": "#texture"},
				"down": {"uv": [9, 6, 10, 7], "texture": "#texture"}
			}
		},
		{
			"from": [7, 10, 6],
			"to": [8, 11, 9],
			"rotation": {"angle": 0, "axis": "y", "origin": [8, 0, 7]},
			"faces": {
				"north": {"uv": [9, 4, 10, 5], "texture": "#texture"},
				"east": {"uv": [7, 4, 10, 5], "texture": "#texture"},
				"south": {"uv": [7, 4, 8, 5], "texture": "#texture"},
				"west": {"uv": [10, 4, 7, 5], "texture": "#texture"},
				"up": {"uv": [10, 4, 7, 5], "rotation": 90, "texture": "#texture"},
				"down": {"uv": [7, 4, 10, 5], "rotation": 90, "texture": "#texture"}
			}
		},
		{
			"from": [8, 10, 6],
			"to": [9, 11, 9],
			"rotation": {"angle": 0, "axis": "y", "origin": [8, 0, 7]},
			"faces": {
				"north": {"uv": [9, 4, 10, 5], "texture": "#texture"},
				"east": {"uv": [7, 4, 10, 5], "texture": "#texture"},
				"south": {"uv": [7, 4, 8, 5], "texture": "#texture"},
				"west": {"uv": [10, 4, 7, 5], "texture": "#texture"},
				"up": {"uv": [10, 4, 7, 5], "rotation": 90, "texture": "#texture"},
				"down": {"uv": [7, 4, 10, 5], "rotation": 90, "texture": "#texture"}
			}
		},
		{
			"from": [9, 10, 6],
			"to": [10, 11, 9],
			"rotation": {"angle": 0, "axis": "y", "origin": [8, 0, 7]},
			"faces": {
				"north": {"uv": [9, 4, 10, 5], "texture": "#texture"},
				"east": {"uv": [7, 4, 10, 5], "texture": "#texture"},
				"south": {"uv": [7, 4, 8, 5], "texture": "#texture"},
				"west": {"uv": [10, 4, 7, 5], "texture": "#texture"},
				"up": {"uv": [10, 4, 7, 5], "rotation": 90, "texture": "#texture"},
				"down": {"uv": [7, 4, 10, 5], "rotation": 90, "texture": "#texture"}
			}
		},
		{
			"from": [9, 11, 6],
			"to": [10, 12, 9],
			"rotation": {"angle": 0, "axis": "y", "origin": [8, 0, 7]},
			"faces": {
				"north": {"uv": [7, 4, 8, 5], "texture": "#texture"},
				"east": {"uv": [10, 4, 7, 5], "texture": "#texture"},
				"south": {"uv": [9, 4, 10, 5], "texture": "#texture"},
				"west": {"uv": [7, 4, 10, 5], "texture": "#texture"},
				"up": {"uv": [10, 4, 7, 5], "rotation": 270, "texture": "#texture"},
				"down": {"uv": [7, 4, 10, 5], "rotation": 270, "texture": "#texture"}
			}
		},
		{
			"from": [8, 11, 6],
			"to": [9, 12, 9],
			"rotation": {"angle": 0, "axis": "y", "origin": [8, 0, 7]},
			"faces": {
				"north": {"uv": [7, 4, 8, 5], "texture": "#texture"},
				"east": {"uv": [10, 4, 7, 5], "texture": "#texture"},
				"south": {"uv": [9, 4, 10, 5], "texture": "#texture"},
				"west": {"uv": [7, 4, 10, 5], "texture": "#texture"},
				"up": {"uv": [10, 4, 7, 5], "rotation": 270, "texture": "#texture"},
				"down": {"uv": [7, 4, 10, 5], "rotation": 270, "texture": "#texture"}
			}
		},
		{
			"from": [7, 11, 6],
			"to": [8, 12, 9],
			"rotation": {"angle": 0, "axis": "y", "origin": [8, 0, 7]},
			"faces": {
				"north": {"uv": [7, 4, 8, 5], "texture": "#texture"},
				"east": {"uv": [10, 4, 7, 5], "texture": "#texture"},
				"south": {"uv": [9, 4, 10, 5], "texture": "#texture"},
				"west": {"uv": [7, 4, 10, 5], "texture": "#texture"},
				"up": {"uv": [10, 4, 7, 5], "rotation": 270, "texture": "#texture"},
				"down": {"uv": [7, 4, 10, 5], "rotation": 270, "texture": "#texture"}
			}
		},
		{
			"from": [7, 12, 6],
			"to": [8, 13, 9],
			"rotation": {"angle": 0, "axis": "y", "origin": [8, 0, 7]},
			"faces": {
				"north": {"uv": [9, 2, 10, 3], "texture": "#texture"},
				"east": {"uv": [7, 2, 10, 3], "texture": "#texture"},
				"south": {"uv": [7, 2, 8, 3], "texture": "#texture"},
				"west": {"uv": [10, 2, 7, 3], "texture": "#texture"},
				"up": {"uv": [10, 2, 7, 3], "rotation": 90, "texture": "#texture"},
				"down": {"uv": [7, 2, 10, 3], "rotation": 90, "texture": "#texture"}
			}
		},
		{
			"from": [8, 12, 6],
			"to": [9, 13, 9],
			"rotation": {"angle": 0, "axis": "y", "origin": [8, 0, 7]},
			"faces": {
				"north": {"uv": [9, 2, 10, 3], "texture": "#texture"},
				"east": {"uv": [7, 2, 10, 3], "texture": "#texture"},
				"south": {"uv": [7, 2, 8, 3], "texture": "#texture"},
				"west": {"uv": [10, 2, 7, 3], "texture": "#texture"},
				"up": {"uv": [10, 2, 7, 3], "rotation": 90, "texture": "#texture"},
				"down": {"uv": [7, 2, 10, 3], "rotation": 90, "texture": "#texture"}
			}
		},
		{
			"from": [9, 12, 6],
			"to": [10, 13, 9],
			"rotation": {"angle": 0, "axis": "y", "origin": [8, 0, 7]},
			"faces": {
				"north": {"uv": [9, 2, 10, 3], "texture": "#texture"},
				"east": {"uv": [7, 2, 10, 3], "texture": "#texture"},
				"south": {"uv": [7, 2, 8, 3], "texture": "#texture"},
				"west": {"uv": [10, 2, 7, 3], "texture": "#texture"},
				"up": {"uv": [10, 2, 7, 3], "rotation": 90, "texture": "#texture"},
				"down": {"uv": [7, 2, 10, 3], "rotation": 90, "texture": "#texture"}
			}
		},
		{
			"from": [10, 10, 8],
			"to": [11, 12, 9],
			"rotation": {"angle": 0, "axis": "y", "origin": [8, 0, 7]},
			"faces": {
				"north": {"uv": [6, 3, 7, 5], "texture": "#texture"},
				"east": {"uv": [6, 3, 7, 5], "texture": "#texture"},
				"south": {"uv": [6, 3, 7, 5], "texture": "#texture"},
				"west": {"uv": [6, 3, 7, 5], "texture": "#texture"},
				"up": {"uv": [6, 3, 7, 4], "texture": "#texture"},
				"down": {"uv": [6, 4, 7, 5], "texture": "#texture"}
			}
		},
		{
			"from": [10, 10, 7],
			"to": [11, 12, 8],
			"rotation": {"angle": 0, "axis": "y", "origin": [8, 0, 7]},
			"faces": {
				"north": {"uv": [6, 3, 7, 5], "texture": "#texture"},
				"east": {"uv": [6, 3, 7, 5], "texture": "#texture"},
				"south": {"uv": [6, 3, 7, 5], "texture": "#texture"},
				"west": {"uv": [6, 3, 7, 5], "texture": "#texture"},
				"up": {"uv": [6, 3, 7, 4], "texture": "#texture"},
				"down": {"uv": [6, 4, 7, 5], "texture": "#texture"}
			}
		},
		{
			"from": [10, 10, 6],
			"to": [11, 12, 7],
			"rotation": {"angle": 0, "axis": "y", "origin": [8, 0, 7]},
			"faces": {
				"north": {"uv": [6, 3, 7, 5], "texture": "#texture"},
				"east": {"uv": [6, 3, 7, 5], "texture": "#texture"},
				"south": {"uv": [6, 3, 7, 5], "texture": "#texture"},
				"west": {"uv": [6, 3, 7, 5], "texture": "#texture"},
				"up": {"uv": [6, 3, 7, 4], "texture": "#texture"},
				"down": {"uv": [6, 4, 7, 5], "texture": "#texture"}
			}
		},
		{
			"from": [9, 10, 5],
			"to": [10, 12, 6],
			"rotation": {"angle": 0, "axis": "y", "origin": [8, 0, 7]},
			"faces": {
				"north": {"uv": [6, 3, 7, 5], "texture": "#texture"},
				"east": {"uv": [6, 3, 7, 5], "texture": "#texture"},
				"south": {"uv": [6, 3, 7, 5], "texture": "#texture"},
				"west": {"uv": [6, 3, 7, 5], "texture": "#texture"},
				"up": {"uv": [6, 3, 7, 4], "texture": "#texture"},
				"down": {"uv": [6, 4, 7, 5], "texture": "#texture"}
			}
		},
		{
			"from": [8, 10, 5],
			"to": [9, 12, 6],
			"rotation": {"angle": 0, "axis": "y", "origin": [8, 0, 7]},
			"faces": {
				"north": {"uv": [6, 3, 7, 5], "texture": "#texture"},
				"east": {"uv": [6, 3, 7, 5], "texture": "#texture"},
				"south": {"uv": [6, 3, 7, 5], "texture": "#texture"},
				"west": {"uv": [6, 3, 7, 5], "texture": "#texture"},
				"up": {"uv": [6, 3, 7, 4], "texture": "#texture"},
				"down": {"uv": [6, 4, 7, 5], "texture": "#texture"}
			}
		},
		{
			"from": [9, 10, 9],
			"to": [10, 12, 10],
			"rotation": {"angle": 0, "axis": "y", "origin": [8, 0, 7]},
			"faces": {
				"north": {"uv": [6, 3, 7, 5], "texture": "#texture"},
				"east": {"uv": [6, 3, 7, 5], "texture": "#texture"},
				"south": {"uv": [6, 3, 7, 5], "texture": "#texture"},
				"west": {"uv": [6, 3, 7, 5], "texture": "#texture"},
				"up": {"uv": [6, 3, 7, 4], "texture": "#texture"},
				"down": {"uv": [6, 4, 7, 5], "texture": "#texture"}
			}
		},
		{
			"from": [7, 10, 5],
			"to": [8, 12, 6],
			"rotation": {"angle": 0, "axis": "y", "origin": [8, 0, 7]},
			"faces": {
				"north": {"uv": [10, 3, 11, 5], "texture": "#texture"},
				"east": {"uv": [10, 3, 11, 5], "texture": "#texture"},
				"south": {"uv": [10, 3, 11, 5], "texture": "#texture"},
				"west": {"uv": [10, 3, 11, 5], "texture": "#texture"},
				"up": {"uv": [10, 3, 11, 4], "rotation": 180, "texture": "#texture"},
				"down": {"uv": [10, 4, 11, 5], "rotation": 180, "texture": "#texture"}
			}
		},
		{
			"from": [6, 10, 6],
			"to": [7, 12, 7],
			"rotation": {"angle": 0, "axis": "y", "origin": [8, 0, 7]},
			"faces": {
				"north": {"uv": [10, 3, 11, 5], "texture": "#texture"},
				"east": {"uv": [10, 3, 11, 5], "texture": "#texture"},
				"south": {"uv": [10, 3, 11, 5], "texture": "#texture"},
				"west": {"uv": [10, 3, 11, 5], "texture": "#texture"},
				"up": {"uv": [10, 3, 11, 4], "rotation": 180, "texture": "#texture"},
				"down": {"uv": [10, 4, 11, 5], "rotation": 180, "texture": "#texture"}
			}
		},
		{
			"from": [6, 10, 7],
			"to": [7, 12, 8],
			"rotation": {"angle": 0, "axis": "y", "origin": [8, 0, 7]},
			"faces": {
				"north": {"uv": [10, 3, 11, 5], "texture": "#texture"},
				"east": {"uv": [10, 3, 11, 5], "texture": "#texture"},
				"south": {"uv": [10, 3, 11, 5], "texture": "#texture"},
				"west": {"uv": [10, 3, 11, 5], "texture": "#texture"},
				"up": {"uv": [10, 3, 11, 4], "rotation": 180, "texture": "#texture"},
				"down": {"uv": [10, 4, 11, 5], "rotation": 180, "texture": "#texture"}
			}
		},
		{
			"from": [6, 10, 8],
			"to": [7, 12, 9],
			"rotation": {"angle": 0, "axis": "y", "origin": [8, 0, 7]},
			"faces": {
				"north": {"uv": [10, 3, 11, 5], "texture": "#texture"},
				"east": {"uv": [10, 3, 11, 5], "texture": "#texture"},
				"south": {"uv": [10, 3, 11, 5], "texture": "#texture"},
				"west": {"uv": [10, 3, 11, 5], "texture": "#texture"},
				"up": {"uv": [10, 3, 11, 4], "rotation": 180, "texture": "#texture"},
				"down": {"uv": [10, 4, 11, 5], "rotation": 180, "texture": "#texture"}
			}
		},
		{
			"from": [7, 10, 9],
			"to": [8, 12, 10],
			"rotation": {"angle": 0, "axis": "y", "origin": [8, 0, 7]},
			"faces": {
				"north": {"uv": [10, 3, 11, 5], "texture": "#texture"},
				"east": {"uv": [10, 3, 11, 5], "texture": "#texture"},
				"south": {"uv": [10, 3, 11, 5], "texture": "#texture"},
				"west": {"uv": [10, 3, 11, 5], "texture": "#texture"},
				"up": {"uv": [10, 3, 11, 4], "rotation": 180, "texture": "#texture"},
				"down": {"uv": [10, 4, 11, 5], "rotation": 180, "texture": "#texture"}
			}
		},
		{
			"from": [8, 10, 9],
			"to": [9, 12, 10],
			"rotation": {"angle": 0, "axis": "y", "origin": [8, 0, 7]},
			"faces": {
				"north": {"uv": [10, 3, 11, 5], "texture": "#texture"},
				"east": {"uv": [10, 3, 11, 5], "texture": "#texture"},
				"south": {"uv": [10, 3, 11, 5], "texture": "#texture"},
				"west": {"uv": [10, 3, 11, 5], "texture": "#texture"},
				"up": {"uv": [10, 3, 11, 4], "rotation": 180, "texture": "#texture"},
				"down": {"uv": [10, 4, 11, 5], "rotation": 180, "texture": "#texture"}
			}
		}
	],
	"display": {
		"thirdperson_righthand": {
			"rotation": [40, 0, 0],
			"translation": [0, -0.25, -0.75],
			"scale": [0.55, 0.55, 0.55]
		},
		"thirdperson_lefthand": {
			"rotation": [40, 0, 0],
			"translation": [0, -0.25, -0.75],
			"scale": [0.55, 0.55, 0.55]
		},
		"firstperson_righthand": {
			"rotation": [0, -90, 25],
			"translation": [1.13, 3.2, 1.13],
			"scale": [0.68, 0.68, 0.68]
		},
		"firstperson_lefthand": {
			"rotation": [0, -90, 25],
			"translation": [1.13, 3.2, 1.13],
			"scale": [0.68, 0.68, 0.68]
		},
		"ground": {
			"translation": [0, 2, 0],
			"scale": [0.5, 0.5, 0.5]
		},
		"gui": {
			"rotation": [30, 225, 0],
			"scale": [0.625, 0.625, 0.625]
		},
		"head": {
			"rotation": [0, 180, 0],
			"translation": [0, 14.5, -0.75]
		},
		"fixed": {
			"rotation": [0, 180, 0],
			"translation": [0, 0, -0.5]
		}
	},
	"groups": [
		{
			"name": "Glass_bottle",
			"origin": [8, 0, 7],
			"color": 0,
			"children": [0, 1, 2, 3, 4, 5, 6, 7, 8, 9, 10, 11, 12, 13, 14, 15, 16, 17, 18, 19, 20, 21, 22, 23, 24, 25, 26, 27, 28, 29, 30, 31, 32, 33, 34, 35, 36, 37, 38, 39, 40, 41, 42, 43, 44, 45, 46, 47, 48, 49, 50, 51, 52, 53, 54, 55, 56, 57, 58, 59, 60, 61, 62, 63]
		}
	]
}