{
	"credit": "Made with Blockbench",
	"textures": {
		"particle": "mcremake:block/chain",
		"texture": "mcremake:block/chain"
	},
	"elements": [
		{
			"from": [6.5, 3, 7.5],
			"to": [7.5, 4, 8.5],
			"rotation": {"angle": -45, "axis": "y", "origin": [8, 0, 8]},
			"faces": {
				"north": {"uv": [5, 12, 6, 13], "texture": "#texture"},
				"east": {"uv": [5, 12, 6, 13], "texture": "#texture"},
				"south": {"uv": [5, 12, 6, 13], "texture": "#texture"},
				"west": {"uv": [5, 12, 6, 13], "texture": "#texture"},
				"up": {"uv": [5, 12, 6, 13], "texture": "#texture"},
				"down": {"uv": [5, 12, 6, 13], "texture": "#texture"}
			}
		},
		{
			"from": [6.5, 4, 7.5],
			"to": [7.5, 5, 8.5],
			"rotation": {"angle": -45, "axis": "y", "origin": [8, 0, 8]},
			"faces": {
				"north": {"uv": [5, 11, 6, 12], "texture": "#texture"},
				"east": {"uv": [5, 11, 6, 12], "texture": "#texture"},
				"south": {"uv": [5, 11, 6, 12], "texture": "#texture"},
				"west": {"uv": [5, 11, 6, 12], "texture": "#texture"},
				"up": {"uv": [5, 11, 6, 12], "texture": "#texture"},
				"down": {"uv": [5, 11, 6, 12], "texture": "#texture"}
			}
		},
		{
			"from": [7.5, 3, 7.5],
			"to": [8.5, 4, 8.5],
			"rotation": {"angle": -45, "axis": "y", "origin": [8, 0, 8]},
			"faces": {
				"north": {"uv": [4, 12, 5, 13], "texture": "#texture"},
				"east": {"uv": [4, 12, 5, 13], "texture": "#texture"},
				"south": {"uv": [4, 12, 5, 13], "texture": "#texture"},
				"west": {"uv": [4, 12, 5, 13], "texture": "#texture"},
				"up": {"uv": [4, 12, 5, 13], "texture": "#texture"},
				"down": {"uv": [4, 12, 5, 13], "texture": "#texture"}
			}
		},
		{
			"from": [8.5, 4, 7.5],
			"to": [9.5, 5, 8.5],
			"rotation": {"angle": -45, "axis": "y", "origin": [8, 0, 8]},
			"faces": {
				"north": {"uv": [3, 11, 4, 12], "texture": "#texture"},
				"east": {"uv": [3, 11, 4, 12], "texture": "#texture"},
				"south": {"uv": [3, 11, 4, 12], "texture": "#texture"},
				"west": {"uv": [3, 11, 4, 12], "texture": "#texture"},
				"up": {"uv": [3, 11, 4, 12], "texture": "#texture"},
				"down": {"uv": [3, 11, 4, 12], "texture": "#texture"}
			}
		},
		{
			"from": [8.5, 3, 7.5],
			"to": [9.5, 4, 8.5],
			"rotation": {"angle": -45, "axis": "y", "origin": [8, 0, 8]},
			"faces": {
				"north": {"uv": [3, 12, 4, 13], "texture": "#texture"},
				"east": {"uv": [3, 12, 4, 13], "texture": "#texture"},
				"south": {"uv": [3, 12, 4, 13], "texture": "#texture"},
				"west": {"uv": [3, 12, 4, 13], "texture": "#texture"},
				"up": {"uv": [3, 12, 4, 13], "texture": "#texture"},
				"down": {"uv": [3, 12, 4, 13], "texture": "#texture"}
			}
		},
		{
			"from": [8.5, 5, 7.5],
			"to": [9.5, 6, 8.5],
			"rotation": {"angle": -45, "axis": "y", "origin": [8, 0, 8]},
			"faces": {
				"north": {"uv": [3, 10, 4, 11], "texture": "#texture"},
				"east": {"uv": [3, 10, 4, 11], "texture": "#texture"},
				"south": {"uv": [3, 10, 4, 11], "texture": "#texture"},
				"west": {"uv": [3, 10, 4, 11], "texture": "#texture"},
				"up": {"uv": [3, 10, 4, 11], "texture": "#texture"},
				"down": {"uv": [3, 10, 4, 11], "texture": "#texture"}
			}
		},
		{
			"from": [8.5, 6, 7.5],
			"to": [9.5, 7, 8.5],
			"rotation": {"angle": -45, "axis": "y", "origin": [8, 0, 8]},
			"faces": {
				"north": {"uv": [3, 9, 4, 10], "texture": "#texture"},
				"east": {"uv": [3, 9, 4, 10], "texture": "#texture"},
				"south": {"uv": [3, 9, 4, 10], "texture": "#texture"},
				"west": {"uv": [3, 9, 4, 10], "texture": "#texture"},
				"up": {"uv": [3, 9, 4, 10], "texture": "#texture"},
				"down": {"uv": [3, 9, 4, 10], "texture": "#texture"}
			}
		},
		{
			"from": [6.5, 6, 7.5],
			"to": [7.5, 7, 8.5],
			"rotation": {"angle": -45, "axis": "y", "origin": [8, 0, 8]},
			"faces": {
				"north": {"uv": [5, 9, 6, 10], "texture": "#texture"},
				"east": {"uv": [5, 9, 6, 10], "texture": "#texture"},
				"south": {"uv": [5, 9, 6, 10], "texture": "#texture"},
				"west": {"uv": [5, 9, 6, 10], "texture": "#texture"},
				"up": {"uv": [5, 9, 6, 10], "texture": "#texture"},
				"down": {"uv": [5, 9, 6, 10], "texture": "#texture"}
			}
		},
		{
			"from": [7.5, 6, 7.5],
			"to": [8.5, 7, 8.5],
			"rotation": {"angle": -45, "axis": "y", "origin": [8, 0, 8]},
			"faces": {
				"north": {"uv": [4, 9, 5, 10], "texture": "#texture"},
				"east": {"uv": [4, 9, 5, 10], "texture": "#texture"},
				"south": {"uv": [4, 9, 5, 10], "texture": "#texture"},
				"west": {"uv": [4, 9, 5, 10], "texture": "#texture"},
				"up": {"uv": [4, 9, 5, 10], "texture": "#texture"},
				"down": {"uv": [4, 9, 5, 10], "texture": "#texture"}
			}
		},
		{
			"from": [6.5, 5, 7.5],
			"to": [7.5, 6, 8.5],
			"rotation": {"angle": -45, "axis": "y", "origin": [8, 0, 8]},
			"faces": {
				"north": {"uv": [5, 10, 6, 11], "texture": "#texture"},
				"east": {"uv": [5, 10, 6, 11], "texture": "#texture"},
				"south": {"uv": [5, 10, 6, 11], "texture": "#texture"},
				"west": {"uv": [5, 10, 6, 11], "texture": "#texture"},
				"up": {"uv": [5, 10, 6, 11], "texture": "#texture"},
				"down": {"uv": [5, 10, 6, 11], "texture": "#texture"}
			}
		},
		{
			"from": [7.5, 6, 7.5],
			"to": [8.5, 7, 8.5],
			"rotation": {"angle": -45, "axis": "y", "origin": [8, 0, 8]},
			"faces": {
				"north": {"uv": [1, 9, 2, 10], "texture": "#texture"},
				"east": {"uv": [1, 9, 2, 10], "texture": "#texture"},
				"south": {"uv": [1, 9, 2, 10], "texture": "#texture"},
				"west": {"uv": [1, 9, 2, 10], "texture": "#texture"},
				"up": {"uv": [1, 9, 2, 10], "rotation": 90, "texture": "#texture"},
				"down": {"uv": [1, 9, 2, 10], "rotation": 270, "texture": "#texture"}
			}
		},
		{
			"from": [7.5, 6, 8.5],
			"to": [8.5, 7, 9.5],
			"rotation": {"angle": -45, "axis": "y", "origin": [8, 0, 8]},
			"faces": {
				"north": {"uv": [0, 9, 1, 10], "texture": "#texture"},
				"east": {"uv": [0, 9, 1, 10], "texture": "#texture"},
				"south": {"uv": [0, 9, 1, 10], "texture": "#texture"},
				"west": {"uv": [0, 9, 1, 10], "texture": "#texture"},
				"up": {"uv": [0, 9, 1, 10], "rotation": 90, "texture": "#texture"},
				"down": {"uv": [0, 9, 1, 10], "rotation": 270, "texture": "#texture"}
			}
		},
		{
			"from": [7.5, 7, 8.5],
			"to": [8.5, 8, 9.5],
			"rotation": {"angle": -45, "axis": "y", "origin": [8, 0, 8]},
			"faces": {
				"north": {"uv": [0, 8, 1, 9], "texture": "#texture"},
				"east": {"uv": [0, 8, 1, 9], "texture": "#texture"},
				"south": {"uv": [0, 8, 1, 9], "texture": "#texture"},
				"west": {"uv": [0, 8, 1, 9], "texture": "#texture"},
				"up": {"uv": [0, 8, 1, 9], "rotation": 90, "texture": "#texture"},
				"down": {"uv": [0, 8, 1, 9], "rotation": 270, "texture": "#texture"}
			}
		},
		{
			"from": [7.5, 9, 8.5],
			"to": [8.5, 10, 9.5],
			"rotation": {"angle": -45, "axis": "y", "origin": [8, 0, 8]},
			"faces": {
				"north": {"uv": [0, 6, 1, 7], "texture": "#texture"},
				"east": {"uv": [0, 6, 1, 7], "texture": "#texture"},
				"south": {"uv": [0, 6, 1, 7], "texture": "#texture"},
				"west": {"uv": [0, 6, 1, 7], "texture": "#texture"},
				"up": {"uv": [0, 6, 1, 7], "rotation": 90, "texture": "#texture"},
				"down": {"uv": [0, 6, 1, 7], "rotation": 270, "texture": "#texture"}
			}
		},
		{
			"from": [7.5, 8, 8.5],
			"to": [8.5, 9, 9.5],
			"rotation": {"angle": -45, "axis": "y", "origin": [8, 0, 8]},
			"faces": {
				"north": {"uv": [0, 7, 1, 8], "texture": "#texture"},
				"east": {"uv": [0, 7, 1, 8], "texture": "#texture"},
				"south": {"uv": [0, 7, 1, 8], "texture": "#texture"},
				"west": {"uv": [0, 7, 1, 8], "texture": "#texture"},
				"up": {"uv": [0, 7, 1, 8], "rotation": 90, "texture": "#texture"},
				"down": {"uv": [0, 7, 1, 8], "rotation": 270, "texture": "#texture"}
			}
		},
		{
			"from": [7.5, 9, 7.5],
			"to": [8.5, 10, 8.5],
			"rotation": {"angle": -45, "axis": "y", "origin": [8, 0, 8]},
			"faces": {
				"north": {"uv": [1, 6, 2, 7], "texture": "#texture"},
				"east": {"uv": [1, 6, 2, 7], "texture": "#texture"},
				"south": {"uv": [1, 6, 2, 7], "texture": "#texture"},
				"west": {"uv": [1, 6, 2, 7], "texture": "#texture"},
				"up": {"uv": [1, 6, 2, 7], "rotation": 90, "texture": "#texture"},
				"down": {"uv": [1, 6, 2, 7], "rotation": 270, "texture": "#texture"}
			}
		},
		{
			"from": [7.5, 9, 6.5],
			"to": [8.5, 10, 7.5],
			"rotation": {"angle": -45, "axis": "y", "origin": [8, 0, 8]},
			"faces": {
				"north": {"uv": [2, 6, 3, 7], "texture": "#texture"},
				"east": {"uv": [2, 6, 3, 7], "texture": "#texture"},
				"south": {"uv": [2, 6, 3, 7], "texture": "#texture"},
				"west": {"uv": [2, 6, 3, 7], "texture": "#texture"},
				"up": {"uv": [2, 6, 3, 7], "rotation": 90, "texture": "#texture"},
				"down": {"uv": [2, 6, 3, 7], "rotation": 270, "texture": "#texture"}
			}
		},
		{
			"from": [7.5, 8, 6.5],
			"to": [8.5, 9, 7.5],
			"rotation": {"angle": -45, "axis": "y", "origin": [8, 0, 8]},
			"faces": {
				"north": {"uv": [2, 7, 3, 8], "texture": "#texture"},
				"east": {"uv": [2, 7, 3, 8], "texture": "#texture"},
				"south": {"uv": [2, 7, 3, 8], "texture": "#texture"},
				"west": {"uv": [2, 7, 3, 8], "texture": "#texture"},
				"up": {"uv": [2, 7, 3, 8], "rotation": 90, "texture": "#texture"},
				"down": {"uv": [2, 7, 3, 8], "rotation": 270, "texture": "#texture"}
			}
		},
		{
			"from": [7.5, 6, 6.5],
			"to": [8.5, 7, 7.5],
			"rotation": {"angle": -45, "axis": "y", "origin": [8, 0, 8]},
			"faces": {
				"north": {"uv": [2, 9, 3, 10], "texture": "#texture"},
				"east": {"uv": [2, 9, 3, 10], "texture": "#texture"},
				"south": {"uv": [2, 9, 3, 10], "texture": "#texture"},
				"west": {"uv": [2, 9, 3, 10], "texture": "#texture"},
				"up": {"uv": [2, 9, 3, 10], "rotation": 90, "texture": "#texture"},
				"down": {"uv": [2, 9, 3, 10], "rotation": 270, "texture": "#texture"}
			}
		},
		{
			"from": [7.5, 7, 6.5],
			"to": [8.5, 8, 7.5],
			"rotation": {"angle": -45, "axis": "y", "origin": [8, 0, 8]},
			"faces": {
				"north": {"uv": [2, 8, 3, 9], "texture": "#texture"},
				"east": {"uv": [2, 8, 3, 9], "texture": "#texture"},
				"south": {"uv": [2, 8, 3, 9], "texture": "#texture"},
				"west": {"uv": [2, 8, 3, 9], "texture": "#texture"},
				"up": {"uv": [2, 8, 3, 9], "rotation": 90, "texture": "#texture"},
				"down": {"uv": [2, 8, 3, 9], "rotation": 270, "texture": "#texture"}
			}
		},
		{
			"from": [7.5, 14, 6.5],
			"to": [8.5, 15, 7.5],
			"rotation": {"angle": -45, "axis": "y", "origin": [8, 0, 8]},
			"faces": {
				"north": {"uv": [2, 1, 3, 2], "texture": "#texture"},
				"east": {"uv": [2, 1, 3, 2], "texture": "#texture"},
				"south": {"uv": [2, 1, 3, 2], "texture": "#texture"},
				"west": {"uv": [2, 1, 3, 2], "texture": "#texture"},
				"up": {"uv": [2, 1, 3, 2], "rotation": 90, "texture": "#texture"},
				"down": {"uv": [2, 1, 3, 2], "rotation": 270, "texture": "#texture"}
			}
		},
		{
			"from": [7.5, 13, 8.5],
			"to": [8.5, 14, 9.5],
			"rotation": {"angle": -45, "axis": "y", "origin": [8, 0, 8]},
			"faces": {
				"north": {"uv": [0, 2, 1, 3], "texture": "#texture"},
				"east": {"uv": [0, 2, 1, 3], "texture": "#texture"},
				"south": {"uv": [0, 2, 1, 3], "texture": "#texture"},
				"west": {"uv": [0, 2, 1, 3], "texture": "#texture"},
				"up": {"uv": [0, 2, 1, 3], "rotation": 90, "texture": "#texture"},
				"down": {"uv": [0, 2, 1, 3], "rotation": 270, "texture": "#texture"}
			}
		},
		{
			"from": [7.5, 14, 8.5],
			"to": [8.5, 15, 9.5],
			"rotation": {"angle": -45, "axis": "y", "origin": [8, 0, 8]},
			"faces": {
				"north": {"uv": [0, 1, 1, 2], "texture": "#texture"},
				"east": {"uv": [0, 1, 1, 2], "texture": "#texture"},
				"south": {"uv": [0, 1, 1, 2], "texture": "#texture"},
				"west": {"uv": [0, 1, 1, 2], "texture": "#texture"},
				"up": {"uv": [0, 1, 1, 2], "rotation": 90, "texture": "#texture"},
				"down": {"uv": [0, 1, 1, 2], "rotation": 270, "texture": "#texture"}
			}
		},
		{
			"from": [7.5, 14, 7.5],
			"to": [8.5, 15, 8.5],
			"rotation": {"angle": -45, "axis": "y", "origin": [8, 0, 8]},
			"faces": {
				"north": {"uv": [1, 1, 2, 2], "texture": "#texture"},
				"east": {"uv": [1, 1, 2, 2], "texture": "#texture"},
				"south": {"uv": [1, 1, 2, 2], "texture": "#texture"},
				"west": {"uv": [1, 1, 2, 2], "texture": "#texture"},
				"up": {"uv": [1, 1, 2, 2], "rotation": 90, "texture": "#texture"},
				"down": {"uv": [1, 1, 2, 2], "rotation": 270, "texture": "#texture"}
			}
		},
		{
			"from": [7.5, 13, 6.5],
			"to": [8.5, 14, 7.5],
			"rotation": {"angle": -45, "axis": "y", "origin": [8, 0, 8]},
			"faces": {
				"north": {"uv": [2, 2, 3, 3], "texture": "#texture"},
				"east": {"uv": [2, 2, 3, 3], "texture": "#texture"},
				"south": {"uv": [2, 2, 3, 3], "texture": "#texture"},
				"west": {"uv": [2, 2, 3, 3], "texture": "#texture"},
				"up": {"uv": [2, 2, 3, 3], "rotation": 90, "texture": "#texture"},
				"down": {"uv": [2, 2, 3, 3], "rotation": 270, "texture": "#texture"}
			}
		},
		{
			"from": [7.5, 12, 6.5],
			"to": [8.5, 13, 7.5],
			"rotation": {"angle": -45, "axis": "y", "origin": [8, 0, 8]},
			"faces": {
				"north": {"uv": [2, 3, 3, 4], "texture": "#texture"},
				"east": {"uv": [2, 3, 3, 4], "texture": "#texture"},
				"south": {"uv": [2, 3, 3, 4], "texture": "#texture"},
				"west": {"uv": [2, 3, 3, 4], "texture": "#texture"},
				"up": {"uv": [2, 3, 3, 4], "rotation": 90, "texture": "#texture"},
				"down": {"uv": [2, 3, 3, 4], "rotation": 270, "texture": "#texture"}
			}
		},
		{
			"from": [7.5, 12, 8.5],
			"to": [8.5, 13, 9.5],
			"rotation": {"angle": -45, "axis": "y", "origin": [8, 0, 8]},
			"faces": {
				"north": {"uv": [0, 3, 1, 4], "texture": "#texture"},
				"east": {"uv": [0, 3, 1, 4], "texture": "#texture"},
				"south": {"uv": [0, 3, 1, 4], "texture": "#texture"},
				"west": {"uv": [0, 3, 1, 4], "texture": "#texture"},
				"up": {"uv": [0, 3, 1, 4], "rotation": 90, "texture": "#texture"},
				"down": {"uv": [0, 3, 1, 4], "rotation": 270, "texture": "#texture"}
			}
		},
		{
			"from": [7.5, 12, 7.5],
			"to": [8.5, 13, 8.5],
			"rotation": {"angle": -45, "axis": "y", "origin": [8, 0, 8]},
			"faces": {
				"north": {"uv": [1, 3, 2, 4], "texture": "#texture"},
				"east": {"uv": [1, 3, 2, 4], "texture": "#texture"},
				"south": {"uv": [1, 3, 2, 4], "texture": "#texture"},
				"west": {"uv": [1, 3, 2, 4], "texture": "#texture"},
				"up": {"uv": [1, 3, 2, 4], "rotation": 90, "texture": "#texture"},
				"down": {"uv": [1, 3, 2, 4], "rotation": 270, "texture": "#texture"}
			}
		},
		{
			"from": [7.5, 1, 6.5],
			"to": [8.5, 2, 7.5],
			"rotation": {"angle": -45, "axis": "y", "origin": [8, 0, 8]},
			"faces": {
				"north": {"uv": [2, 14, 3, 15], "texture": "#texture"},
				"east": {"uv": [2, 14, 3, 15], "texture": "#texture"},
				"south": {"uv": [2, 14, 3, 15], "texture": "#texture"},
				"west": {"uv": [2, 14, 3, 15], "texture": "#texture"},
				"up": {"uv": [2, 14, 3, 15], "rotation": 90, "texture": "#texture"},
				"down": {"uv": [2, 14, 3, 15], "rotation": 270, "texture": "#texture"}
			}
		},
		{
			"from": [7.5, 1, 7.5],
			"to": [8.5, 2, 8.5],
			"rotation": {"angle": -45, "axis": "y", "origin": [8, 0, 8]},
			"faces": {
				"north": {"uv": [1, 14, 2, 15], "texture": "#texture"},
				"east": {"uv": [1, 14, 2, 15], "texture": "#texture"},
				"south": {"uv": [1, 14, 2, 15], "texture": "#texture"},
				"west": {"uv": [1, 14, 2, 15], "texture": "#texture"},
				"up": {"uv": [1, 14, 2, 15], "rotation": 90, "texture": "#texture"},
				"down": {"uv": [1, 14, 2, 15], "rotation": 270, "texture": "#texture"}
			}
		},
		{
			"from": [7.5, 1, 8.5],
			"to": [8.5, 2, 9.5],
			"rotation": {"angle": -45, "axis": "y", "origin": [8, 0, 8]},
			"faces": {
				"north": {"uv": [0, 14, 1, 15], "texture": "#texture"},
				"east": {"uv": [0, 14, 1, 15], "texture": "#texture"},
				"south": {"uv": [0, 14, 1, 15], "texture": "#texture"},
				"west": {"uv": [0, 14, 1, 15], "texture": "#texture"},
				"up": {"uv": [0, 14, 1, 15], "rotation": 90, "texture": "#texture"},
				"down": {"uv": [0, 14, 1, 15], "rotation": 270, "texture": "#texture"}
			}
		},
		{
			"from": [7.5, 2, 8.5],
			"to": [8.5, 3, 9.5],
			"rotation": {"angle": -45, "axis": "y", "origin": [8, 0, 8]},
			"faces": {
				"north": {"uv": [0, 13, 1, 14], "texture": "#texture"},
				"east": {"uv": [0, 13, 1, 14], "texture": "#texture"},
				"south": {"uv": [0, 13, 1, 14], "texture": "#texture"},
				"west": {"uv": [0, 13, 1, 14], "texture": "#texture"},
				"up": {"uv": [0, 13, 1, 14], "rotation": 90, "texture": "#texture"},
				"down": {"uv": [0, 13, 1, 14], "rotation": 270, "texture": "#texture"}
			}
		},
		{
			"from": [7.5, 3, 8.5],
			"to": [8.5, 4, 9.5],
			"rotation": {"angle": -45, "axis": "y", "origin": [8, 0, 8]},
			"faces": {
				"north": {"uv": [0, 12, 1, 13], "texture": "#texture"},
				"east": {"uv": [0, 12, 1, 13], "texture": "#texture"},
				"south": {"uv": [0, 12, 1, 13], "texture": "#texture"},
				"west": {"uv": [0, 12, 1, 13], "texture": "#texture"},
				"up": {"uv": [0, 12, 1, 13], "rotation": 90, "texture": "#texture"},
				"down": {"uv": [0, 12, 1, 13], "rotation": 270, "texture": "#texture"}
			}
		},
		{
			"from": [7.5, 3, 7.5],
			"to": [8.5, 4, 8.5],
			"rotation": {"angle": -45, "axis": "y", "origin": [8, 0, 8]},
			"faces": {
				"north": {"uv": [1, 12, 2, 13], "texture": "#texture"},
				"east": {"uv": [1, 12, 2, 13], "texture": "#texture"},
				"south": {"uv": [1, 12, 2, 13], "texture": "#texture"},
				"west": {"uv": [1, 12, 2, 13], "texture": "#texture"},
				"up": {"uv": [1, 12, 2, 13], "rotation": 90, "texture": "#texture"},
				"down": {"uv": [1, 12, 2, 13], "rotation": 270, "texture": "#texture"}
			}
		},
		{
			"from": [7.5, 3, 6.5],
			"to": [8.5, 4, 7.5],
			"rotation": {"angle": -45, "axis": "y", "origin": [8, 0, 8]},
			"faces": {
				"north": {"uv": [2, 12, 3, 13], "texture": "#texture"},
				"east": {"uv": [2, 12, 3, 13], "texture": "#texture"},
				"south": {"uv": [2, 12, 3, 13], "texture": "#texture"},
				"west": {"uv": [2, 12, 3, 13], "texture": "#texture"},
				"up": {"uv": [2, 12, 3, 13], "rotation": 90, "texture": "#texture"},
				"down": {"uv": [2, 12, 3, 13], "rotation": 270, "texture": "#texture"}
			}
		},
		{
			"from": [7.5, 2, 6.5],
			"to": [8.5, 3, 7.5],
			"rotation": {"angle": -45, "axis": "y", "origin": [8, 0, 8]},
			"faces": {
				"north": {"uv": [2, 13, 3, 14], "texture": "#texture"},
				"east": {"uv": [2, 13, 3, 14], "texture": "#texture"},
				"south": {"uv": [2, 13, 3, 14], "texture": "#texture"},
				"west": {"uv": [2, 13, 3, 14], "texture": "#texture"},
				"up": {"uv": [2, 13, 3, 14], "rotation": 90, "texture": "#texture"},
				"down": {"uv": [2, 13, 3, 14], "rotation": 270, "texture": "#texture"}
			}
		},
		{
			"from": [6.5, 11, 7.5],
			"to": [7.5, 12, 8.5],
			"rotation": {"angle": -45, "axis": "y", "origin": [8, 0, 8]},
			"faces": {
				"north": {"uv": [5, 4, 6, 5], "texture": "#texture"},
				"east": {"uv": [5, 4, 6, 5], "texture": "#texture"},
				"south": {"uv": [5, 4, 6, 5], "texture": "#texture"},
				"west": {"uv": [5, 4, 6, 5], "texture": "#texture"},
				"up": {"uv": [5, 4, 6, 5], "texture": "#texture"},
				"down": {"uv": [5, 4, 6, 5], "texture": "#texture"}
			}
		},
		{
			"from": [6.5, 12, 7.5],
			"to": [7.5, 13, 8.5],
			"rotation": {"angle": -45, "axis": "y", "origin": [8, 0, 8]},
			"faces": {
				"north": {"uv": [5, 3, 6, 4], "texture": "#texture"},
				"east": {"uv": [5, 3, 6, 4], "texture": "#texture"},
				"south": {"uv": [5, 3, 6, 4], "texture": "#texture"},
				"west": {"uv": [5, 3, 6, 4], "texture": "#texture"},
				"up": {"uv": [5, 3, 6, 4], "texture": "#texture"},
				"down": {"uv": [5, 3, 6, 4], "texture": "#texture"}
			}
		},
		{
			"from": [7.5, 12, 7.5],
			"to": [8.5, 13, 8.5],
			"rotation": {"angle": -45, "axis": "y", "origin": [8, 0, 8]},
			"faces": {
				"north": {"uv": [4, 3, 5, 4], "texture": "#texture"},
				"east": {"uv": [4, 3, 5, 4], "texture": "#texture"},
				"south": {"uv": [4, 3, 5, 4], "texture": "#texture"},
				"west": {"uv": [4, 3, 5, 4], "texture": "#texture"},
				"up": {"uv": [4, 3, 5, 4], "texture": "#texture"},
				"down": {"uv": [4, 3, 5, 4], "texture": "#texture"}
			}
		},
		{
			"from": [8.5, 12, 7.5],
			"to": [9.5, 13, 8.5],
			"rotation": {"angle": -45, "axis": "y", "origin": [8, 0, 8]},
			"faces": {
				"north": {"uv": [3, 3, 4, 4], "texture": "#texture"},
				"east": {"uv": [3, 3, 4, 4], "texture": "#texture"},
				"south": {"uv": [3, 3, 4, 4], "texture": "#texture"},
				"west": {"uv": [3, 3, 4, 4], "texture": "#texture"},
				"up": {"uv": [3, 3, 4, 4], "texture": "#texture"},
				"down": {"uv": [3, 3, 4, 4], "texture": "#texture"}
			}
		},
		{
			"from": [8.5, 11, 7.5],
			"to": [9.5, 12, 8.5],
			"rotation": {"angle": -45, "axis": "y", "origin": [8, 0, 8]},
			"faces": {
				"north": {"uv": [3, 4, 4, 5], "texture": "#texture"},
				"east": {"uv": [3, 4, 4, 5], "texture": "#texture"},
				"south": {"uv": [3, 4, 4, 5], "texture": "#texture"},
				"west": {"uv": [3, 4, 4, 5], "texture": "#texture"},
				"up": {"uv": [3, 4, 4, 5], "texture": "#texture"},
				"down": {"uv": [3, 4, 4, 5], "texture": "#texture"}
			}
		},
		{
			"from": [8.5, 10, 7.5],
			"to": [9.5, 11, 8.5],
			"rotation": {"angle": -45, "axis": "y", "origin": [8, 0, 8]},
			"faces": {
				"north": {"uv": [3, 5, 4, 6], "texture": "#texture"},
				"east": {"uv": [3, 5, 4, 6], "texture": "#texture"},
				"south": {"uv": [3, 5, 4, 6], "texture": "#texture"},
				"west": {"uv": [3, 5, 4, 6], "texture": "#texture"},
				"up": {"uv": [3, 5, 4, 6], "texture": "#texture"},
				"down": {"uv": [3, 5, 4, 6], "texture": "#texture"}
			}
		},
		{
			"from": [7.5, 9, 7.5],
			"to": [8.5, 10, 8.5],
			"rotation": {"angle": -45, "axis": "y", "origin": [8, 0, 8]},
			"faces": {
				"north": {"uv": [4, 6, 5, 7], "texture": "#texture"},
				"east": {"uv": [4, 6, 5, 7], "texture": "#texture"},
				"south": {"uv": [4, 6, 5, 7], "texture": "#texture"},
				"west": {"uv": [4, 6, 5, 7], "texture": "#texture"},
				"up": {"uv": [4, 6, 5, 7], "texture": "#texture"},
				"down": {"uv": [4, 6, 5, 7], "texture": "#texture"}
			}
		},
		{
			"from": [8.5, 9, 7.5],
			"to": [9.5, 10, 8.5],
			"rotation": {"angle": -45, "axis": "y", "origin": [8, 0, 8]},
			"faces": {
				"north": {"uv": [3, 6, 4, 7], "texture": "#texture"},
				"east": {"uv": [3, 6, 4, 7], "texture": "#texture"},
				"south": {"uv": [3, 6, 4, 7], "texture": "#texture"},
				"west": {"uv": [3, 6, 4, 7], "texture": "#texture"},
				"up": {"uv": [3, 6, 4, 7], "texture": "#texture"},
				"down": {"uv": [3, 6, 4, 7], "texture": "#texture"}
			}
		},
		{
			"from": [6.5, 9, 7.5],
			"to": [7.5, 10, 8.5],
			"rotation": {"angle": -45, "axis": "y", "origin": [8, 0, 8]},
			"faces": {
				"north": {"uv": [5, 6, 6, 7], "texture": "#texture"},
				"east": {"uv": [5, 6, 6, 7], "texture": "#texture"},
				"south": {"uv": [5, 6, 6, 7], "texture": "#texture"},
				"west": {"uv": [5, 6, 6, 7], "texture": "#texture"},
				"up": {"uv": [5, 6, 6, 7], "texture": "#texture"},
				"down": {"uv": [5, 6, 6, 7], "texture": "#texture"}
			}
		},
		{
			"from": [6.5, 10, 7.5],
			"to": [7.5, 11, 8.5],
			"rotation": {"angle": -45, "axis": "y", "origin": [8, 0, 8]},
			"faces": {
				"north": {"uv": [5, 5, 6, 6], "texture": "#texture"},
				"east": {"uv": [5, 5, 6, 6], "texture": "#texture"},
				"south": {"uv": [5, 5, 6, 6], "texture": "#texture"},
				"west": {"uv": [5, 5, 6, 6], "texture": "#texture"},
				"up": {"uv": [5, 5, 6, 6], "texture": "#texture"},
				"down": {"uv": [5, 5, 6, 6], "texture": "#texture"}
			}
		},
		{
			"from": [6.5, 14, 7.5],
			"to": [7.5, 15, 8.5],
			"rotation": {"angle": -45, "axis": "y", "origin": [8, 0, 8]},
			"faces": {
				"north": {"uv": [5, 1, 6, 2], "texture": "#texture"},
				"east": {"uv": [5, 1, 6, 2], "texture": "#texture"},
				"south": {"uv": [5, 1, 6, 2], "texture": "#texture"},
				"west": {"uv": [5, 1, 6, 2], "texture": "#texture"},
				"up": {"uv": [5, 1, 6, 2], "texture": "#texture"},
				"down": {"uv": [5, 1, 6, 2], "texture": "#texture"}
			}
		},
		{
			"from": [7.5, 14, 7.5],
			"to": [8.5, 15, 8.5],
			"rotation": {"angle": -45, "axis": "y", "origin": [8, 0, 8]},
			"faces": {
				"north": {"uv": [4, 1, 5, 2], "texture": "#texture"},
				"east": {"uv": [4, 1, 5, 2], "texture": "#texture"},
				"south": {"uv": [4, 1, 5, 2], "texture": "#texture"},
				"west": {"uv": [4, 1, 5, 2], "texture": "#texture"},
				"up": {"uv": [4, 1, 5, 2], "texture": "#texture"},
				"down": {"uv": [4, 1, 5, 2], "texture": "#texture"}
			}
		},
		{
			"from": [8.5, 15, 7.5],
			"to": [9.5, 16, 8.5],
			"rotation": {"angle": -45, "axis": "y", "origin": [8, 0, 8]},
			"faces": {
				"north": {"uv": [3, 0, 4, 1], "texture": "#texture"},
				"east": {"uv": [3, 0, 4, 1], "texture": "#texture"},
				"south": {"uv": [3, 0, 4, 1], "texture": "#texture"},
				"west": {"uv": [3, 0, 4, 1], "texture": "#texture"},
				"up": {"uv": [3, 0, 4, 1], "texture": "#texture"},
				"down": {"uv": [3, 0, 4, 1], "texture": "#texture"}
			}
		},
		{
			"from": [6.5, 15, 7.5],
			"to": [7.5, 16, 8.5],
			"rotation": {"angle": -45, "axis": "y", "origin": [8, 0, 8]},
			"faces": {
				"north": {"uv": [5, 0, 6, 1], "texture": "#texture"},
				"east": {"uv": [5, 0, 6, 1], "texture": "#texture"},
				"south": {"uv": [5, 0, 6, 1], "texture": "#texture"},
				"west": {"uv": [5, 0, 6, 1], "texture": "#texture"},
				"up": {"uv": [5, 0, 6, 1], "texture": "#texture"},
				"down": {"uv": [5, 0, 6, 1], "texture": "#texture"}
			}
		},
		{
			"from": [8.5, 14, 7.5],
			"to": [9.5, 15, 8.5],
			"rotation": {"angle": -45, "axis": "y", "origin": [8, 0, 8]},
			"faces": {
				"north": {"uv": [3, 1, 4, 2], "texture": "#texture"},
				"east": {"uv": [3, 1, 4, 2], "texture": "#texture"},
				"south": {"uv": [3, 1, 4, 2], "texture": "#texture"},
				"west": {"uv": [3, 1, 4, 2], "texture": "#texture"},
				"up": {"uv": [3, 1, 4, 2], "texture": "#texture"},
				"down": {"uv": [3, 1, 4, 2], "texture": "#texture"}
			}
		},
		{
			"from": [6.5, 1, 7.5],
			"to": [7.5, 2, 8.5],
			"rotation": {"angle": -45, "axis": "y", "origin": [8, 0, 8]},
			"faces": {
				"north": {"uv": [5, 14, 6, 15], "texture": "#texture"},
				"east": {"uv": [5, 14, 6, 15], "texture": "#texture"},
				"south": {"uv": [5, 14, 6, 15], "texture": "#texture"},
				"west": {"uv": [5, 14, 6, 15], "texture": "#texture"},
				"up": {"uv": [5, 14, 6, 15], "texture": "#texture"},
				"down": {"uv": [5, 14, 6, 15], "texture": "#texture"}
			}
		},
		{
			"from": [7.5, 1, 7.5],
			"to": [8.5, 2, 8.5],
			"rotation": {"angle": -45, "axis": "y", "origin": [8, 0, 8]},
			"faces": {
				"north": {"uv": [4, 14, 5, 15], "texture": "#texture"},
				"east": {"uv": [4, 14, 5, 15], "texture": "#texture"},
				"south": {"uv": [4, 14, 5, 15], "texture": "#texture"},
				"west": {"uv": [4, 14, 5, 15], "texture": "#texture"},
				"up": {"uv": [4, 14, 5, 15], "texture": "#texture"},
				"down": {"uv": [4, 14, 5, 15], "texture": "#texture"}
			}
		},
		{
			"from": [8.5, 1, 7.5],
			"to": [9.5, 2, 8.5],
			"rotation": {"angle": -45, "axis": "y", "origin": [8, 0, 8]},
			"faces": {
				"north": {"uv": [3, 14, 4, 15], "texture": "#texture"},
				"east": {"uv": [3, 14, 4, 15], "texture": "#texture"},
				"south": {"uv": [3, 14, 4, 15], "texture": "#texture"},
				"west": {"uv": [3, 14, 4, 15], "texture": "#texture"},
				"up": {"uv": [3, 14, 4, 15], "texture": "#texture"},
				"down": {"uv": [3, 14, 4, 15], "texture": "#texture"}
			}
		},
		{
			"from": [8.5, 0, 7.5],
			"to": [9.5, 1, 8.5],
			"rotation": {"angle": -45, "axis": "y", "origin": [8, 0, 8]},
			"faces": {
				"north": {"uv": [3, 15, 4, 16], "texture": "#texture"},
				"east": {"uv": [3, 15, 4, 16], "texture": "#texture"},
				"south": {"uv": [3, 15, 4, 16], "texture": "#texture"},
				"west": {"uv": [3, 15, 4, 16], "texture": "#texture"},
				"up": {"uv": [3, 15, 4, 16], "texture": "#texture"},
				"down": {"uv": [3, 15, 4, 16], "texture": "#texture"}
			}
		},
		{
			"from": [6.5, 0, 7.5],
			"to": [7.5, 1, 8.5],
			"rotation": {"angle": -45, "axis": "y", "origin": [8, 0, 8]},
			"faces": {
				"north": {"uv": [5, 15, 6, 16], "texture": "#texture"},
				"east": {"uv": [5, 15, 6, 16], "texture": "#texture"},
				"south": {"uv": [5, 15, 6, 16], "texture": "#texture"},
				"west": {"uv": [5, 15, 6, 16], "texture": "#texture"},
				"up": {"uv": [5, 15, 6, 16], "texture": "#texture"},
				"down": {"uv": [5, 15, 6, 16], "texture": "#texture"}
			}
		}
	],
	"display": {
		"thirdperson_righthand": {
			"rotation": [-45, 90, 0],
			"translation": [0, 4, 0.5],
			"scale": [0.85, 0.85, 0.85]
		},
		"thirdperson_lefthand": {
			"rotation": [-45, -90, 0],
			"translation": [0, 4, 0.5],
			"scale": [0.85, 0.85, 0.85]
		},
		"firstperson_righthand": {
			"rotation": [-45, 90, 0],
			"translation": [1.13, 3.2, 1.13],
			"scale": [0.68, 0.68, 0.68]
		},
		"firstperson_lefthand": {
			"rotation": [-45, -90, 0],
			"translation": [1.13, 3.2, 1.13],
			"scale": [0.68, 0.68, 0.68]
		},
		"ground": {
			"scale": [0.5, 0.5, 0.5]
		},
		"gui": {
			"rotation": [0, -180, 0]
		},
		"head": {
			"translation": [0, 14.5, 7]
		}
	},
	"groups": [
		{
			"name": "group",
			"origin": [8, 0, 8],
			"color": 0,
			"children": [
				{
					"name": "group",
					"origin": [8, 0, 8],
					"color": 0,
					"children": [0, 1, 2, 3, 4, 5, 6, 7, 8, 9]
				},
				{
					"name": "group",
					"origin": [8, 0, 8],
					"color": 0,
					"children": [10, 11, 12, 13, 14, 15, 16, 17, 18, 19]
				},
				{
					"name": "group",
					"origin": [8, 0, 8],
					"color": 0,
					"children": [20, 21, 22, 23, 24, 25, 26, 27]
				},
				{
					"name": "group",
					"origin": [8, 0, 8],
					"color": 0,
					"children": [28, 29, 30, 31, 32, 33, 34, 35]
				},
				{
					"name": "group",
					"origin": [8, 0, 8],
					"color": 0,
					"children": [36, 37, 38, 39, 40, 41, 42, 43, 44, 45]
				},
				{
					"name": "group",
					"origin": [8, 0, 8],
					"color": 0,
					"children": [46, 47, 48, 49, 50]
				},
				{
					"name": "group",
					"origin": [8, 0, 8],
					"color": 0,
					"children": [51, 52, 53, 54, 55]
				}
			]
		}
	]
}