{
	"credit": "Made with Blockbench",
	"ambientocclusion": false,
	"textures": {
		"particle": "#flowerpot"
	},
	"elements": [
		{
			"from": [6, 0, 6],
			"to": [10, 4, 10],
			"faces": {
				"up": {"uv": [6, 6, 10, 10], "texture": "#dirt"},
				"down": {"uv": [6, 12, 10, 16], "texture": "#flowerpot", "cullface": "down"}
			}
		},
		{
			"from": [5, 0, 5],
			"to": [6, 6, 11],
			"faces": {
				"north": {"uv": [10, 10, 11, 16], "texture": "#flowerpot"},
				"east": {"uv": [5, 10, 11, 16], "texture": "#flowerpot"},
				"south": {"uv": [5, 10, 6, 16], "texture": "#flowerpot"},
				"west": {"uv": [5, 10, 11, 16], "texture": "#flowerpot"},
				"up": {"uv": [5, 5, 6, 11], "texture": "#flowerpot"},
				"down": {"uv": [5, 5, 6, 11], "texture": "#flowerpot", "cullface": "down"}
			}
		},
		{
			"from": [10, 0, 5],
			"to": [11, 6, 11],
			"faces": {
				"north": {"uv": [5, 10, 6, 16], "texture": "#flowerpot"},
				"east": {"uv": [5, 10, 11, 16], "texture": "#flowerpot"},
				"south": {"uv": [10, 10, 11, 16], "texture": "#flowerpot"},
				"west": {"uv": [5, 10, 11, 16], "texture": "#flowerpot"},
				"up": {"uv": [10, 5, 11, 11], "texture": "#flowerpot"},
				"down": {"uv": [10, 5, 11, 11], "texture": "#flowerpot", "cullface": "down"}
			}
		},
		{
			"from": [6, 0, 5],
			"to": [10, 6, 6],
			"faces": {
				"north": {"uv": [6, 10, 10, 16], "texture": "#flowerpot"},
				"south": {"uv": [6, 10, 10, 16], "texture": "#flowerpot"},
				"up": {"uv": [6, 5, 10, 6], "texture": "#flowerpot"},
				"down": {"uv": [6, 10, 10, 11], "texture": "#flowerpot", "cullface": "down"}
			}
		},
		{
			"from": [6, 0, 10],
			"to": [10, 6, 11],
			"faces": {
				"north": {"uv": [6, 10, 10, 16], "texture": "#flowerpot"},
				"south": {"uv": [6, 10, 10, 16], "texture": "#flowerpot"},
				"up": {"uv": [6, 10, 10, 11], "texture": "#flowerpot"},
				"down": {"uv": [6, 5, 10, 6], "texture": "#flowerpot", "cullface": "down"}
			}
		},
		{
			"from": [7, 4, 7],
			"to": [9, 9, 9],
			"rotation": {"angle": 0, "axis": "y", "origin": [8, 0, 8]},
			"faces": {
				"north": {"uv": [7, 11, 9, 16], "texture": "#plant"},
				"east": {"uv": [7, 11, 9, 16], "texture": "#plant"},
				"south": {"uv": [7, 11, 9, 16], "texture": "#plant"},
				"west": {"uv": [7, 11, 9, 16], "texture": "#plant"},
				"up": {"uv": [7, 11, 9, 13], "texture": "#plant"},
				"down": {"uv": [7, 14, 9, 16], "texture": "#plant"}
			}
		},
		{
			"from": [3, 9, 3],
			"to": [13, 13, 4],
			"rotation": {"angle": 0, "axis": "y", "origin": [8, 0, 8]},
			"faces": {
				"north": {"uv": [13, 7, 3, 11], "texture": "#plant"},
				"east": {"uv": [3, 7, 4, 11], "texture": "#plant"},
				"south": {"uv": [3, 7, 13, 11], "texture": "#plant"},
				"west": {"uv": [12, 7, 13, 11], "texture": "#plant"},
				"up": {"uv": [3, 7, 13, 8], "texture": "#plant"},
				"down": {"uv": [3, 10, 13, 11], "texture": "#plant"}
			}
		},
		{
			"from": [12, 9, 3],
			"to": [13, 13, 13],
			"rotation": {"angle": 0, "axis": "y", "origin": [8, 0, 8]},
			"faces": {
				"north": {"uv": [12, 7, 13, 11], "texture": "#plant"},
				"east": {"uv": [13, 7, 3, 11], "texture": "#plant"},
				"south": {"uv": [3, 7, 4, 11], "texture": "#plant"},
				"west": {"uv": [3, 7, 13, 11], "texture": "#plant"},
				"up": {"uv": [3, 7, 13, 8], "rotation": 90, "texture": "#plant"},
				"down": {"uv": [3, 10, 13, 11], "rotation": 270, "texture": "#plant"}
			}
		},
		{
			"from": [3, 9, 3],
			"to": [4, 13, 13],
			"rotation": {"angle": 0, "axis": "y", "origin": [8, 0, 8]},
			"faces": {
				"north": {"uv": [3, 7, 4, 11], "texture": "#plant"},
				"east": {"uv": [3, 7, 13, 11], "texture": "#plant"},
				"south": {"uv": [12, 7, 13, 11], "texture": "#plant"},
				"west": {"uv": [13, 7, 3, 11], "texture": "#plant"},
				"up": {"uv": [3, 7, 13, 8], "rotation": 270, "texture": "#plant"},
				"down": {"uv": [3, 10, 13, 11], "rotation": 90, "texture": "#plant"}
			}
		},
		{
			"from": [3, 9, 12],
			"to": [13, 13, 13],
			"rotation": {"angle": 0, "axis": "y", "origin": [8, 0, 8]},
			"faces": {
				"north": {"uv": [3, 7, 13, 11], "texture": "#plant"},
				"east": {"uv": [12, 7, 13, 11], "texture": "#plant"},
				"south": {"uv": [13, 7, 3, 11], "texture": "#plant"},
				"west": {"uv": [3, 7, 4, 11], "texture": "#plant"},
				"up": {"uv": [3, 7, 13, 8], "rotation": 180, "texture": "#plant"},
				"down": {"uv": [3, 10, 13, 11], "rotation": 180, "texture": "#plant"}
			}
		},
		{
			"from": [4, 12, 3],
			"to": [12, 13, 5],
			"rotation": {"angle": 0, "axis": "x", "origin": [8, 0, 8]},
			"faces": {
				"north": {"uv": [12, 7, 4, 8], "texture": "#plant"},
				"east": {"uv": [13, 7, 12, 9], "rotation": 90, "texture": "#plant"},
				"south": {"uv": [4, 10, 12, 11], "rotation": 180, "texture": "#plant"},
				"west": {"uv": [4, 7, 3, 9], "rotation": 270, "texture": "#plant"},
				"up": {"uv": [4, 7, 12, 9], "texture": "#plant"},
				"down": {"uv": [12, 9, 4, 11], "rotation": 180, "texture": "#plant"}
			}
		},
		{
			"from": [4, 12, 11],
			"to": [12, 13, 13],
			"rotation": {"angle": 0, "axis": "y", "origin": [8, 0, 8]},
			"faces": {
				"north": {"uv": [4, 10, 12, 11], "rotation": 180, "texture": "#plant"},
				"east": {"uv": [4, 7, 3, 9], "rotation": 270, "texture": "#plant"},
				"south": {"uv": [12, 7, 4, 8], "texture": "#plant"},
				"west": {"uv": [13, 7, 12, 9], "rotation": 90, "texture": "#plant"},
				"up": {"uv": [4, 7, 12, 9], "rotation": 180, "texture": "#plant"},
				"down": {"uv": [12, 9, 4, 11], "texture": "#plant"}
			}
		},
		{
			"from": [7, 9, 7],
			"to": [9, 12, 9],
			"rotation": {"angle": 0, "axis": "y", "origin": [8, 5, 8]},
			"faces": {
				"north": {"uv": [7, 12, 9, 15], "texture": "#plant"},
				"east": {"uv": [7, 12, 9, 15], "texture": "#plant"},
				"south": {"uv": [7, 12, 9, 15], "texture": "#plant"},
				"west": {"uv": [7, 12, 9, 15], "texture": "#plant"},
				"up": {"uv": [7, 11, 9, 13], "texture": "#plant"},
				"down": {"uv": [7, 14, 9, 16], "texture": "#plant"}
			}
		},
		{
			"from": [11, 12, 5],
			"to": [13, 13, 11],
			"rotation": {"angle": 0, "axis": "y", "origin": [8, 0, 8]},
			"faces": {
				"north": {"uv": [4, 7, 3, 9], "rotation": 270, "texture": "#plant"},
				"east": {"uv": [11, 7, 5, 8], "texture": "#plant"},
				"south": {"uv": [13, 7, 12, 9], "rotation": 90, "texture": "#plant"},
				"west": {"uv": [5, 10, 11, 11], "rotation": 180, "texture": "#plant"},
				"up": {"uv": [5, 7, 11, 9], "rotation": 90, "texture": "#plant"},
				"down": {"uv": [11, 9, 5, 11], "rotation": 90, "texture": "#plant"}
			}
		},
		{
			"from": [3, 12, 5],
			"to": [5, 13, 11],
			"rotation": {"angle": 0, "axis": "y", "origin": [8, 0, 8]},
			"faces": {
				"north": {"uv": [13, 7, 12, 9], "rotation": 90, "texture": "#plant"},
				"east": {"uv": [5, 10, 11, 11], "rotation": 180, "texture": "#plant"},
				"south": {"uv": [4, 7, 3, 9], "rotation": 270, "texture": "#plant"},
				"west": {"uv": [11, 7, 5, 8], "texture": "#plant"},
				"up": {"uv": [5, 7, 11, 9], "rotation": 270, "texture": "#plant"},
				"down": {"uv": [11, 9, 5, 11], "rotation": 270, "texture": "#plant"}
			}
		},
		{
			"from": [5, 12, 8],
			"to": [11, 13, 10],
			"rotation": {"angle": 0, "axis": "x", "origin": [8, 0, 8]},
			"faces": {
				"north": {"uv": [5, 7, 11, 8], "texture": "#plant"},
				"east": {"uv": [12, 7, 13, 9], "rotation": 90, "texture": "#plant"},
				"south": {"uv": [11, 10, 5, 11], "rotation": 180, "texture": "#plant"},
				"west": {"uv": [3, 7, 4, 9], "rotation": 270, "texture": "#plant"},
				"up": {"uv": [11, 7, 5, 9], "texture": "#plant"},
				"down": {"uv": [5, 9, 11, 11], "rotation": 180, "texture": "#plant"}
			}
		},
		{
			"from": [5, 12, 6],
			"to": [11, 13, 8],
			"rotation": {"angle": 0, "axis": "y", "origin": [8, 0, 8]},
			"faces": {
				"north": {"uv": [11, 10, 5, 11], "rotation": 180, "texture": "#plant"},
				"east": {"uv": [3, 7, 4, 9], "rotation": 270, "texture": "#plant"},
				"south": {"uv": [5, 7, 11, 8], "texture": "#plant"},
				"west": {"uv": [12, 7, 13, 9], "rotation": 90, "texture": "#plant"},
				"up": {"uv": [11, 7, 5, 9], "rotation": 180, "texture": "#plant"},
				"down": {"uv": [5, 9, 11, 11], "texture": "#plant"}
			}
		},
		{
			"from": [5, 12, 5],
			"to": [11, 13, 6],
			"rotation": {"angle": 0, "axis": "y", "origin": [8, 0, 8]},
			"faces": {
				"north": {"uv": [5, 9, 11, 10], "texture": "#plant"},
				"east": {"uv": [12, 7, 13, 8], "rotation": 90, "texture": "#plant"},
				"south": {"uv": [11, 9, 5, 10], "rotation": 180, "texture": "#plant"},
				"west": {"uv": [3, 7, 4, 8], "rotation": 270, "texture": "#plant"},
				"up": {"uv": [11, 8, 5, 9], "texture": "#plant"},
				"down": {"uv": [5, 9, 11, 10], "rotation": 180, "texture": "#plant"}
			}
		},
		{
			"from": [5, 12, 10],
			"to": [11, 13, 11],
			"rotation": {"angle": 0, "axis": "y", "origin": [8, 0, 8]},
			"faces": {
				"north": {"uv": [5, 9, 11, 10], "texture": "#plant"},
				"east": {"uv": [12, 7, 13, 8], "rotation": 90, "texture": "#plant"},
				"south": {"uv": [11, 9, 5, 10], "rotation": 180, "texture": "#plant"},
				"west": {"uv": [3, 7, 4, 8], "rotation": 270, "texture": "#plant"},
				"up": {"uv": [5, 8, 11, 9], "texture": "#plant"},
				"down": {"uv": [11, 9, 5, 10], "rotation": 180, "texture": "#plant"}
			}
		}
	],
	"display": {
		"thirdperson_righthand": {
			"translation": [0, 2, 0],
			"scale": [0.5, 0.5, 0.5]
		},
		"thirdperson_lefthand": {
			"translation": [0, 2, 0],
			"scale": [0.5, 0.5, 0.5]
		},
		"firstperson_righthand": {
			"scale": [0.5, 0.5, 0.5]
		},
		"firstperson_lefthand": {
			"scale": [0.5, 0.5, 0.5]
		},
		"ground": {
			"translation": [0, 3, 0],
			"scale": [0.5, 0.5, 0.5]
		},
		"gui": {
			"rotation": [30, 225, 0],
			"scale": [0.8, 0.8, 0.8]
		},
		"head": {
			"translation": [0, 14.25, 0]
		},
		"fixed": {
			"scale": [0.5, 0.5, 0.5]
		}
	},
	"groups": [
		{
			"name": "pot",
			"origin": [0, 0, 0],
			"color": 0,
			"children": [0, 1, 2, 3, 4]
		},
		{
			"name": "warped_fungus_model",
			"origin": [8, 8, 8],
			"color": 0,
			"children": [
				{
					"name": "group",
					"origin": [8, 0, 8],
					"color": 0,
					"children": [5, 6, 7, 8, 9, 10, 11, 12, 13, 14, 15, 16, 17, 18]
				}
			]
		}
	]
}