{
	"credit": "Made with Blockbench",
	"ambientocclusion": false,
	"textures": {
		"particle": "#plant"
	},
	"elements": [
		{
			"from": [6, 0, 6],
			"to": [10, 4, 10],
			"faces": {
				"up": {"uv": [6, 6, 10, 10], "texture": "#dirt"},
				"down": {"uv": [6, 12, 10, 16], "texture": "#flowerpot", "cullface": "down"}
			}
		},
		{
			"from": [5, 0, 5],
			"to": [6, 6, 11],
			"faces": {
				"north": {"uv": [10, 10, 11, 16], "texture": "#flowerpot"},
				"east": {"uv": [5, 10, 11, 16], "texture": "#flowerpot"},
				"south": {"uv": [5, 10, 6, 16], "texture": "#flowerpot"},
				"west": {"uv": [5, 10, 11, 16], "texture": "#flowerpot"},
				"up": {"uv": [5, 5, 6, 11], "texture": "#flowerpot"},
				"down": {"uv": [5, 5, 6, 11], "texture": "#flowerpot", "cullface": "down"}
			}
		},
		{
			"from": [10, 0, 5],
			"to": [11, 6, 11],
			"faces": {
				"north": {"uv": [5, 10, 6, 16], "texture": "#flowerpot"},
				"east": {"uv": [5, 10, 11, 16], "texture": "#flowerpot"},
				"south": {"uv": [10, 10, 11, 16], "texture": "#flowerpot"},
				"west": {"uv": [5, 10, 11, 16], "texture": "#flowerpot"},
				"up": {"uv": [10, 5, 11, 11], "texture": "#flowerpot"},
				"down": {"uv": [10, 5, 11, 11], "texture": "#flowerpot", "cullface": "down"}
			}
		},
		{
			"from": [6, 0, 5],
			"to": [10, 6, 6],
			"faces": {
				"north": {"uv": [6, 10, 10, 16], "texture": "#flowerpot"},
				"south": {"uv": [6, 10, 10, 16], "texture": "#flowerpot"},
				"up": {"uv": [6, 5, 10, 6], "texture": "#flowerpot"},
				"down": {"uv": [6, 10, 10, 11], "texture": "#flowerpot", "cullface": "down"}
			}
		},
		{
			"from": [6, 0, 10],
			"to": [10, 6, 11],
			"faces": {
				"north": {"uv": [6, 10, 10, 16], "texture": "#flowerpot"},
				"south": {"uv": [6, 10, 10, 16], "texture": "#flowerpot"},
				"up": {"uv": [6, 10, 10, 11], "texture": "#flowerpot"},
				"down": {"uv": [6, 5, 10, 6], "texture": "#flowerpot", "cullface": "down"}
			}
		},
		{
			"from": [6, 10, 6],
			"to": [7, 11, 10],
			"rotation": {"angle": 0, "axis": "y", "origin": [8, 0, 7]},
			"faces": {
				"north": {"uv": [9, 8, 10, 9], "texture": "#plant"},
				"east": {"uv": [6, 8, 10, 9], "texture": "#plant"},
				"south": {"uv": [6, 8, 7, 9], "texture": "#plant"},
				"west": {"uv": [10, 8, 6, 9], "texture": "#plant"},
				"up": {"uv": [10, 8, 6, 9], "rotation": 90, "texture": "#plant"},
				"down": {"uv": [10, 8, 6, 9], "rotation": 270, "texture": "#plant"}
			}
		},
		{
			"from": [7, 4, 7],
			"to": [9, 7, 9],
			"rotation": {"angle": 0, "axis": "y", "origin": [8, 0, 7]},
			"faces": {
				"north": {"uv": [7, 13, 9, 16], "texture": "#plant"},
				"east": {"uv": [7, 13, 9, 16], "texture": "#plant"},
				"south": {"uv": [7, 13, 9, 16], "texture": "#plant"},
				"west": {"uv": [7, 13, 9, 16], "texture": "#plant"},
				"up": {"uv": [7, 13, 9, 15], "texture": "#plant"},
				"down": {"uv": [7, 14, 9, 16], "texture": "#plant"}
			}
		},
		{
			"from": [6, 10, 6],
			"to": [10, 11, 7],
			"rotation": {"angle": 0, "axis": "y", "origin": [8, 0, 7]},
			"faces": {
				"north": {"uv": [6, 8, 10, 9], "texture": "#plant"},
				"east": {"uv": [6, 8, 7, 9], "texture": "#plant"},
				"south": {"uv": [10, 8, 6, 9], "texture": "#plant"},
				"west": {"uv": [9, 8, 10, 9], "texture": "#plant"},
				"up": {"uv": [10, 8, 6, 9], "texture": "#plant"},
				"down": {"uv": [10, 8, 6, 9], "texture": "#plant"}
			}
		},
		{
			"from": [9, 10, 6],
			"to": [10, 11, 10],
			"rotation": {"angle": 0, "axis": "y", "origin": [8, 0, 7]},
			"faces": {
				"north": {"uv": [6, 8, 7, 9], "texture": "#plant"},
				"east": {"uv": [10, 8, 6, 9], "texture": "#plant"},
				"south": {"uv": [9, 8, 10, 9], "texture": "#plant"},
				"west": {"uv": [6, 8, 10, 9], "texture": "#plant"},
				"up": {"uv": [10, 8, 6, 9], "rotation": 270, "texture": "#plant"},
				"down": {"uv": [10, 8, 6, 9], "rotation": 90, "texture": "#plant"}
			}
		},
		{
			"from": [6, 10, 9],
			"to": [10, 11, 10],
			"rotation": {"angle": 0, "axis": "y", "origin": [8, 0, 7]},
			"faces": {
				"north": {"uv": [10, 8, 6, 9], "texture": "#plant"},
				"east": {"uv": [9, 8, 10, 9], "texture": "#plant"},
				"south": {"uv": [6, 8, 10, 9], "texture": "#plant"},
				"west": {"uv": [6, 8, 7, 9], "texture": "#plant"},
				"up": {"uv": [10, 8, 6, 9], "rotation": 180, "texture": "#plant"},
				"down": {"uv": [10, 8, 6, 9], "rotation": 180, "texture": "#plant"}
			}
		},
		{
			"from": [5, 9, 5],
			"to": [11, 10, 6],
			"rotation": {"angle": 0, "axis": "y", "origin": [8, 0, 7]},
			"faces": {
				"north": {"uv": [5, 9, 11, 10], "texture": "#plant"},
				"east": {"uv": [6, 9, 5, 10], "texture": "#plant"},
				"south": {"uv": [11, 9, 5, 10], "texture": "#plant"},
				"west": {"uv": [11, 9, 10, 10], "texture": "#plant"},
				"up": {"uv": [11, 9, 5, 10], "texture": "#plant"},
				"down": {"uv": [5, 9, 11, 10], "texture": "#plant"}
			}
		},
		{
			"from": [10, 9, 5],
			"to": [11, 10, 11],
			"rotation": {"angle": 0, "axis": "y", "origin": [8, 0, 7]},
			"faces": {
				"north": {"uv": [5, 9, 6, 10], "texture": "#plant"},
				"east": {"uv": [11, 9, 5, 10], "texture": "#plant"},
				"south": {"uv": [10, 9, 11, 10], "texture": "#plant"},
				"west": {"uv": [5, 9, 11, 10], "texture": "#plant"},
				"up": {"uv": [5, 9, 11, 10], "rotation": 90, "texture": "#plant"},
				"down": {"uv": [11, 9, 5, 10], "rotation": 270, "texture": "#plant"}
			}
		},
		{
			"from": [5, 9, 5],
			"to": [6, 10, 11],
			"rotation": {"angle": 0, "axis": "y", "origin": [8, 0, 7]},
			"faces": {
				"north": {"uv": [10, 9, 11, 10], "texture": "#plant"},
				"east": {"uv": [5, 9, 11, 10], "texture": "#plant"},
				"south": {"uv": [5, 9, 6, 10], "texture": "#plant"},
				"west": {"uv": [11, 9, 5, 10], "texture": "#plant"},
				"up": {"uv": [5, 9, 11, 10], "rotation": 270, "texture": "#plant"},
				"down": {"uv": [11, 9, 5, 10], "rotation": 90, "texture": "#plant"}
			}
		},
		{
			"from": [5, 9, 10],
			"to": [11, 10, 11],
			"rotation": {"angle": 0, "axis": "y", "origin": [8, 0, 7]},
			"faces": {
				"north": {"uv": [11, 9, 5, 10], "texture": "#plant"},
				"east": {"uv": [11, 9, 10, 10], "texture": "#plant"},
				"south": {"uv": [5, 9, 11, 10], "texture": "#plant"},
				"west": {"uv": [6, 9, 5, 10], "texture": "#plant"},
				"up": {"uv": [11, 9, 5, 10], "rotation": 180, "texture": "#plant"},
				"down": {"uv": [5, 9, 11, 10], "rotation": 180, "texture": "#plant"}
			}
		},
		{
			"from": [7, 10, 7],
			"to": [9, 11, 9],
			"rotation": {"angle": 0, "axis": "y", "origin": [8, 0, 7]},
			"faces": {
				"north": {"uv": [9, 8, 7, 9], "texture": "#plant"},
				"east": {"uv": [9, 8, 7, 9], "texture": "#plant"},
				"south": {"uv": [9, 8, 7, 9], "texture": "#plant"},
				"west": {"uv": [9, 8, 7, 9], "texture": "#plant"},
				"up": {"uv": [9, 8, 7, 10], "rotation": 180, "texture": "#plant"},
				"down": {"uv": [9, 8, 7, 10], "rotation": 180, "texture": "#plant"}
			}
		},
		{
			"from": [4, 7, 4],
			"to": [5, 9, 12],
			"rotation": {"angle": 0, "axis": "y", "origin": [8, 0, 7]},
			"faces": {
				"north": {"uv": [11, 10, 12, 12], "texture": "#plant"},
				"east": {"uv": [4, 10, 12, 12], "texture": "#plant"},
				"south": {"uv": [4, 10, 5, 12], "texture": "#plant"},
				"west": {"uv": [12, 10, 4, 12], "texture": "#plant"},
				"up": {"uv": [4, 10, 12, 11], "rotation": 270, "texture": "#plant"},
				"down": {"uv": [4, 11, 12, 12], "rotation": 90, "texture": "#plant"}
			}
		},
		{
			"from": [4, 7, 11],
			"to": [12, 9, 12],
			"rotation": {"angle": 0, "axis": "y", "origin": [8, 0, 7]},
			"faces": {
				"north": {"uv": [12, 10, 4, 12], "texture": "#plant"},
				"east": {"uv": [12, 10, 11, 12], "texture": "#plant"},
				"south": {"uv": [4, 10, 12, 12], "texture": "#plant"},
				"west": {"uv": [5, 10, 4, 12], "texture": "#plant"},
				"up": {"uv": [12, 10, 4, 11], "rotation": 180, "texture": "#plant"},
				"down": {"uv": [12, 11, 4, 12], "rotation": 180, "texture": "#plant"}
			}
		},
		{
			"from": [7, 7, 7],
			"to": [9, 10, 9],
			"rotation": {"angle": 0, "axis": "y", "origin": [8, 0, 7]},
			"faces": {
				"north": {"uv": [7, 13, 9, 16], "texture": "#plant"},
				"east": {"uv": [7, 13, 9, 16], "texture": "#plant"},
				"south": {"uv": [7, 13, 9, 16], "texture": "#plant"},
				"west": {"uv": [7, 13, 9, 16], "texture": "#plant"},
				"up": {"uv": [7, 13, 9, 15], "texture": "#plant"},
				"down": {"uv": [7, 14, 9, 16], "texture": "#plant"}
			}
		},
		{
			"from": [4, 7, 4],
			"to": [12, 9, 5],
			"rotation": {"angle": 0, "axis": "y", "origin": [8, 0, 7]},
			"faces": {
				"north": {"uv": [4, 10, 12, 12], "texture": "#plant"},
				"east": {"uv": [5, 10, 4, 12], "texture": "#plant"},
				"south": {"uv": [12, 10, 4, 12], "texture": "#plant"},
				"west": {"uv": [12, 10, 11, 12], "texture": "#plant"},
				"up": {"uv": [12, 10, 4, 11], "texture": "#plant"},
				"down": {"uv": [12, 11, 4, 12], "texture": "#plant"}
			}
		},
		{
			"from": [11, 7, 4],
			"to": [12, 9, 12],
			"rotation": {"angle": 0, "axis": "y", "origin": [8, 0, 7]},
			"faces": {
				"north": {"uv": [4, 10, 5, 12], "texture": "#plant"},
				"east": {"uv": [12, 10, 4, 12], "texture": "#plant"},
				"south": {"uv": [11, 10, 12, 12], "texture": "#plant"},
				"west": {"uv": [4, 10, 12, 12], "texture": "#plant"},
				"up": {"uv": [4, 10, 12, 11], "rotation": 90, "texture": "#plant"},
				"down": {"uv": [4, 11, 12, 12], "rotation": 270, "texture": "#plant"}
			}
		}
	],
	"display": {
		"thirdperson_righthand": {
			"translation": [0, 2, 0],
			"scale": [0.5, 0.5, 0.5]
		},
		"thirdperson_lefthand": {
			"translation": [0, 2, 0],
			"scale": [0.5, 0.5, 0.5]
		},
		"firstperson_righthand": {
			"scale": [0.5, 0.5, 0.5]
		},
		"firstperson_lefthand": {
			"scale": [0.5, 0.5, 0.5]
		},
		"ground": {
			"translation": [0, 3, 0],
			"scale": [0.5, 0.5, 0.5]
		},
		"gui": {
			"rotation": [30, 225, 0],
			"scale": [0.8, 0.8, 0.8]
		},
		"head": {
			"translation": [0, 14.25, 0]
		},
		"fixed": {
			"scale": [0.5, 0.5, 0.5]
		}
	},
	"groups": [
		{
			"name": "pot",
			"origin": [0, 0, 0],
			"color": 0,
			"children": [0, 1, 2, 3, 4]
		},
		{
			"name": "group",
			"origin": [8, 0, 7],
			"color": 0,
			"children": [5, 6, 7, 8, 9, 10, 11, 12, 13, 14, 15, 16, 17, 18, 19]
		}
	]
}