{
	"credit": "Made with Blockbench",
	"ambientocclusion": false,
	"textures": {
		"particle": "#plant"
	},
	"elements": [
		{
			"from": [3, 10, 3],
			"to": [13, 12, 4],
			"rotation": {"angle": 0, "axis": "y", "origin": [8, 0, 8]},
			"faces": {
				"north": {"uv": [3, 8, 13, 10], "texture": "#plant"},
				"east": {"uv": [12, 8, 13, 10], "texture": "#plant"},
				"south": {"uv": [13, 8, 3, 10], "texture": "#plant"},
				"west": {"uv": [3, 8, 4, 10], "texture": "#plant"},
				"up": {"uv": [3, 8, 13, 9], "rotation": 180, "texture": "#plant"},
				"down": {"uv": [3, 9, 13, 10], "rotation": 180, "texture": "#plant"}
			}
		},
		{
			"from": [12, 10, 3],
			"to": [13, 12, 13],
			"rotation": {"angle": 0, "axis": "y", "origin": [8, 0, 8]},
			"faces": {
				"north": {"uv": [3, 8, 4, 10], "texture": "#plant"},
				"east": {"uv": [3, 8, 13, 10], "texture": "#plant"},
				"south": {"uv": [12, 8, 13, 10], "texture": "#plant"},
				"west": {"uv": [13, 8, 3, 10], "texture": "#plant"},
				"up": {"uv": [13, 8, 3, 9], "rotation": 270, "texture": "#plant"},
				"down": {"uv": [3, 9, 13, 10], "rotation": 90, "texture": "#plant"}
			}
		},
		{
			"from": [3, 10, 12],
			"to": [13, 12, 13],
			"rotation": {"angle": 0, "axis": "y", "origin": [8, 0, 8]},
			"faces": {
				"north": {"uv": [13, 8, 3, 10], "texture": "#plant"},
				"east": {"uv": [3, 8, 4, 10], "texture": "#plant"},
				"south": {"uv": [3, 8, 13, 10], "texture": "#plant"},
				"west": {"uv": [12, 8, 13, 10], "texture": "#plant"},
				"up": {"uv": [3, 8, 13, 9], "texture": "#plant"},
				"down": {"uv": [3, 9, 13, 10], "texture": "#plant"}
			}
		},
		{
			"from": [3, 10, 3],
			"to": [4, 12, 13],
			"rotation": {"angle": 0, "axis": "y", "origin": [8, 0, 8]},
			"faces": {
				"north": {"uv": [12, 8, 13, 10], "texture": "#plant"},
				"east": {"uv": [3, 8, 13, 10], "texture": "#plant"},
				"south": {"uv": [3, 8, 4, 10], "texture": "#plant"},
				"west": {"uv": [3, 8, 13, 10], "texture": "#plant"},
				"up": {"uv": [13, 8, 3, 9], "rotation": 90, "texture": "#plant"},
				"down": {"uv": [3, 9, 13, 10], "rotation": 270, "texture": "#plant"}
			}
		},
		{
			"from": [4, 10, 4],
			"to": [5, 12, 12],
			"rotation": {"angle": 0, "axis": "y", "origin": [8, 0, 8]},
			"faces": {
				"north": {"uv": [4, 8, 5, 10], "texture": "#plant"},
				"east": {"uv": [4, 8, 12, 10], "texture": "#plant"},
				"south": {"uv": [11, 8, 12, 10], "texture": "#plant"},
				"west": {"uv": [4, 8, 12, 10], "texture": "#plant"},
				"up": {"uv": [4, 8, 12, 9], "rotation": 90, "texture": "#plant"},
				"down": {"uv": [12, 9, 4, 10], "rotation": 270, "texture": "#plant"}
			}
		},
		{
			"from": [4, 10, 4],
			"to": [12, 12, 5],
			"rotation": {"angle": 0, "axis": "y", "origin": [8, 0, 8]},
			"faces": {
				"north": {"uv": [12, 8, 4, 10], "texture": "#plant"},
				"east": {"uv": [11, 8, 12, 10], "texture": "#plant"},
				"south": {"uv": [4, 8, 12, 10], "texture": "#plant"},
				"west": {"uv": [4, 8, 5, 10], "texture": "#plant"},
				"up": {"uv": [12, 8, 4, 9], "rotation": 180, "texture": "#plant"},
				"down": {"uv": [4, 9, 12, 10], "rotation": 180, "texture": "#plant"}
			}
		},
		{
			"from": [11, 10, 4],
			"to": [12, 12, 12],
			"rotation": {"angle": 0, "axis": "y", "origin": [8, 0, 8]},
			"faces": {
				"north": {"uv": [11, 8, 12, 10], "texture": "#plant"},
				"east": {"uv": [4, 8, 12, 10], "texture": "#plant"},
				"south": {"uv": [4, 8, 5, 10], "texture": "#plant"},
				"west": {"uv": [4, 8, 12, 10], "texture": "#plant"},
				"up": {"uv": [4, 8, 12, 9], "rotation": 270, "texture": "#plant"},
				"down": {"uv": [12, 9, 4, 10], "rotation": 90, "texture": "#plant"}
			}
		},
		{
			"from": [4, 10, 11],
			"to": [12, 12, 12],
			"rotation": {"angle": 0, "axis": "y", "origin": [8, 0, 8]},
			"faces": {
				"north": {"uv": [4, 8, 12, 10], "texture": "#plant"},
				"east": {"uv": [4, 8, 5, 10], "texture": "#plant"},
				"south": {"uv": [12, 8, 4, 10], "texture": "#plant"},
				"west": {"uv": [11, 8, 12, 10], "texture": "#plant"},
				"up": {"uv": [12, 8, 4, 9], "texture": "#plant"},
				"down": {"uv": [4, 9, 12, 10], "texture": "#plant"}
			}
		},
		{
			"from": [5, 12, 5],
			"to": [6, 15, 11],
			"rotation": {"angle": 0, "axis": "y", "origin": [8, 0, 8]},
			"faces": {
				"north": {"uv": [10, 5, 11, 8], "texture": "#plant"},
				"east": {"uv": [11, 5, 5, 8], "texture": "#plant"},
				"south": {"uv": [5, 5, 6, 8], "texture": "#plant"},
				"west": {"uv": [5, 5, 11, 8], "texture": "#plant"},
				"up": {"uv": [11, 5, 5, 6], "rotation": 90, "texture": "#plant"},
				"down": {"uv": [5, 7, 11, 8], "rotation": 270, "texture": "#plant"}
			}
		},
		{
			"from": [5, 12, 5],
			"to": [11, 15, 6],
			"rotation": {"angle": 0, "axis": "y", "origin": [8, 0, 8]},
			"faces": {
				"north": {"uv": [5, 5, 11, 8], "texture": "#plant"},
				"east": {"uv": [10, 5, 11, 8], "texture": "#plant"},
				"south": {"uv": [11, 5, 5, 8], "texture": "#plant"},
				"west": {"uv": [5, 5, 6, 8], "texture": "#plant"},
				"up": {"uv": [5, 5, 11, 6], "rotation": 180, "texture": "#plant"},
				"down": {"uv": [5, 7, 11, 8], "rotation": 180, "texture": "#plant"}
			}
		},
		{
			"from": [5, 12, 10],
			"to": [11, 15, 11],
			"rotation": {"angle": 0, "axis": "y", "origin": [8, 0, 8]},
			"faces": {
				"north": {"uv": [11, 5, 5, 8], "texture": "#plant"},
				"east": {"uv": [5, 5, 6, 8], "texture": "#plant"},
				"south": {"uv": [5, 5, 11, 8], "texture": "#plant"},
				"west": {"uv": [10, 5, 11, 8], "texture": "#plant"},
				"up": {"uv": [5, 5, 11, 6], "texture": "#plant"},
				"down": {"uv": [5, 7, 11, 8], "texture": "#plant"}
			}
		},
		{
			"from": [10, 12, 5],
			"to": [11, 15, 11],
			"rotation": {"angle": 0, "axis": "y", "origin": [8, 0, 8]},
			"faces": {
				"north": {"uv": [5, 5, 6, 8], "texture": "#plant"},
				"east": {"uv": [5, 5, 11, 8], "texture": "#plant"},
				"south": {"uv": [10, 5, 11, 8], "texture": "#plant"},
				"west": {"uv": [11, 5, 5, 8], "texture": "#plant"},
				"up": {"uv": [11, 5, 5, 6], "rotation": 270, "texture": "#plant"},
				"down": {"uv": [5, 7, 11, 8], "rotation": 90, "texture": "#plant"}
			}
		},
		{
			"from": [7, 4, 7],
			"to": [9, 9, 9],
			"rotation": {"angle": 0, "axis": "y", "origin": [8, 0, 8]},
			"faces": {
				"north": {"uv": [7, 11, 9, 16], "texture": "#plant"},
				"east": {"uv": [7, 11, 9, 16], "texture": "#plant"},
				"south": {"uv": [7, 11, 9, 16], "texture": "#plant"},
				"west": {"uv": [7, 11, 9, 16], "texture": "#plant"},
				"up": {"uv": [7, 11, 9, 13], "texture": "#plant"},
				"down": {"uv": [7, 14, 9, 16], "texture": "#plant"}
			}
		},
		{
			"from": [7, 9, 7],
			"to": [9, 14, 9],
			"rotation": {"angle": 0, "axis": "y", "origin": [8, 0, 8]},
			"faces": {
				"north": {"uv": [7, 11, 9, 16], "texture": "#plant"},
				"east": {"uv": [7, 11, 9, 16], "texture": "#plant"},
				"south": {"uv": [7, 11, 9, 16], "texture": "#plant"},
				"west": {"uv": [7, 11, 9, 16], "texture": "#plant"},
				"up": {"uv": [7, 11, 9, 13], "texture": "#plant"},
				"down": {"uv": [7, 14, 9, 16], "texture": "#plant"}
			}
		},
		{
			"from": [7, 14, 7],
			"to": [9, 15, 9],
			"rotation": {"angle": 0, "axis": "y", "origin": [8, 0, 8]},
			"faces": {
				"north": {"uv": [7, 13, 9, 14], "texture": "#plant"},
				"east": {"uv": [7, 13, 9, 14], "texture": "#plant"},
				"south": {"uv": [7, 13, 9, 14], "texture": "#plant"},
				"west": {"uv": [7, 13, 9, 14], "texture": "#plant"},
				"up": {"uv": [7, 11, 9, 13], "texture": "#plant"},
				"down": {"uv": [7, 14, 9, 16], "texture": "#plant"}
			}
		},
		{
			"from": [6, 15, 9],
			"to": [10, 16, 10],
			"rotation": {"angle": 0, "axis": "y", "origin": [8, 0, 8]},
			"faces": {
				"north": {"uv": [10, 4, 6, 5], "texture": "#plant"},
				"east": {"uv": [9, 4, 10, 5], "texture": "#plant"},
				"south": {"uv": [6, 4, 10, 5], "texture": "#plant"},
				"west": {"uv": [6, 4, 7, 5], "texture": "#plant"},
				"up": {"uv": [6, 4, 10, 5], "texture": "#plant"},
				"down": {"uv": [6, 4, 10, 5], "texture": "#plant"}
			}
		},
		{
			"from": [6, 15, 8],
			"to": [10, 16, 9],
			"rotation": {"angle": 0, "axis": "y", "origin": [8, 0, 8]},
			"faces": {
				"north": {"uv": [6, 4, 10, 5], "texture": "#plant"},
				"east": {"uv": [6, 4, 7, 5], "texture": "#plant"},
				"south": {"uv": [10, 4, 6, 5], "texture": "#plant"},
				"west": {"uv": [9, 4, 10, 5], "texture": "#plant"},
				"up": {"uv": [6, 4, 10, 5], "rotation": 180, "texture": "#plant"},
				"down": {"uv": [6, 4, 10, 5], "rotation": 180, "texture": "#plant"}
			}
		},
		{
			"from": [6, 15, 7],
			"to": [10, 16, 8],
			"rotation": {"angle": 0, "axis": "y", "origin": [8, 0, 8]},
			"faces": {
				"north": {"uv": [10, 4, 6, 5], "texture": "#plant"},
				"east": {"uv": [9, 4, 10, 5], "texture": "#plant"},
				"south": {"uv": [6, 4, 10, 5], "texture": "#plant"},
				"west": {"uv": [6, 4, 7, 5], "texture": "#plant"},
				"up": {"uv": [6, 4, 10, 5], "texture": "#plant"},
				"down": {"uv": [6, 4, 10, 5], "texture": "#plant"}
			}
		},
		{
			"from": [6, 15, 6],
			"to": [10, 16, 7],
			"rotation": {"angle": 0, "axis": "y", "origin": [8, 0, 8]},
			"faces": {
				"north": {"uv": [6, 4, 10, 5], "texture": "#plant"},
				"east": {"uv": [6, 4, 7, 5], "texture": "#plant"},
				"south": {"uv": [10, 4, 6, 5], "texture": "#plant"},
				"west": {"uv": [9, 4, 10, 5], "texture": "#plant"},
				"up": {"uv": [6, 4, 10, 5], "rotation": 180, "texture": "#plant"},
				"down": {"uv": [6, 4, 10, 5], "rotation": 180, "texture": "#plant"}
			}
		},
		{
			"from": [4, 9, 4],
			"to": [12, 10, 5],
			"rotation": {"angle": 0, "axis": "y", "origin": [8, 0, 8]},
			"faces": {
				"north": {"uv": [4, 10, 12, 11], "texture": "#plant"},
				"east": {"uv": [4, 10, 5, 11], "texture": "#plant"},
				"south": {"uv": [4, 10, 12, 11], "texture": "#plant"},
				"west": {"uv": [11, 10, 12, 11], "texture": "#plant"},
				"up": {"uv": [4, 11, 12, 10], "rotation": 180, "texture": "#plant"},
				"down": {"uv": [12, 11, 4, 10], "rotation": 180, "texture": "#plant"}
			}
		},
		{
			"from": [4, 9, 4],
			"to": [5, 10, 12],
			"rotation": {"angle": 0, "axis": "y", "origin": [8, 0, 8]},
			"faces": {
				"north": {"uv": [4, 10, 5, 11], "texture": "#plant"},
				"east": {"uv": [4, 10, 12, 11], "texture": "#plant"},
				"south": {"uv": [11, 10, 12, 11], "texture": "#plant"},
				"west": {"uv": [4, 10, 12, 11], "texture": "#plant"},
				"up": {"uv": [4, 11, 12, 10], "rotation": 90, "texture": "#plant"},
				"down": {"uv": [12, 11, 4, 10], "rotation": 270, "texture": "#plant"}
			}
		},
		{
			"from": [11, 9, 4],
			"to": [12, 10, 12],
			"rotation": {"angle": 0, "axis": "y", "origin": [8, 0, 8]},
			"faces": {
				"north": {"uv": [11, 10, 12, 11], "texture": "#plant"},
				"east": {"uv": [4, 10, 12, 11], "texture": "#plant"},
				"south": {"uv": [4, 10, 5, 11], "texture": "#plant"},
				"west": {"uv": [4, 10, 12, 11], "texture": "#plant"},
				"up": {"uv": [4, 11, 12, 10], "rotation": 270, "texture": "#plant"},
				"down": {"uv": [12, 11, 4, 10], "rotation": 90, "texture": "#plant"}
			}
		},
		{
			"from": [4, 9, 11],
			"to": [12, 10, 12],
			"rotation": {"angle": 0, "axis": "y", "origin": [8, 0, 8]},
			"faces": {
				"north": {"uv": [4, 10, 12, 11], "texture": "#plant"},
				"east": {"uv": [11, 10, 12, 11], "texture": "#plant"},
				"south": {"uv": [4, 10, 12, 11], "texture": "#plant"},
				"west": {"uv": [4, 10, 5, 11], "texture": "#plant"},
				"up": {"uv": [4, 11, 12, 10], "texture": "#plant"},
				"down": {"uv": [12, 11, 4, 10], "texture": "#plant"}
			}
		},
		{
			"from": [6, 0, 6],
			"to": [10, 4, 10],
			"faces": {
				"up": {"uv": [6, 6, 10, 10], "texture": "#dirt"},
				"down": {"uv": [6, 12, 10, 16], "texture": "#flowerpot", "cullface": "down"}
			}
		},
		{
			"from": [5, 0, 5],
			"to": [6, 6, 11],
			"faces": {
				"north": {"uv": [10, 10, 11, 16], "texture": "#flowerpot"},
				"east": {"uv": [5, 10, 11, 16], "texture": "#flowerpot"},
				"south": {"uv": [5, 10, 6, 16], "texture": "#flowerpot"},
				"west": {"uv": [5, 10, 11, 16], "texture": "#flowerpot"},
				"up": {"uv": [5, 5, 6, 11], "texture": "#flowerpot"},
				"down": {"uv": [5, 5, 6, 11], "texture": "#flowerpot", "cullface": "down"}
			}
		},
		{
			"from": [10, 0, 5],
			"to": [11, 6, 11],
			"faces": {
				"north": {"uv": [5, 10, 6, 16], "texture": "#flowerpot"},
				"east": {"uv": [5, 10, 11, 16], "texture": "#flowerpot"},
				"south": {"uv": [10, 10, 11, 16], "texture": "#flowerpot"},
				"west": {"uv": [5, 10, 11, 16], "texture": "#flowerpot"},
				"up": {"uv": [10, 5, 11, 11], "texture": "#flowerpot"},
				"down": {"uv": [10, 5, 11, 11], "texture": "#flowerpot", "cullface": "down"}
			}
		},
		{
			"from": [6, 0, 5],
			"to": [10, 6, 6],
			"faces": {
				"north": {"uv": [6, 10, 10, 16], "texture": "#flowerpot"},
				"south": {"uv": [6, 10, 10, 16], "texture": "#flowerpot"},
				"up": {"uv": [6, 5, 10, 6], "texture": "#flowerpot"},
				"down": {"uv": [6, 10, 10, 11], "texture": "#flowerpot", "cullface": "down"}
			}
		},
		{
			"from": [6, 0, 10],
			"to": [10, 6, 11],
			"faces": {
				"north": {"uv": [6, 10, 10, 16], "texture": "#flowerpot"},
				"south": {"uv": [6, 10, 10, 16], "texture": "#flowerpot"},
				"up": {"uv": [6, 10, 10, 11], "texture": "#flowerpot"},
				"down": {"uv": [6, 5, 10, 6], "texture": "#flowerpot", "cullface": "down"}
			}
		}
	],
	"display": {
		"thirdperson_righthand": {
			"translation": [0, 2, 0],
			"scale": [0.5, 0.5, 0.5]
		},
		"thirdperson_lefthand": {
			"translation": [0, 2, 0],
			"scale": [0.5, 0.5, 0.5]
		},
		"firstperson_righthand": {
			"scale": [0.5, 0.5, 0.5]
		},
		"firstperson_lefthand": {
			"scale": [0.5, 0.5, 0.5]
		},
		"ground": {
			"translation": [0, 3, 0],
			"scale": [0.5, 0.5, 0.5]
		},
		"gui": {
			"rotation": [30, 225, 0],
			"scale": [0.8, 0.8, 0.8]
		},
		"head": {
			"translation": [0, 14.25, 0]
		},
		"fixed": {
			"scale": [0.5, 0.5, 0.5]
		}
	},
	"groups": [
		{
			"name": "crimson_fungus_model",
			"origin": [8, 8, 8],
			"color": 0,
			"children": [
				{
					"name": "group",
					"origin": [8, 0, 8],
					"color": 0,
					"children": [0, 1, 2, 3, 4, 5, 6, 7, 8, 9, 10, 11, 12, 13, 14, 15, 16, 17, 18, 19, 20, 21, 22]
				}
			]
		},
		{
			"name": "pot",
			"origin": [0, 0, 0],
			"color": 0,
			"children": [23, 24, 25, 26, 27]
		}
	]
}