{
	"credit": "Made with Blockbench",
	"textures": {
		"particle": "mcremake:block/crafting_table_front",
		"front": "mcremake:block/crafting_table_front",
		"side": "mcremake:block/crafting_table_side",
		"top": "mcremake:block/crafting_table_top",
		"bottom": "mcremake:block/oak_planks"
	},
	"elements": [
		{
			"from": [0, 0, 0],
			"to": [16, 16, 16],
			"rotation": {"angle": 0, "axis": "y", "origin": [8, 1, 8]},
			"faces": {
				"north": {"uv": [0, 0, 16, 16], "texture": "#front"},
				"east": {"uv": [0, 0, 16, 16], "texture": "#side"},
				"south": {"uv": [0, 0, 16, 16], "texture": "#front"},
				"west": {"uv": [0, 0, 16, 16], "texture": "#side"},
				"up": {"uv": [0, 0, 16, 16], "texture": "#top"},
				"down": {"uv": [0, 0, 16, 16], "texture": "#bottom"}
			}
		},
		{
			"from": [2, 15.99, 2],
			"to": [14, 16.99, 14],
			"rotation": {"angle": 0, "axis": "y", "origin": [8, 1, 8]},
			"faces": {
				"north": {"uv": [2, 13, 14, 14], "texture": "#top"},
				"east": {"uv": [13, 2, 14, 14], "rotation": 90, "texture": "#top"},
				"south": {"uv": [2, 13, 14, 14], "texture": "#top"},
				"west": {"uv": [2, 2, 3, 14], "rotation": 90, "texture": "#top"},
				"up": {"uv": [2, 2, 14, 14], "texture": "#top"},
				"down": {"uv": [2, 2, 14, 14], "texture": "#top"}
			}
		},
		{
			"from": [3, 15.99, 1],
			"to": [13, 16.99, 2],
			"rotation": {"angle": 0, "axis": "y", "origin": [8, 1, 8]},
			"faces": {
				"north": {"uv": [3, 14, 13, 15], "texture": "#top"},
				"east": {"uv": [12, 14, 13, 15], "rotation": 90, "texture": "#top"},
				"south": {"uv": [3, 14, 13, 15], "texture": "#top"},
				"west": {"uv": [3, 14, 4, 15], "rotation": 90, "texture": "#top"},
				"up": {"uv": [3, 14, 13, 15], "texture": "#top"},
				"down": {"uv": [3, 14, 13, 15], "texture": "#top"}
			}
		},
		{
			"from": [4, 15.99, 0],
			"to": [12, 16.99, 1],
			"rotation": {"angle": 0, "axis": "y", "origin": [8, 1, 8]},
			"faces": {
				"north": {"uv": [4, 15, 12, 16], "texture": "#top"},
				"east": {"uv": [12, 15, 11, 16], "rotation": 90, "texture": "#top"},
				"south": {"uv": [4, 15, 12, 16], "texture": "#top"},
				"west": {"uv": [5, 15, 4, 16], "rotation": 90, "texture": "#top"},
				"up": {"uv": [4, 15, 12, 16], "texture": "#top"},
				"down": {"uv": [4, 15, 12, 16], "texture": "#top"}
			}
		},
		{
			"from": [4, 15.99, 15],
			"to": [12, 16.99, 16],
			"rotation": {"angle": 0, "axis": "y", "origin": [8, 1, 8]},
			"faces": {
				"north": {"uv": [4, 0, 12, 1], "texture": "#top"},
				"east": {"uv": [12, 0, 11, 1], "rotation": 90, "texture": "#top"},
				"south": {"uv": [4, 0, 12, 1], "texture": "#top"},
				"west": {"uv": [5, 0, 4, 1], "rotation": 90, "texture": "#top"},
				"up": {"uv": [4, 0, 12, 1], "texture": "#top"},
				"down": {"uv": [4, 0, 12, 1], "texture": "#top"}
			}
		},
		{
			"from": [15, 15.99, 4],
			"to": [16, 16.99, 12],
			"rotation": {"angle": 0, "axis": "y", "origin": [8, 1, 8]},
			"faces": {
				"north": {"uv": [1, 12, 0, 11], "rotation": 90, "texture": "#top"},
				"east": {"uv": [0, 4, 1, 12], "rotation": 90, "texture": "#top"},
				"south": {"uv": [1, 5, 0, 4], "rotation": 90, "texture": "#top"},
				"west": {"uv": [0, 4, 1, 12], "rotation": 90, "texture": "#top"},
				"up": {"uv": [0, 4, 1, 12], "texture": "#top"},
				"down": {"uv": [0, 4, 1, 12], "texture": "#top"}
			}
		},
		{
			"from": [0, 15.99, 4],
			"to": [1, 16.99, 12],
			"rotation": {"angle": 0, "axis": "y", "origin": [8, 1, 8]},
			"faces": {
				"north": {"uv": [16, 12, 15, 11], "rotation": 90, "texture": "#top"},
				"east": {"uv": [15, 4, 16, 12], "rotation": 90, "texture": "#top"},
				"south": {"uv": [16, 5, 15, 4], "rotation": 90, "texture": "#top"},
				"west": {"uv": [15, 4, 16, 12], "rotation": 90, "texture": "#top"},
				"up": {"uv": [15, 4, 16, 12], "texture": "#top"},
				"down": {"uv": [15, 4, 16, 12], "texture": "#top"}
			}
		},
		{
			"from": [14, 15.99, 3],
			"to": [15, 16.99, 13],
			"rotation": {"angle": 0, "axis": "y", "origin": [8, 1, 8]},
			"faces": {
				"north": {"uv": [2, 12, 1, 13], "rotation": 90, "texture": "#top"},
				"east": {"uv": [1, 3, 2, 13], "rotation": 90, "texture": "#top"},
				"south": {"uv": [2, 3, 1, 4], "rotation": 90, "texture": "#top"},
				"west": {"uv": [1, 3, 2, 13], "rotation": 90, "texture": "#top"},
				"up": {"uv": [1, 3, 2, 13], "texture": "#top"},
				"down": {"uv": [1, 3, 2, 13], "texture": "#top"}
			}
		},
		{
			"from": [3, 15.99, 14],
			"to": [13, 16.99, 15],
			"rotation": {"angle": 0, "axis": "y", "origin": [8, 1, 8]},
			"faces": {
				"north": {"uv": [3, 1, 13, 2], "texture": "#top"},
				"east": {"uv": [3, 1, 4, 2], "rotation": 90, "texture": "#top"},
				"south": {"uv": [3, 1, 13, 2], "texture": "#top"},
				"west": {"uv": [12, 1, 13, 2], "rotation": 90, "texture": "#top"},
				"up": {"uv": [3, 1, 13, 2], "rotation": 180, "texture": "#top"},
				"down": {"uv": [3, 1, 13, 2], "rotation": 180, "texture": "#top"}
			}
		},
		{
			"from": [1, 15.99, 3],
			"to": [2, 16.99, 13],
			"rotation": {"angle": 0, "axis": "y", "origin": [8, 1, 8]},
			"faces": {
				"north": {"uv": [15, 3, 14, 4], "rotation": 90, "texture": "#top"},
				"east": {"uv": [14, 3, 15, 13], "rotation": 90, "texture": "#top"},
				"south": {"uv": [15, 12, 14, 13], "rotation": 90, "texture": "#top"},
				"west": {"uv": [14, 3, 15, 13], "rotation": 90, "texture": "#top"},
				"up": {"uv": [14, 3, 15, 13], "rotation": 180, "texture": "#top"},
				"down": {"uv": [14, 3, 15, 13], "rotation": 180, "texture": "#top"}
			}
		},
		{
			"from": [12, 7, -1],
			"to": [13, 11, 0],
			"rotation": {"angle": 0, "axis": "y", "origin": [8, 1, 8]},
			"faces": {
				"north": {"uv": [3, 5, 4, 9], "texture": "#front"},
				"east": {"uv": [3, 5, 4, 9], "texture": "#front"},
				"south": {"uv": [3, 5, 4, 9], "texture": "#front"},
				"west": {"uv": [3, 5, 4, 9], "texture": "#front"},
				"up": {"uv": [3, 5, 4, 6], "texture": "#front"},
				"down": {"uv": [3, 8, 4, 9], "texture": "#front"}
			}
		},
		{
			"from": [11, 5, -1],
			"to": [14, 7, 0],
			"rotation": {"angle": 0, "axis": "y", "origin": [8, 1, 8]},
			"faces": {
				"north": {"uv": [2, 9, 5, 11], "texture": "#front"},
				"east": {"uv": [4, 9, 5, 11], "texture": "#front"},
				"south": {"uv": [2, 9, 5, 11], "texture": "#front"},
				"west": {"uv": [2, 9, 3, 11], "texture": "#front"},
				"up": {"uv": [2, 10, 5, 11], "texture": "#front"},
				"down": {"uv": [2, 9, 5, 10], "texture": "#front"}
			}
		},
		{
			"from": [2, 3, -1],
			"to": [3, 13, 0],
			"rotation": {"angle": 0, "axis": "y", "origin": [8, 1, 8]},
			"faces": {
				"north": {"uv": [13, 3, 14, 13], "texture": "#front"},
				"east": {"uv": [13, 3, 14, 13], "texture": "#front"},
				"south": {"uv": [13, 3, 14, 13], "texture": "#front"},
				"west": {"uv": [13, 3, 14, 13], "texture": "#front"},
				"up": {"uv": [13, 3, 14, 4], "texture": "#front"},
				"down": {"uv": [13, 12, 14, 13], "texture": "#front"}
			}
		},
		{
			"from": [3, 5, -1],
			"to": [4, 11, 0],
			"rotation": {"angle": 0, "axis": "y", "origin": [8, 1, 8]},
			"faces": {
				"north": {"uv": [12, 5, 13, 11], "texture": "#front"},
				"east": {"uv": [12, 5, 13, 11], "texture": "#front"},
				"south": {"uv": [12, 5, 13, 11], "texture": "#front"},
				"west": {"uv": [12, 5, 13, 11], "texture": "#front"},
				"up": {"uv": [12, 5, 13, 6], "texture": "#front"},
				"down": {"uv": [12, 10, 13, 11], "texture": "#front"}
			}
		},
		{
			"from": [4, 7, -1],
			"to": [5, 13, 0],
			"rotation": {"angle": 0, "axis": "y", "origin": [8, 1, 8]},
			"faces": {
				"north": {"uv": [11, 3, 12, 9], "texture": "#front"},
				"east": {"uv": [11, 3, 12, 9], "texture": "#front"},
				"south": {"uv": [11, 3, 12, 9], "texture": "#front"},
				"west": {"uv": [11, 3, 12, 9], "texture": "#front"},
				"up": {"uv": [11, 3, 12, 4], "texture": "#front"},
				"down": {"uv": [11, 8, 12, 9], "texture": "#front"}
			}
		},
		{
			"from": [3, 12, -1],
			"to": [4, 13, 0],
			"rotation": {"angle": 0, "axis": "y", "origin": [8, 1, 8]},
			"faces": {
				"north": {"uv": [12, 3, 13, 4], "texture": "#front"},
				"east": {"uv": [12, 3, 13, 4], "texture": "#front"},
				"south": {"uv": [12, 3, 13, 4], "texture": "#front"},
				"west": {"uv": [12, 3, 13, 4], "texture": "#front"},
				"up": {"uv": [12, 3, 13, 4], "texture": "#front"},
				"down": {"uv": [12, 3, 13, 4], "texture": "#front"}
			}
		},
		{
			"from": [12, 12, 16],
			"to": [13, 13, 17],
			"rotation": {"angle": 0, "axis": "y", "origin": [8, 1, 8]},
			"faces": {
				"north": {"uv": [12, 3, 13, 4], "texture": "#front"},
				"east": {"uv": [12, 3, 13, 4], "texture": "#front"},
				"south": {"uv": [12, 3, 13, 4], "texture": "#front"},
				"west": {"uv": [12, 3, 13, 4], "texture": "#front"},
				"up": {"uv": [12, 3, 13, 4], "rotation": 180, "texture": "#front"},
				"down": {"uv": [12, 3, 13, 4], "rotation": 180, "texture": "#front"}
			}
		},
		{
			"from": [11, 7, 16],
			"to": [12, 13, 17],
			"rotation": {"angle": 0, "axis": "y", "origin": [8, 1, 8]},
			"faces": {
				"north": {"uv": [11, 3, 12, 9], "texture": "#front"},
				"east": {"uv": [11, 3, 12, 9], "texture": "#front"},
				"south": {"uv": [11, 3, 12, 9], "texture": "#front"},
				"west": {"uv": [11, 3, 12, 9], "texture": "#front"},
				"up": {"uv": [11, 3, 12, 4], "rotation": 180, "texture": "#front"},
				"down": {"uv": [11, 8, 12, 9], "rotation": 180, "texture": "#front"}
			}
		},
		{
			"from": [13, 3, 16],
			"to": [14, 13, 17],
			"rotation": {"angle": 0, "axis": "y", "origin": [8, 1, 8]},
			"faces": {
				"north": {"uv": [13, 3, 14, 13], "texture": "#front"},
				"east": {"uv": [13, 3, 14, 13], "texture": "#front"},
				"south": {"uv": [13, 3, 14, 13], "texture": "#front"},
				"west": {"uv": [13, 3, 14, 13], "texture": "#front"},
				"up": {"uv": [13, 3, 14, 4], "rotation": 180, "texture": "#front"},
				"down": {"uv": [13, 12, 14, 13], "rotation": 180, "texture": "#front"}
			}
		},
		{
			"from": [12, 5, 16],
			"to": [13, 11, 17],
			"rotation": {"angle": 0, "axis": "y", "origin": [8, 1, 8]},
			"faces": {
				"north": {"uv": [12, 5, 13, 11], "texture": "#front"},
				"east": {"uv": [12, 5, 13, 11], "texture": "#front"},
				"south": {"uv": [12, 5, 13, 11], "texture": "#front"},
				"west": {"uv": [12, 5, 13, 11], "texture": "#front"},
				"up": {"uv": [12, 5, 13, 6], "rotation": 180, "texture": "#front"},
				"down": {"uv": [12, 10, 13, 11], "rotation": 180, "texture": "#front"}
			}
		},
		{
			"from": [2, 5, 16],
			"to": [5, 7, 17],
			"rotation": {"angle": 0, "axis": "y", "origin": [8, 1, 8]},
			"faces": {
				"north": {"uv": [2, 9, 5, 11], "texture": "#front"},
				"east": {"uv": [2, 9, 3, 11], "texture": "#front"},
				"south": {"uv": [2, 9, 5, 11], "texture": "#front"},
				"west": {"uv": [4, 9, 5, 11], "texture": "#front"},
				"up": {"uv": [2, 10, 5, 11], "rotation": 180, "texture": "#front"},
				"down": {"uv": [2, 9, 5, 10], "rotation": 180, "texture": "#front"}
			}
		},
		{
			"from": [3, 7, 16],
			"to": [4, 11, 17],
			"rotation": {"angle": 0, "axis": "y", "origin": [8, 1, 8]},
			"faces": {
				"north": {"uv": [3, 5, 4, 9], "texture": "#front"},
				"east": {"uv": [3, 5, 4, 9], "texture": "#front"},
				"south": {"uv": [3, 5, 4, 9], "texture": "#front"},
				"west": {"uv": [3, 5, 4, 9], "texture": "#front"},
				"up": {"uv": [3, 5, 4, 6], "rotation": 180, "texture": "#front"},
				"down": {"uv": [3, 8, 4, 9], "rotation": 180, "texture": "#front"}
			}
		},
		{
			"from": [16, 9, 12],
			"to": [17, 11, 13],
			"rotation": {"angle": 0, "axis": "y", "origin": [8, 1, 8]},
			"faces": {
				"north": {"uv": [3, 5, 4, 7], "texture": "#side"},
				"east": {"uv": [3, 5, 4, 7], "texture": "#side"},
				"south": {"uv": [3, 5, 4, 7], "texture": "#side"},
				"west": {"uv": [3, 5, 4, 7], "texture": "#side"},
				"up": {"uv": [3, 5, 4, 6], "texture": "#side"},
				"down": {"uv": [3, 6, 4, 7], "texture": "#side"}
			}
		},
		{
			"from": [16, 9, 10],
			"to": [17, 11, 11],
			"rotation": {"angle": 0, "axis": "y", "origin": [8, 1, 8]},
			"faces": {
				"north": {"uv": [5, 5, 6, 7], "texture": "#side"},
				"east": {"uv": [5, 5, 6, 7], "texture": "#side"},
				"south": {"uv": [5, 5, 6, 7], "texture": "#side"},
				"west": {"uv": [5, 5, 6, 7], "texture": "#side"},
				"up": {"uv": [5, 5, 6, 6], "texture": "#side"},
				"down": {"uv": [5, 6, 6, 7], "texture": "#side"}
			}
		},
		{
			"from": [16, 6, 12],
			"to": [17, 8, 13],
			"rotation": {"angle": 0, "axis": "y", "origin": [8, 1, 8]},
			"faces": {
				"north": {"uv": [3, 8, 4, 10], "texture": "#side"},
				"east": {"uv": [3, 8, 4, 10], "texture": "#side"},
				"south": {"uv": [3, 8, 4, 10], "texture": "#side"},
				"west": {"uv": [3, 8, 4, 10], "texture": "#side"},
				"up": {"uv": [3, 8, 4, 9], "texture": "#side"},
				"down": {"uv": [3, 9, 4, 10], "texture": "#side"}
			}
		},
		{
			"from": [16, 6, 10],
			"to": [17, 8, 11],
			"rotation": {"angle": 0, "axis": "y", "origin": [8, 1, 8]},
			"faces": {
				"north": {"uv": [5, 8, 6, 10], "texture": "#side"},
				"east": {"uv": [5, 8, 6, 10], "texture": "#side"},
				"south": {"uv": [5, 8, 6, 10], "texture": "#side"},
				"west": {"uv": [5, 8, 6, 10], "texture": "#side"},
				"up": {"uv": [5, 8, 6, 9], "texture": "#side"},
				"down": {"uv": [5, 9, 6, 10], "texture": "#side"}
			}
		},
		{
			"from": [16, 8, 11],
			"to": [17, 9, 12],
			"rotation": {"angle": 0, "axis": "y", "origin": [8, 1, 8]},
			"faces": {
				"north": {"uv": [4, 7, 5, 8], "texture": "#side"},
				"east": {"uv": [4, 7, 5, 8], "texture": "#side"},
				"south": {"uv": [4, 7, 5, 8], "texture": "#side"},
				"west": {"uv": [5, 8, 6, 10], "texture": "#side"},
				"up": {"uv": [4, 7, 5, 8], "texture": "#side"},
				"down": {"uv": [4, 7, 5, 8], "texture": "#side"}
			}
		},
		{
			"from": [-1, 9, 5],
			"to": [0, 11, 6],
			"rotation": {"angle": 0, "axis": "y", "origin": [8, 1, 8]},
			"faces": {
				"north": {"uv": [5, 5, 6, 7], "texture": "#side"},
				"east": {"uv": [5, 5, 6, 7], "texture": "#side"},
				"south": {"uv": [5, 5, 6, 7], "texture": "#side"},
				"west": {"uv": [5, 5, 6, 7], "texture": "#side"},
				"up": {"uv": [5, 5, 6, 6], "rotation": 180, "texture": "#side"},
				"down": {"uv": [5, 6, 6, 7], "rotation": 180, "texture": "#side"}
			}
		},
		{
			"from": [-1, 14.99, 5],
			"to": [0, 15.99, 11],
			"rotation": {"angle": 0, "axis": "y", "origin": [8, 1, 8]},
			"faces": {
				"north": {"uv": [5, 0, 6, 1], "texture": "#side"},
				"east": {"uv": [5, 0, 11, 1], "texture": "#side"},
				"south": {"uv": [10, 0, 11, 1], "texture": "#side"},
				"west": {"uv": [5, 0, 11, 1], "texture": "#side"},
				"up": {"uv": [5, 0, 11, 1], "rotation": 90, "texture": "#side"},
				"down": {"uv": [5, 0, 11, 1], "rotation": 90, "texture": "#side"}
			}
		},
		{
			"from": [-1, 13.99, 6],
			"to": [0, 14.99, 10],
			"rotation": {"angle": 0, "axis": "y", "origin": [8, 1, 8]},
			"faces": {
				"north": {"uv": [7, 1, 6, 2], "texture": "#side"},
				"east": {"uv": [6, 1, 10, 2], "texture": "#side"},
				"south": {"uv": [10, 1, 9, 2], "texture": "#side"},
				"west": {"uv": [6, 1, 10, 2], "texture": "#side"},
				"up": {"uv": [6, 1, 10, 2], "rotation": 90, "texture": "#side"},
				"down": {"uv": [6, 1, 10, 2], "rotation": 90, "texture": "#side"}
			}
		},
		{
			"from": [-1, -0.01, 7],
			"to": [0, 13.99, 9],
			"rotation": {"angle": 0, "axis": "y", "origin": [8, 1, 8]},
			"faces": {
				"north": {"uv": [7, 2, 8, 16], "texture": "#side"},
				"east": {"uv": [7, 2, 9, 16], "texture": "#side"},
				"south": {"uv": [8, 2, 9, 16], "texture": "#side"},
				"west": {"uv": [7, 2, 9, 16], "texture": "#side"},
				"up": {"uv": [7, 2, 9, 3], "rotation": 90, "texture": "#side"},
				"down": {"uv": [7, 15, 9, 16], "rotation": 90, "texture": "#side"}
			}
		},
		{
			"from": [7, -0.01, -1],
			"to": [9, 13.99, 0],
			"rotation": {"angle": 0, "axis": "y", "origin": [8, 1, 8]},
			"faces": {
				"north": {"uv": [7, 2, 9, 16], "texture": "#front"},
				"east": {"uv": [7, 2, 8, 16], "texture": "#front"},
				"south": {"uv": [7, 2, 9, 16], "texture": "#front"},
				"west": {"uv": [8, 2, 9, 16], "texture": "#front"},
				"up": {"uv": [7, 2, 9, 3], "rotation": 180, "texture": "#front"},
				"down": {"uv": [7, 15, 9, 16], "texture": "#front"}
			}
		},
		{
			"from": [7, -0.01, 16],
			"to": [9, 13.99, 17],
			"rotation": {"angle": 0, "axis": "y", "origin": [8, 1, 8]},
			"faces": {
				"north": {"uv": [7, 2, 9, 16], "texture": "#front"},
				"east": {"uv": [8, 2, 9, 16], "texture": "#front"},
				"south": {"uv": [7, 2, 9, 16], "texture": "#front"},
				"west": {"uv": [7, 2, 8, 16], "texture": "#front"},
				"up": {"uv": [7, 2, 9, 3], "texture": "#front"},
				"down": {"uv": [7, 15, 9, 16], "rotation": 180, "texture": "#front"}
			}
		},
		{
			"from": [16, -0.01, 7],
			"to": [17, 13.99, 9],
			"rotation": {"angle": 0, "axis": "y", "origin": [8, 1, 8]},
			"faces": {
				"north": {"uv": [8, 2, 9, 16], "texture": "#side"},
				"east": {"uv": [7, 2, 9, 16], "texture": "#side"},
				"south": {"uv": [7, 2, 8, 16], "texture": "#side"},
				"west": {"uv": [7, 2, 9, 16], "texture": "#side"},
				"up": {"uv": [7, 2, 9, 3], "rotation": 270, "texture": "#side"},
				"down": {"uv": [7, 15, 9, 16], "rotation": 270, "texture": "#side"}
			}
		},
		{
			"from": [5, 14.99, -1],
			"to": [11, 15.99, 0],
			"rotation": {"angle": 0, "axis": "y", "origin": [8, 1, 8]},
			"faces": {
				"north": {"uv": [5, 0, 11, 1], "texture": "#front"},
				"east": {"uv": [5, 0, 6, 1], "texture": "#front"},
				"south": {"uv": [5, 0, 11, 1], "texture": "#front"},
				"west": {"uv": [10, 0, 11, 1], "texture": "#front"},
				"up": {"uv": [5, 0, 11, 1], "rotation": 180, "texture": "#front"},
				"down": {"uv": [5, 0, 11, 1], "texture": "#front"}
			}
		},
		{
			"from": [6, 13.99, -1],
			"to": [10, 14.99, 0],
			"rotation": {"angle": 0, "axis": "y", "origin": [8, 1, 8]},
			"faces": {
				"north": {"uv": [6, 1, 10, 2], "texture": "#front"},
				"east": {"uv": [7, 1, 6, 2], "texture": "#front"},
				"south": {"uv": [6, 1, 10, 2], "texture": "#front"},
				"west": {"uv": [10, 1, 9, 2], "texture": "#front"},
				"up": {"uv": [6, 1, 10, 2], "rotation": 180, "texture": "#front"},
				"down": {"uv": [6, 1, 10, 2], "texture": "#front"}
			}
		},
		{
			"from": [5, 14.99, 16],
			"to": [11, 15.99, 17],
			"rotation": {"angle": 0, "axis": "y", "origin": [8, 1, 8]},
			"faces": {
				"north": {"uv": [5, 0, 11, 1], "texture": "#front"},
				"east": {"uv": [10, 0, 11, 1], "texture": "#front"},
				"south": {"uv": [5, 0, 11, 1], "texture": "#front"},
				"west": {"uv": [5, 0, 6, 1], "texture": "#front"},
				"up": {"uv": [5, 0, 11, 1], "texture": "#front"},
				"down": {"uv": [5, 0, 11, 1], "rotation": 180, "texture": "#front"}
			}
		},
		{
			"from": [6, 13.99, 16],
			"to": [10, 14.99, 17],
			"rotation": {"angle": 0, "axis": "y", "origin": [8, 1, 8]},
			"faces": {
				"north": {"uv": [6, 1, 10, 2], "texture": "#front"},
				"east": {"uv": [10, 1, 9, 2], "texture": "#front"},
				"south": {"uv": [6, 1, 10, 2], "texture": "#front"},
				"west": {"uv": [7, 1, 6, 2], "texture": "#front"},
				"up": {"uv": [6, 1, 10, 2], "texture": "#front"},
				"down": {"uv": [6, 1, 10, 2], "rotation": 180, "texture": "#front"}
			}
		},
		{
			"from": [16, 14.99, 5],
			"to": [17, 15.99, 11],
			"rotation": {"angle": 0, "axis": "y", "origin": [8, 1, 8]},
			"faces": {
				"north": {"uv": [10, 0, 11, 1], "texture": "#side"},
				"east": {"uv": [5, 0, 11, 1], "texture": "#side"},
				"south": {"uv": [5, 0, 6, 1], "texture": "#side"},
				"west": {"uv": [5, 0, 11, 1], "texture": "#side"},
				"up": {"uv": [5, 0, 11, 1], "rotation": 270, "texture": "#side"},
				"down": {"uv": [5, 0, 11, 1], "rotation": 270, "texture": "#side"}
			}
		},
		{
			"from": [16, 13.99, 6],
			"to": [17, 14.99, 10],
			"rotation": {"angle": 0, "axis": "y", "origin": [8, 1, 8]},
			"faces": {
				"north": {"uv": [10, 1, 9, 2], "texture": "#side"},
				"east": {"uv": [6, 1, 10, 2], "texture": "#side"},
				"south": {"uv": [7, 1, 6, 2], "texture": "#side"},
				"west": {"uv": [6, 1, 10, 2], "texture": "#side"},
				"up": {"uv": [6, 1, 10, 2], "rotation": 270, "texture": "#side"},
				"down": {"uv": [6, 1, 10, 2], "rotation": 270, "texture": "#side"}
			}
		},
		{
			"from": [-1, 9, 3],
			"to": [0, 11, 4],
			"rotation": {"angle": 0, "axis": "y", "origin": [8, 1, 8]},
			"faces": {
				"north": {"uv": [3, 5, 4, 7], "texture": "#side"},
				"east": {"uv": [3, 5, 4, 7], "texture": "#side"},
				"south": {"uv": [3, 5, 4, 7], "texture": "#side"},
				"west": {"uv": [3, 5, 4, 7], "texture": "#side"},
				"up": {"uv": [3, 5, 4, 6], "rotation": 180, "texture": "#side"},
				"down": {"uv": [3, 6, 4, 7], "rotation": 180, "texture": "#side"}
			}
		},
		{
			"from": [-1, 8, 4],
			"to": [0, 9, 5],
			"rotation": {"angle": 0, "axis": "y", "origin": [8, 1, 8]},
			"faces": {
				"north": {"uv": [4, 7, 5, 8], "texture": "#side"},
				"east": {"uv": [5, 8, 6, 10], "texture": "#side"},
				"south": {"uv": [4, 7, 5, 8], "texture": "#side"},
				"west": {"uv": [4, 7, 5, 8], "texture": "#side"},
				"up": {"uv": [4, 7, 5, 8], "rotation": 180, "texture": "#side"},
				"down": {"uv": [4, 7, 5, 8], "rotation": 180, "texture": "#side"}
			}
		},
		{
			"from": [-1, 6, 5],
			"to": [0, 8, 6],
			"rotation": {"angle": 0, "axis": "y", "origin": [8, 1, 8]},
			"faces": {
				"north": {"uv": [5, 8, 6, 10], "texture": "#side"},
				"east": {"uv": [5, 8, 6, 10], "texture": "#side"},
				"south": {"uv": [5, 8, 6, 10], "texture": "#side"},
				"west": {"uv": [5, 8, 6, 10], "texture": "#side"},
				"up": {"uv": [5, 8, 6, 9], "rotation": 180, "texture": "#side"},
				"down": {"uv": [5, 9, 6, 10], "rotation": 180, "texture": "#side"}
			}
		},
		{
			"from": [-1, 6, 3],
			"to": [0, 8, 4],
			"rotation": {"angle": 0, "axis": "y", "origin": [8, 1, 8]},
			"faces": {
				"north": {"uv": [3, 8, 4, 10], "texture": "#side"},
				"east": {"uv": [3, 8, 4, 10], "texture": "#side"},
				"south": {"uv": [3, 8, 4, 10], "texture": "#side"},
				"west": {"uv": [3, 8, 4, 10], "texture": "#side"},
				"up": {"uv": [3, 8, 4, 9], "rotation": 180, "texture": "#side"},
				"down": {"uv": [3, 9, 4, 10], "rotation": 180, "texture": "#side"}
			}
		}
	],
	"display": {
		"thirdperson_righthand": {
			"rotation": [75, 45, 0],
			"translation": [0, 2.5, 0],
			"scale": [0.375, 0.375, 0.375]
		},
		"thirdperson_lefthand": {
			"rotation": [75, 45, 0],
			"translation": [0, 2.5, 0],
			"scale": [0.375, 0.375, 0.375]
		},
		"firstperson_righthand": {
			"rotation": [0, 45, 0],
			"scale": [0.4, 0.4, 0.4]
		},
		"firstperson_lefthand": {
			"rotation": [0, 225, 0],
			"scale": [0.4, 0.4, 0.4]
		},
		"ground": {
			"translation": [0, 3, 0],
			"scale": [0.25, 0.25, 0.25]
		},
		"gui": {
			"rotation": [30, 225, 0],
			"scale": [0.625, 0.625, 0.625]
		},
		"fixed": {
			"scale": [0.5, 0.5, 0.5]
		}
	},
	"groups": [
		{
			"name": "group",
			"origin": [8, 0, 8],
			"color": 0,
			"children": [0, 1, 2, 3, 4, 5, 6, 7, 8, 9, 10, 11, 12, 13, 14, 15, 16, 17, 18, 19, 20, 21, 22, 23, 24, 25, 26, 27, 28, 29, 30, 31, 32, 33, 34, 35, 36, 37, 38, 39, 40, 41, 42, 43]
		}
	]
}