{
	"credit": "Made with Blockbench",
	"textures": {
		"particle": "minecraft:block/crimson_fungus",
		"crimson": "minecraft:block/crimson_fungus"
	},
	"elements": [
		{
			"from": [0, 12, 6],
			"to": [10, 14, 7],
			"rotation": {"angle": 0, "axis": "y", "origin": [8, 0, 8]},
			"faces": {
				"north": {"uv": [3, 8, 13, 10], "texture": "#crimson"},
				"east": {"uv": [12, 8, 13, 10], "texture": "#crimson"},
				"south": {"uv": [13, 8, 3, 10], "texture": "#crimson"},
				"west": {"uv": [3, 8, 4, 10], "texture": "#crimson"},
				"up": {"uv": [3, 8, 13, 9], "rotation": 180, "texture": "#crimson"},
				"down": {"uv": [3, 9, 13, 10], "rotation": 180, "texture": "#crimson"}
			}
		},
		{
			"from": [9, 12, 6],
			"to": [10, 14, 16],
			"rotation": {"angle": 0, "axis": "y", "origin": [8, 0, 8]},
			"faces": {
				"north": {"uv": [3, 8, 4, 10], "texture": "#crimson"},
				"east": {"uv": [3, 8, 13, 10], "texture": "#crimson"},
				"south": {"uv": [12, 8, 13, 10], "texture": "#crimson"},
				"west": {"uv": [13, 8, 3, 10], "texture": "#crimson"},
				"up": {"uv": [13, 8, 3, 9], "rotation": 270, "texture": "#crimson"},
				"down": {"uv": [3, 9, 13, 10], "rotation": 90, "texture": "#crimson"}
			}
		},
		{
			"from": [0, 12, 15],
			"to": [10, 14, 16],
			"rotation": {"angle": 0, "axis": "y", "origin": [8, 0, 8]},
			"faces": {
				"north": {"uv": [13, 8, 3, 10], "texture": "#crimson"},
				"east": {"uv": [3, 8, 4, 10], "texture": "#crimson"},
				"south": {"uv": [3, 8, 13, 10], "texture": "#crimson"},
				"west": {"uv": [12, 8, 13, 10], "texture": "#crimson"},
				"up": {"uv": [3, 8, 13, 9], "texture": "#crimson"},
				"down": {"uv": [3, 9, 13, 10], "texture": "#crimson"}
			}
		},
		{
			"from": [0, 12, 6],
			"to": [1, 14, 16],
			"rotation": {"angle": 0, "axis": "y", "origin": [8, 0, 8]},
			"faces": {
				"north": {"uv": [12, 8, 13, 10], "texture": "#crimson"},
				"east": {"uv": [3, 8, 13, 10], "texture": "#crimson"},
				"south": {"uv": [3, 8, 4, 10], "texture": "#crimson"},
				"west": {"uv": [3, 8, 13, 10], "texture": "#crimson"},
				"up": {"uv": [13, 8, 3, 9], "rotation": 90, "texture": "#crimson"},
				"down": {"uv": [3, 9, 13, 10], "rotation": 270, "texture": "#crimson"}
			}
		},
		{
			"from": [1, 12, 7],
			"to": [2, 14, 15],
			"rotation": {"angle": 0, "axis": "y", "origin": [8, 0, 8]},
			"faces": {
				"north": {"uv": [4, 8, 5, 10], "texture": "#crimson"},
				"east": {"uv": [4, 8, 12, 10], "texture": "#crimson"},
				"south": {"uv": [11, 8, 12, 10], "texture": "#crimson"},
				"west": {"uv": [4, 8, 12, 10], "texture": "#crimson"},
				"up": {"uv": [4, 8, 12, 9], "rotation": 90, "texture": "#crimson"},
				"down": {"uv": [12, 9, 4, 10], "rotation": 270, "texture": "#crimson"}
			}
		},
		{
			"from": [1, 12, 7],
			"to": [9, 14, 8],
			"rotation": {"angle": 0, "axis": "y", "origin": [8, 0, 8]},
			"faces": {
				"north": {"uv": [12, 8, 4, 10], "texture": "#crimson"},
				"east": {"uv": [11, 8, 12, 10], "texture": "#crimson"},
				"south": {"uv": [4, 8, 12, 10], "texture": "#crimson"},
				"west": {"uv": [4, 8, 5, 10], "texture": "#crimson"},
				"up": {"uv": [12, 8, 4, 9], "rotation": 180, "texture": "#crimson"},
				"down": {"uv": [4, 9, 12, 10], "rotation": 180, "texture": "#crimson"}
			}
		},
		{
			"from": [8, 12, 7],
			"to": [9, 14, 15],
			"rotation": {"angle": 0, "axis": "y", "origin": [8, 0, 8]},
			"faces": {
				"north": {"uv": [11, 8, 12, 10], "texture": "#crimson"},
				"east": {"uv": [4, 8, 12, 10], "texture": "#crimson"},
				"south": {"uv": [4, 8, 5, 10], "texture": "#crimson"},
				"west": {"uv": [4, 8, 12, 10], "texture": "#crimson"},
				"up": {"uv": [4, 8, 12, 9], "rotation": 270, "texture": "#crimson"},
				"down": {"uv": [12, 9, 4, 10], "rotation": 90, "texture": "#crimson"}
			}
		},
		{
			"from": [1, 12, 14],
			"to": [9, 14, 15],
			"rotation": {"angle": 0, "axis": "y", "origin": [8, 0, 8]},
			"faces": {
				"north": {"uv": [4, 8, 12, 10], "texture": "#crimson"},
				"east": {"uv": [4, 8, 5, 10], "texture": "#crimson"},
				"south": {"uv": [12, 8, 4, 10], "texture": "#crimson"},
				"west": {"uv": [11, 8, 12, 10], "texture": "#crimson"},
				"up": {"uv": [12, 8, 4, 9], "texture": "#crimson"},
				"down": {"uv": [4, 9, 12, 10], "texture": "#crimson"}
			}
		},
		{
			"from": [2, 14, 8],
			"to": [3, 17, 14],
			"rotation": {"angle": 0, "axis": "y", "origin": [8, 0, 8]},
			"faces": {
				"north": {"uv": [10, 5, 11, 8], "texture": "#crimson"},
				"east": {"uv": [11, 5, 5, 8], "texture": "#crimson"},
				"south": {"uv": [5, 5, 6, 8], "texture": "#crimson"},
				"west": {"uv": [5, 5, 11, 8], "texture": "#crimson"},
				"up": {"uv": [11, 5, 5, 6], "rotation": 90, "texture": "#crimson"},
				"down": {"uv": [5, 7, 11, 8], "rotation": 270, "texture": "#crimson"}
			}
		},
		{
			"from": [2, 14, 8],
			"to": [8, 17, 9],
			"rotation": {"angle": 0, "axis": "y", "origin": [8, 0, 8]},
			"faces": {
				"north": {"uv": [5, 5, 11, 8], "texture": "#crimson"},
				"east": {"uv": [10, 5, 11, 8], "texture": "#crimson"},
				"south": {"uv": [11, 5, 5, 8], "texture": "#crimson"},
				"west": {"uv": [5, 5, 6, 8], "texture": "#crimson"},
				"up": {"uv": [5, 5, 11, 6], "rotation": 180, "texture": "#crimson"},
				"down": {"uv": [5, 7, 11, 8], "rotation": 180, "texture": "#crimson"}
			}
		},
		{
			"from": [2, 14, 13],
			"to": [8, 17, 14],
			"rotation": {"angle": 0, "axis": "y", "origin": [8, 0, 8]},
			"faces": {
				"north": {"uv": [11, 5, 5, 8], "texture": "#crimson"},
				"east": {"uv": [5, 5, 6, 8], "texture": "#crimson"},
				"south": {"uv": [5, 5, 11, 8], "texture": "#crimson"},
				"west": {"uv": [10, 5, 11, 8], "texture": "#crimson"},
				"up": {"uv": [5, 5, 11, 6], "texture": "#crimson"},
				"down": {"uv": [5, 7, 11, 8], "texture": "#crimson"}
			}
		},
		{
			"from": [7, 14, 8],
			"to": [8, 17, 14],
			"rotation": {"angle": 0, "axis": "y", "origin": [8, 0, 8]},
			"faces": {
				"north": {"uv": [5, 5, 6, 8], "texture": "#crimson"},
				"east": {"uv": [5, 5, 11, 8], "texture": "#crimson"},
				"south": {"uv": [10, 5, 11, 8], "texture": "#crimson"},
				"west": {"uv": [11, 5, 5, 8], "texture": "#crimson"},
				"up": {"uv": [11, 5, 5, 6], "rotation": 270, "texture": "#crimson"},
				"down": {"uv": [5, 7, 11, 8], "rotation": 90, "texture": "#crimson"}
			}
		},
		{
			"from": [4, 5, 10],
			"to": [6, 10, 12],
			"rotation": {"angle": 0, "axis": "y", "origin": [8, 0, 8]},
			"faces": {
				"north": {"uv": [7, 11, 9, 16], "texture": "#crimson"},
				"east": {"uv": [7, 11, 9, 16], "texture": "#crimson"},
				"south": {"uv": [7, 11, 9, 16], "texture": "#crimson"},
				"west": {"uv": [7, 11, 9, 16], "texture": "#crimson"},
				"up": {"uv": [7, 11, 9, 13], "texture": "#crimson"},
				"down": {"uv": [7, 14, 9, 16], "texture": "#crimson"}
			}
		},
		{
			"from": [4, 0, 10],
			"to": [6, 5, 12],
			"rotation": {"angle": 0, "axis": "y", "origin": [8, 0, 8]},
			"faces": {
				"north": {"uv": [7, 11, 9, 16], "texture": "#crimson"},
				"east": {"uv": [7, 11, 9, 16], "texture": "#crimson"},
				"south": {"uv": [7, 11, 9, 16], "texture": "#crimson"},
				"west": {"uv": [7, 11, 9, 16], "texture": "#crimson"},
				"up": {"uv": [7, 11, 9, 13], "texture": "#crimson"},
				"down": {"uv": [7, 14, 9, 16], "texture": "#crimson"}
			}
		},
		{
			"from": [4, 10, 10],
			"to": [6, 15, 12],
			"rotation": {"angle": 0, "axis": "y", "origin": [8, 0, 8]},
			"faces": {
				"north": {"uv": [7, 11, 9, 16], "texture": "#crimson"},
				"east": {"uv": [7, 11, 9, 16], "texture": "#crimson"},
				"south": {"uv": [7, 11, 9, 16], "texture": "#crimson"},
				"west": {"uv": [7, 11, 9, 16], "texture": "#crimson"},
				"up": {"uv": [7, 11, 9, 13], "texture": "#crimson"},
				"down": {"uv": [7, 14, 9, 16], "texture": "#crimson"}
			}
		},
		{
			"from": [4, 15, 10],
			"to": [6, 17, 12],
			"rotation": {"angle": 0, "axis": "y", "origin": [8, 0, 8]},
			"faces": {
				"north": {"uv": [7, 11, 9, 13], "texture": "#crimson"},
				"east": {"uv": [7, 11, 9, 13], "texture": "#crimson"},
				"south": {"uv": [7, 11, 9, 13], "texture": "#crimson"},
				"west": {"uv": [7, 11, 9, 13], "texture": "#crimson"},
				"up": {"uv": [7, 11, 9, 13], "texture": "#crimson"},
				"down": {"uv": [7, 11, 9, 13], "texture": "#crimson"}
			}
		},
		{
			"from": [3, 17, 12],
			"to": [7, 18, 13],
			"rotation": {"angle": 0, "axis": "y", "origin": [8, 0, 8]},
			"faces": {
				"north": {"uv": [10, 4, 6, 5], "texture": "#crimson"},
				"east": {"uv": [9, 4, 10, 5], "texture": "#crimson"},
				"south": {"uv": [6, 4, 10, 5], "texture": "#crimson"},
				"west": {"uv": [6, 4, 7, 5], "texture": "#crimson"},
				"up": {"uv": [6, 4, 10, 5], "texture": "#crimson"},
				"down": {"uv": [6, 4, 10, 5], "texture": "#crimson"}
			}
		},
		{
			"from": [3, 17, 11],
			"to": [7, 18, 12],
			"rotation": {"angle": 0, "axis": "y", "origin": [8, 0, 8]},
			"faces": {
				"north": {"uv": [6, 4, 10, 5], "texture": "#crimson"},
				"east": {"uv": [6, 4, 7, 5], "texture": "#crimson"},
				"south": {"uv": [10, 4, 6, 5], "texture": "#crimson"},
				"west": {"uv": [9, 4, 10, 5], "texture": "#crimson"},
				"up": {"uv": [6, 4, 10, 5], "rotation": 180, "texture": "#crimson"},
				"down": {"uv": [6, 4, 10, 5], "rotation": 180, "texture": "#crimson"}
			}
		},
		{
			"from": [3, 17, 10],
			"to": [7, 18, 11],
			"rotation": {"angle": 0, "axis": "y", "origin": [8, 0, 8]},
			"faces": {
				"north": {"uv": [10, 4, 6, 5], "texture": "#crimson"},
				"east": {"uv": [9, 4, 10, 5], "texture": "#crimson"},
				"south": {"uv": [6, 4, 10, 5], "texture": "#crimson"},
				"west": {"uv": [6, 4, 7, 5], "texture": "#crimson"},
				"up": {"uv": [6, 4, 10, 5], "texture": "#crimson"},
				"down": {"uv": [6, 4, 10, 5], "texture": "#crimson"}
			}
		},
		{
			"from": [3, 17, 9],
			"to": [7, 18, 10],
			"rotation": {"angle": 0, "axis": "y", "origin": [8, 0, 8]},
			"faces": {
				"north": {"uv": [6, 4, 10, 5], "texture": "#crimson"},
				"east": {"uv": [6, 4, 7, 5], "texture": "#crimson"},
				"south": {"uv": [10, 4, 6, 5], "texture": "#crimson"},
				"west": {"uv": [9, 4, 10, 5], "texture": "#crimson"},
				"up": {"uv": [6, 4, 10, 5], "rotation": 180, "texture": "#crimson"},
				"down": {"uv": [6, 4, 10, 5], "rotation": 180, "texture": "#crimson"}
			}
		},
		{
			"from": [1, 11, 7],
			"to": [9, 12, 8],
			"rotation": {"angle": 0, "axis": "y", "origin": [8, 0, 8]},
			"faces": {
				"north": {"uv": [4, 10, 12, 11], "texture": "#crimson"},
				"east": {"uv": [4, 10, 5, 11], "texture": "#crimson"},
				"south": {"uv": [4, 10, 12, 11], "texture": "#crimson"},
				"west": {"uv": [11, 10, 12, 11], "texture": "#crimson"},
				"up": {"uv": [4, 11, 12, 10], "rotation": 180, "texture": "#crimson"},
				"down": {"uv": [12, 11, 4, 10], "rotation": 180, "texture": "#crimson"}
			}
		},
		{
			"from": [1, 11, 7],
			"to": [2, 12, 15],
			"rotation": {"angle": 0, "axis": "y", "origin": [8, 0, 8]},
			"faces": {
				"north": {"uv": [4, 10, 5, 11], "texture": "#crimson"},
				"east": {"uv": [4, 10, 12, 11], "texture": "#crimson"},
				"south": {"uv": [11, 10, 12, 11], "texture": "#crimson"},
				"west": {"uv": [4, 10, 12, 11], "texture": "#crimson"},
				"up": {"uv": [4, 11, 12, 10], "rotation": 90, "texture": "#crimson"},
				"down": {"uv": [12, 11, 4, 10], "rotation": 270, "texture": "#crimson"}
			}
		},
		{
			"from": [8, 11, 7],
			"to": [9, 12, 15],
			"rotation": {"angle": 0, "axis": "y", "origin": [8, 0, 8]},
			"faces": {
				"north": {"uv": [11, 10, 12, 11], "texture": "#crimson"},
				"east": {"uv": [4, 10, 12, 11], "texture": "#crimson"},
				"south": {"uv": [4, 10, 5, 11], "texture": "#crimson"},
				"west": {"uv": [4, 10, 12, 11], "texture": "#crimson"},
				"up": {"uv": [4, 11, 12, 10], "rotation": 270, "texture": "#crimson"},
				"down": {"uv": [12, 11, 4, 10], "rotation": 90, "texture": "#crimson"}
			}
		},
		{
			"from": [1, 11, 14],
			"to": [9, 12, 15],
			"rotation": {"angle": 0, "axis": "y", "origin": [8, 0, 8]},
			"faces": {
				"north": {"uv": [4, 10, 12, 11], "texture": "#crimson"},
				"east": {"uv": [11, 10, 12, 11], "texture": "#crimson"},
				"south": {"uv": [4, 10, 12, 11], "texture": "#crimson"},
				"west": {"uv": [4, 10, 5, 11], "texture": "#crimson"},
				"up": {"uv": [4, 11, 12, 10], "texture": "#crimson"},
				"down": {"uv": [12, 11, 4, 10], "texture": "#crimson"}
			}
		},
		{
			"from": [6, 6, 0],
			"to": [16, 8, 1],
			"rotation": {"angle": 0, "axis": "y", "origin": [8, 0, 8]},
			"faces": {
				"north": {"uv": [3, 8, 13, 10], "texture": "#crimson"},
				"east": {"uv": [12, 8, 13, 10], "texture": "#crimson"},
				"south": {"uv": [13, 8, 3, 10], "texture": "#crimson"},
				"west": {"uv": [3, 8, 4, 10], "texture": "#crimson"},
				"up": {"uv": [3, 8, 13, 9], "rotation": 180, "texture": "#crimson"},
				"down": {"uv": [3, 9, 13, 10], "rotation": 180, "texture": "#crimson"}
			}
		},
		{
			"from": [15, 6, 0],
			"to": [16, 8, 10],
			"rotation": {"angle": 0, "axis": "y", "origin": [8, 0, 8]},
			"faces": {
				"north": {"uv": [3, 8, 4, 10], "texture": "#crimson"},
				"east": {"uv": [3, 8, 13, 10], "texture": "#crimson"},
				"south": {"uv": [12, 8, 13, 10], "texture": "#crimson"},
				"west": {"uv": [13, 8, 3, 10], "texture": "#crimson"},
				"up": {"uv": [13, 8, 3, 9], "rotation": 270, "texture": "#crimson"},
				"down": {"uv": [3, 9, 13, 10], "rotation": 90, "texture": "#crimson"}
			}
		},
		{
			"from": [6, 6, 9],
			"to": [16, 8, 10],
			"rotation": {"angle": 0, "axis": "y", "origin": [8, 0, 8]},
			"faces": {
				"north": {"uv": [13, 8, 3, 10], "texture": "#crimson"},
				"east": {"uv": [3, 8, 4, 10], "texture": "#crimson"},
				"south": {"uv": [3, 8, 13, 10], "texture": "#crimson"},
				"west": {"uv": [12, 8, 13, 10], "texture": "#crimson"},
				"up": {"uv": [3, 8, 13, 9], "texture": "#crimson"},
				"down": {"uv": [3, 9, 13, 10], "texture": "#crimson"}
			}
		},
		{
			"from": [6, 6, 0],
			"to": [7, 8, 10],
			"rotation": {"angle": 0, "axis": "y", "origin": [8, 0, 8]},
			"faces": {
				"north": {"uv": [12, 8, 13, 10], "texture": "#crimson"},
				"east": {"uv": [3, 8, 13, 10], "texture": "#crimson"},
				"south": {"uv": [3, 8, 4, 10], "texture": "#crimson"},
				"west": {"uv": [3, 8, 13, 10], "texture": "#crimson"},
				"up": {"uv": [13, 8, 3, 9], "rotation": 90, "texture": "#crimson"},
				"down": {"uv": [3, 9, 13, 10], "rotation": 270, "texture": "#crimson"}
			}
		},
		{
			"from": [7, 6, 1],
			"to": [8, 8, 9],
			"rotation": {"angle": 0, "axis": "y", "origin": [8, 0, 8]},
			"faces": {
				"north": {"uv": [4, 8, 5, 10], "texture": "#crimson"},
				"east": {"uv": [4, 8, 12, 10], "texture": "#crimson"},
				"south": {"uv": [11, 8, 12, 10], "texture": "#crimson"},
				"west": {"uv": [4, 8, 12, 10], "texture": "#crimson"},
				"up": {"uv": [4, 8, 12, 9], "rotation": 90, "texture": "#crimson"},
				"down": {"uv": [12, 9, 4, 10], "rotation": 270, "texture": "#crimson"}
			}
		},
		{
			"from": [7, 6, 1],
			"to": [15, 8, 2],
			"rotation": {"angle": 0, "axis": "y", "origin": [8, 0, 8]},
			"faces": {
				"north": {"uv": [12, 8, 4, 10], "texture": "#crimson"},
				"east": {"uv": [11, 8, 12, 10], "texture": "#crimson"},
				"south": {"uv": [4, 8, 12, 10], "texture": "#crimson"},
				"west": {"uv": [4, 8, 5, 10], "texture": "#crimson"},
				"up": {"uv": [12, 8, 4, 9], "rotation": 180, "texture": "#crimson"},
				"down": {"uv": [4, 9, 12, 10], "rotation": 180, "texture": "#crimson"}
			}
		},
		{
			"from": [14, 6, 1],
			"to": [15, 8, 9],
			"rotation": {"angle": 0, "axis": "y", "origin": [8, 0, 8]},
			"faces": {
				"north": {"uv": [11, 8, 12, 10], "texture": "#crimson"},
				"east": {"uv": [4, 8, 12, 10], "texture": "#crimson"},
				"south": {"uv": [4, 8, 5, 10], "texture": "#crimson"},
				"west": {"uv": [4, 8, 12, 10], "texture": "#crimson"},
				"up": {"uv": [4, 8, 12, 9], "rotation": 270, "texture": "#crimson"},
				"down": {"uv": [12, 9, 4, 10], "rotation": 90, "texture": "#crimson"}
			}
		},
		{
			"from": [7, 6, 8],
			"to": [15, 8, 9],
			"rotation": {"angle": 0, "axis": "y", "origin": [8, 0, 8]},
			"faces": {
				"north": {"uv": [4, 8, 12, 10], "texture": "#crimson"},
				"east": {"uv": [4, 8, 5, 10], "texture": "#crimson"},
				"south": {"uv": [12, 8, 4, 10], "texture": "#crimson"},
				"west": {"uv": [11, 8, 12, 10], "texture": "#crimson"},
				"up": {"uv": [12, 8, 4, 9], "texture": "#crimson"},
				"down": {"uv": [4, 9, 12, 10], "texture": "#crimson"}
			}
		},
		{
			"from": [8, 8, 2],
			"to": [9, 11, 8],
			"rotation": {"angle": 0, "axis": "y", "origin": [8, 0, 8]},
			"faces": {
				"north": {"uv": [10, 5, 11, 8], "texture": "#crimson"},
				"east": {"uv": [11, 5, 5, 8], "texture": "#crimson"},
				"south": {"uv": [5, 5, 6, 8], "texture": "#crimson"},
				"west": {"uv": [5, 5, 11, 8], "texture": "#crimson"},
				"up": {"uv": [11, 5, 5, 6], "rotation": 90, "texture": "#crimson"},
				"down": {"uv": [5, 7, 11, 8], "rotation": 270, "texture": "#crimson"}
			}
		},
		{
			"from": [8, 8, 2],
			"to": [14, 11, 3],
			"rotation": {"angle": 0, "axis": "y", "origin": [8, 0, 8]},
			"faces": {
				"north": {"uv": [5, 5, 11, 8], "texture": "#crimson"},
				"east": {"uv": [10, 5, 11, 8], "texture": "#crimson"},
				"south": {"uv": [11, 5, 5, 8], "texture": "#crimson"},
				"west": {"uv": [5, 5, 6, 8], "texture": "#crimson"},
				"up": {"uv": [5, 5, 11, 6], "rotation": 180, "texture": "#crimson"},
				"down": {"uv": [5, 7, 11, 8], "rotation": 180, "texture": "#crimson"}
			}
		},
		{
			"from": [8, 8, 7],
			"to": [14, 11, 8],
			"rotation": {"angle": 0, "axis": "y", "origin": [8, 0, 8]},
			"faces": {
				"north": {"uv": [11, 5, 5, 8], "texture": "#crimson"},
				"east": {"uv": [5, 5, 6, 8], "texture": "#crimson"},
				"south": {"uv": [5, 5, 11, 8], "texture": "#crimson"},
				"west": {"uv": [10, 5, 11, 8], "texture": "#crimson"},
				"up": {"uv": [5, 5, 11, 6], "texture": "#crimson"},
				"down": {"uv": [5, 7, 11, 8], "texture": "#crimson"}
			}
		},
		{
			"from": [13, 8, 2],
			"to": [14, 11, 8],
			"rotation": {"angle": 0, "axis": "y", "origin": [8, 0, 8]},
			"faces": {
				"north": {"uv": [5, 5, 6, 8], "texture": "#crimson"},
				"east": {"uv": [5, 5, 11, 8], "texture": "#crimson"},
				"south": {"uv": [10, 5, 11, 8], "texture": "#crimson"},
				"west": {"uv": [11, 5, 5, 8], "texture": "#crimson"},
				"up": {"uv": [11, 5, 5, 6], "rotation": 270, "texture": "#crimson"},
				"down": {"uv": [5, 7, 11, 8], "rotation": 90, "texture": "#crimson"}
			}
		},
		{
			"from": [10, 0, 4],
			"to": [12, 5, 6],
			"rotation": {"angle": 0, "axis": "y", "origin": [8, 0, 8]},
			"faces": {
				"north": {"uv": [7, 11, 9, 16], "texture": "#crimson"},
				"east": {"uv": [7, 11, 9, 16], "texture": "#crimson"},
				"south": {"uv": [7, 11, 9, 16], "texture": "#crimson"},
				"west": {"uv": [7, 11, 9, 16], "texture": "#crimson"},
				"up": {"uv": [7, 11, 9, 13], "texture": "#crimson"},
				"down": {"uv": [7, 14, 9, 16], "texture": "#crimson"}
			}
		},
		{
			"from": [10, 5, 4],
			"to": [12, 10, 6],
			"rotation": {"angle": 0, "axis": "y", "origin": [8, 0, 8]},
			"faces": {
				"north": {"uv": [7, 11, 9, 16], "texture": "#crimson"},
				"east": {"uv": [7, 11, 9, 16], "texture": "#crimson"},
				"south": {"uv": [7, 11, 9, 16], "texture": "#crimson"},
				"west": {"uv": [7, 11, 9, 16], "texture": "#crimson"},
				"up": {"uv": [7, 11, 9, 13], "texture": "#crimson"},
				"down": {"uv": [7, 14, 9, 16], "texture": "#crimson"}
			}
		},
		{
			"from": [10, 10, 4],
			"to": [12, 11, 6],
			"rotation": {"angle": 0, "axis": "y", "origin": [8, 0, 8]},
			"faces": {
				"north": {"uv": [7, 13, 9, 14], "texture": "#crimson"},
				"east": {"uv": [7, 13, 9, 14], "texture": "#crimson"},
				"south": {"uv": [7, 13, 9, 14], "texture": "#crimson"},
				"west": {"uv": [7, 13, 9, 14], "texture": "#crimson"},
				"up": {"uv": [7, 11, 9, 13], "texture": "#crimson"},
				"down": {"uv": [7, 14, 9, 16], "texture": "#crimson"}
			}
		},
		{
			"from": [9, 11, 6],
			"to": [13, 12, 7],
			"rotation": {"angle": 0, "axis": "y", "origin": [8, 0, 8]},
			"faces": {
				"north": {"uv": [10, 4, 6, 5], "texture": "#crimson"},
				"east": {"uv": [9, 4, 10, 5], "texture": "#crimson"},
				"south": {"uv": [6, 4, 10, 5], "texture": "#crimson"},
				"west": {"uv": [6, 4, 7, 5], "texture": "#crimson"},
				"up": {"uv": [6, 4, 10, 5], "texture": "#crimson"},
				"down": {"uv": [6, 4, 10, 5], "texture": "#crimson"}
			}
		},
		{
			"from": [9, 11, 5],
			"to": [13, 12, 6],
			"rotation": {"angle": 0, "axis": "y", "origin": [8, 0, 8]},
			"faces": {
				"north": {"uv": [6, 4, 10, 5], "texture": "#crimson"},
				"east": {"uv": [6, 4, 7, 5], "texture": "#crimson"},
				"south": {"uv": [10, 4, 6, 5], "texture": "#crimson"},
				"west": {"uv": [9, 4, 10, 5], "texture": "#crimson"},
				"up": {"uv": [6, 4, 10, 5], "rotation": 180, "texture": "#crimson"},
				"down": {"uv": [6, 4, 10, 5], "rotation": 180, "texture": "#crimson"}
			}
		},
		{
			"from": [9, 11, 4],
			"to": [13, 12, 5],
			"rotation": {"angle": 0, "axis": "y", "origin": [8, 0, 8]},
			"faces": {
				"north": {"uv": [10, 4, 6, 5], "texture": "#crimson"},
				"east": {"uv": [9, 4, 10, 5], "texture": "#crimson"},
				"south": {"uv": [6, 4, 10, 5], "texture": "#crimson"},
				"west": {"uv": [6, 4, 7, 5], "texture": "#crimson"},
				"up": {"uv": [6, 4, 10, 5], "texture": "#crimson"},
				"down": {"uv": [6, 4, 10, 5], "texture": "#crimson"}
			}
		},
		{
			"from": [9, 11, 3],
			"to": [13, 12, 4],
			"rotation": {"angle": 0, "axis": "y", "origin": [8, 0, 8]},
			"faces": {
				"north": {"uv": [6, 4, 10, 5], "texture": "#crimson"},
				"east": {"uv": [6, 4, 7, 5], "texture": "#crimson"},
				"south": {"uv": [10, 4, 6, 5], "texture": "#crimson"},
				"west": {"uv": [9, 4, 10, 5], "texture": "#crimson"},
				"up": {"uv": [6, 4, 10, 5], "rotation": 180, "texture": "#crimson"},
				"down": {"uv": [6, 4, 10, 5], "rotation": 180, "texture": "#crimson"}
			}
		},
		{
			"from": [7, 5, 1],
			"to": [15, 6, 2],
			"rotation": {"angle": 0, "axis": "y", "origin": [8, 0, 8]},
			"faces": {
				"north": {"uv": [4, 10, 12, 11], "texture": "#crimson"},
				"east": {"uv": [4, 10, 5, 11], "texture": "#crimson"},
				"south": {"uv": [4, 10, 12, 11], "texture": "#crimson"},
				"west": {"uv": [11, 10, 12, 11], "texture": "#crimson"},
				"up": {"uv": [4, 11, 12, 10], "rotation": 180, "texture": "#crimson"},
				"down": {"uv": [12, 11, 4, 10], "rotation": 180, "texture": "#crimson"}
			}
		},
		{
			"from": [7, 5, 1],
			"to": [8, 6, 9],
			"rotation": {"angle": 0, "axis": "y", "origin": [8, 0, 8]},
			"faces": {
				"north": {"uv": [4, 10, 5, 11], "texture": "#crimson"},
				"east": {"uv": [4, 10, 12, 11], "texture": "#crimson"},
				"south": {"uv": [11, 10, 12, 11], "texture": "#crimson"},
				"west": {"uv": [4, 10, 12, 11], "texture": "#crimson"},
				"up": {"uv": [4, 11, 12, 10], "rotation": 90, "texture": "#crimson"},
				"down": {"uv": [12, 11, 4, 10], "rotation": 270, "texture": "#crimson"}
			}
		},
		{
			"from": [14, 5, 1],
			"to": [15, 6, 9],
			"rotation": {"angle": 0, "axis": "y", "origin": [8, 0, 8]},
			"faces": {
				"north": {"uv": [11, 10, 12, 11], "texture": "#crimson"},
				"east": {"uv": [4, 10, 12, 11], "texture": "#crimson"},
				"south": {"uv": [4, 10, 5, 11], "texture": "#crimson"},
				"west": {"uv": [4, 10, 12, 11], "texture": "#crimson"},
				"up": {"uv": [4, 11, 12, 10], "rotation": 270, "texture": "#crimson"},
				"down": {"uv": [12, 11, 4, 10], "rotation": 90, "texture": "#crimson"}
			}
		},
		{
			"from": [7, 5, 8],
			"to": [15, 6, 9],
			"rotation": {"angle": 0, "axis": "y", "origin": [8, 0, 8]},
			"faces": {
				"north": {"uv": [4, 10, 12, 11], "texture": "#crimson"},
				"east": {"uv": [11, 10, 12, 11], "texture": "#crimson"},
				"south": {"uv": [4, 10, 12, 11], "texture": "#crimson"},
				"west": {"uv": [4, 10, 5, 11], "texture": "#crimson"},
				"up": {"uv": [4, 11, 12, 10], "texture": "#crimson"},
				"down": {"uv": [12, 11, 4, 10], "texture": "#crimson"}
			}
		}
	],
	"display": {
		"thirdperson_righthand": {
			"translation": [0, 2, 0],
			"scale": [0.5, 0.5, 0.5]
		},
		"thirdperson_lefthand": {
			"translation": [0, 2, 0],
			"scale": [0.5, 0.5, 0.5]
		},
		"firstperson_righthand": {
			"scale": [0.5, 0.5, 0.5]
		},
		"firstperson_lefthand": {
			"scale": [0.5, 0.5, 0.5]
		},
		"ground": {
			"translation": [0, 3, 0],
			"scale": [0.5, 0.5, 0.5]
		},
		"gui": {
			"rotation": [30, 225, 0],
			"scale": [0.8, 0.8, 0.8]
		},
		"head": {
			"translation": [0, 14.25, 0]
		},
		"fixed": {
			"scale": [0.5, 0.5, 0.5]
		}
	},
	"groups": [
		{
			"name": "group",
			"origin": [8, 0, 8],
			"color": 0,
			"children": [0, 1, 2, 3, 4, 5, 6, 7, 8, 9, 10, 11, 12, 13, 14, 15, 16, 17, 18, 19, 20, 21, 22, 23]
		},
		{
			"name": "group",
			"origin": [8, 0, 8],
			"color": 0,
			"children": [24, 25, 26, 27, 28, 29, 30, 31, 32, 33, 34, 35, 36, 37, 38, 39, 40, 41, 42, 43, 44, 45, 46]
		}
	]
}