{
	"credit": "Made with Blockbench",
	"textures": {
		"particle": "#texture_1"
	},
	"elements": [
		{
			"from": [12, 1, 3],
			"to": [13, 3, 13],
			"rotation": {"angle": 0, "axis": "y", "origin": [8, 0, 8]},
			"faces": {
				"north": {"uv": [3, 4, 4, 6], "texture": "#texture_1"},
				"east": {"uv": [3, 4, 13, 6], "texture": "#texture_1"},
				"south": {"uv": [3, 4, 4, 6], "texture": "#texture_1"},
				"west": {"uv": [3, 4, 13, 6], "texture": "#texture_1"},
				"up": {"uv": [3, 4, 4, 14], "texture": "#texture_1"},
				"down": {"uv": [3, 4, 4, 14], "texture": "#texture_1"}
			}
		},
		{
			"from": [3, 0, 3],
			"to": [13, 1, 13],
			"rotation": {"angle": 0, "axis": "y", "origin": [8, 0, 8]},
			"faces": {
				"north": {"uv": [3, 3, 13, 4], "texture": "#texture_1"},
				"east": {"uv": [3, 3, 13, 4], "texture": "#texture_1"},
				"south": {"uv": [3, 3, 13, 4], "texture": "#texture_1"},
				"west": {"uv": [3, 3, 13, 4], "texture": "#texture_1"},
				"up": {"uv": [3, 3, 13, 13], "texture": "#texture_2"},
				"down": {"uv": [3, 3, 13, 13], "texture": "#texture_1"}
			}
		},
		{
			"from": [3, 1, 3],
			"to": [4, 3, 13],
			"rotation": {"angle": 0, "axis": "y", "origin": [8, 0, 8]},
			"faces": {
				"north": {"uv": [3, 4, 4, 6], "texture": "#texture_1"},
				"east": {"uv": [3, 4, 13, 6], "texture": "#texture_1"},
				"south": {"uv": [3, 4, 4, 6], "texture": "#texture_1"},
				"west": {"uv": [3, 4, 13, 6], "texture": "#texture_1"},
				"up": {"uv": [3, 4, 4, 14], "texture": "#texture_1"},
				"down": {"uv": [3, 4, 4, 14], "texture": "#texture_1"}
			}
		},
		{
			"from": [4, 1, 12],
			"to": [12, 3, 13],
			"rotation": {"angle": 0, "axis": "y", "origin": [8, 0, 8]},
			"faces": {
				"north": {"uv": [4, 4, 12, 6], "texture": "#texture_1"},
				"east": {"uv": [4, 4, 5, 6], "texture": "#texture_1"},
				"south": {"uv": [4, 4, 12, 6], "texture": "#texture_1"},
				"west": {"uv": [4, 4, 5, 6], "texture": "#texture_1"},
				"up": {"uv": [4, 4, 12, 5], "texture": "#texture_1"},
				"down": {"uv": [4, 4, 12, 5], "texture": "#texture_1"}
			}
		},
		{
			"from": [4, 1, 3],
			"to": [12, 3, 4],
			"rotation": {"angle": 0, "axis": "y", "origin": [8, 0, 8]},
			"faces": {
				"north": {"uv": [4, 4, 12, 6], "texture": "#texture_1"},
				"east": {"uv": [4, 4, 5, 6], "texture": "#texture_1"},
				"south": {"uv": [4, 4, 12, 6], "texture": "#texture_1"},
				"west": {"uv": [4, 4, 5, 6], "texture": "#texture_1"},
				"up": {"uv": [4, 4, 12, 5], "texture": "#texture_1"},
				"down": {"uv": [4, 4, 12, 5], "texture": "#texture_1"}
			}
		},
		{
			"from": [7.5, 1, 7],
			"to": [8.5, 2, 12],
			"rotation": {"angle": -22.5, "axis": "y", "origin": [8, 0, 8]},
			"faces": {
				"north": {"uv": [3, 3, 13, 4], "texture": "#texture_3"},
				"east": {"uv": [3, 3, 13, 4], "texture": "#texture_3"},
				"south": {"uv": [3, 3, 13, 4], "texture": "#texture_3"},
				"west": {"uv": [3, 3, 13, 4], "texture": "#texture_3"},
				"up": {"uv": [3, 3, 13, 13], "rotation": 180, "texture": "#texture_3"},
				"down": {"uv": [3, 3, 13, 13], "rotation": 180, "texture": "#texture_3"}
			}
		}
	],
	"display": {
		"thirdperson_righthand": {
			"rotation": [90, 0, 0],
			"translation": [0, 2.75, 3.75],
			"scale": [0.55, 0.55, 0.55]
		},
		"thirdperson_lefthand": {
			"rotation": [90, 0, 0],
			"translation": [0, 2.75, 3.75],
			"scale": [0.55, 0.55, 0.55]
		},
		"firstperson_righthand": {
			"rotation": [90, 0, 0],
			"translation": [2.75, 3.2, 3.5],
			"scale": [0.68, 0.68, 0.68]
		},
		"firstperson_lefthand": {
			"rotation": [90, 0, 0],
			"translation": [2.75, 3.2, 3.5],
			"scale": [0.68, 0.68, 0.68]
		},
		"ground": {
			"translation": [0, 2, 0],
			"scale": [0.5, 0.5, 0.5]
		},
		"gui": {
			"rotation": [70, 5, -15],
			"translation": [2, 2.5, 0]
		},
		"head": {
			"rotation": [0, 180, 0],
			"translation": [0, 14.25, 0]
		},
		"fixed": {
			"rotation": [-90, 180, 0],
			"translation": [0, 0, -8]
		}
	},
	"groups": [
		{
			"name": "compass",
			"origin": [8, 0, 8],
			"color": 0,
			"children": [0, 1, 2, 3, 4, 5]
		}
	]
}