{
  "variants": {
    "facing=east,half=bottom,shape=inner_left": {
      "model": "minecraft:block/sandstone_stairs_inner_down",
      "y": 270,
      "uvlock": true
    },
    "facing=east,half=bottom,shape=inner_right": {
      "model": "minecraft:block/sandstone_stairs_inner_down"
    },
    "facing=east,half=bottom,shape=outer_left": {
      "model": "minecraft:block/sandstone_stairs_outer_down",
      "y": 270,
      "uvlock": true
    },
    "facing=east,half=bottom,shape=outer_right": {
      "model": "minecraft:block/sandstone_stairs_outer_down"
    },
    "facing=east,half=bottom,shape=straight": {
      "model": "minecraft:block/sandstone_stairs_down"
    },
    "facing=east,half=top,shape=inner_left": {
      "model": "minecraft:block/sandstone_stairs_inner_up",
      "x": 180,
      "uvlock": true
    },
    "facing=east,half=top,shape=inner_right": {
      "model": "minecraft:block/sandstone_stairs_inner_up",
      "x": 180,
      "y": 90,
      "uvlock": true
    },
    "facing=east,half=top,shape=outer_left": {
      "model": "minecraft:block/sandstone_stairs_outer_up",
      "x": 180,
      "uvlock": true
    },
    "facing=east,half=top,shape=outer_right": {
      "model": "minecraft:block/sandstone_stairs_outer_up",
      "x": 180,
      "y": 90,
      "uvlock": true
    },
    "facing=east,half=top,shape=straight": {
      "model": "minecraft:block/sandstone_stairs_up",
      "x": 180,
      "uvlock": true
    },
    "facing=north,half=bottom,shape=inner_left": {
      "model": "minecraft:block/sandstone_stairs_inner_down",
      "y": 180,
      "uvlock": true
    },
    "facing=north,half=bottom,shape=inner_right": {
      "model": "minecraft:block/sandstone_stairs_inner_down",
      "y": 270,
      "uvlock": true
    },
    "facing=north,half=bottom,shape=outer_left": {
      "model": "minecraft:block/sandstone_stairs_outer_down",
      "y": 180,
      "uvlock": true
    },
    "facing=north,half=bottom,shape=outer_right": {
      "model": "minecraft:block/sandstone_stairs_outer_down",
      "y": 270,
      "uvlock": true
    },
    "facing=north,half=bottom,shape=straight": {
      "model": "minecraft:block/sandstone_stairs_down",
      "y": 270,
      "uvlock": true
    },
    "facing=north,half=top,shape=inner_left": {
      "model": "minecraft:block/sandstone_stairs_inner_up",
      "x": 180,
      "y": 270,
      "uvlock": true
    },
    "facing=north,half=top,shape=inner_right": {
      "model": "minecraft:block/sandstone_stairs_inner_up",
      "x": 180,
      "uvlock": true
    },
    "facing=north,half=top,shape=outer_left": {
      "model": "minecraft:block/sandstone_stairs_outer_up",
      "x": 180,
      "y": 270,
      "uvlock": true
    },
    "facing=north,half=top,shape=outer_right": {
      "model": "minecraft:block/sandstone_stairs_outer_up",
      "x": 180,
      "uvlock": true
    },
    "facing=north,half=top,shape=straight": {
      "model": "minecraft:block/sandstone_stairs_up",
      "x": 180,
      "y": 270,
      "uvlock": true
    },
    "facing=south,half=bottom,shape=inner_left": {
      "model": "minecraft:block/sandstone_stairs_inner_down"
    },
    "facing=south,half=bottom,shape=inner_right": {
      "model": "minecraft:block/sandstone_stairs_inner_down",
      "y": 90,
      "uvlock": true
    },
    "facing=south,half=bottom,shape=outer_left": {
      "model": "minecraft:block/sandstone_stairs_outer_down"
    },
    "facing=south,half=bottom,shape=outer_right": {
      "model": "minecraft:block/sandstone_stairs_outer_down",
      "y": 90,
      "uvlock": true
    },
    "facing=south,half=bottom,shape=straight": {
      "model": "minecraft:block/sandstone_stairs_down",
      "y": 90,
      "uvlock": true
    },
    "facing=south,half=top,shape=inner_left": {
      "model": "minecraft:block/sandstone_stairs_inner_up",
      "x": 180,
      "y": 90,
      "uvlock": true
    },
    "facing=south,half=top,shape=inner_right": {
      "model": "minecraft:block/sandstone_stairs_inner_up",
      "x": 180,
      "y": 180,
      "uvlock": true
    },
    "facing=south,half=top,shape=outer_left": {
      "model": "minecraft:block/sandstone_stairs_outer_up",
      "x": 180,
      "y": 90,
      "uvlock": true
    },
    "facing=south,half=top,shape=outer_right": {
      "model": "minecraft:block/sandstone_stairs_outer_up",
      "x": 180,
      "y": 180,
      "uvlock": true
    },
    "facing=south,half=top,shape=straight": {
      "model": "minecraft:block/sandstone_stairs_up",
      "x": 180,
      "y": 90,
      "uvlock": true
    },
    "facing=west,half=bottom,shape=inner_left": {
      "model": "minecraft:block/sandstone_stairs_inner_down",
      "y": 90,
      "uvlock": true
    },
    "facing=west,half=bottom,shape=inner_right": {
      "model": "minecraft:block/sandstone_stairs_inner_down",
      "y": 180,
      "uvlock": true
    },
    "facing=west,half=bottom,shape=outer_left": {
      "model": "minecraft:block/sandstone_stairs_outer_down",
      "y": 90,
      "uvlock": true
    },
    "facing=west,half=bottom,shape=outer_right": {
      "model": "minecraft:block/sandstone_stairs_outer_down",
      "y": 180,
      "uvlock": true
    },
    "facing=west,half=bottom,shape=straight": {
      "model": "minecraft:block/sandstone_stairs_down",
      "y": 180,
      "uvlock": true
    },
    "facing=west,half=top,shape=inner_left": {
      "model": "minecraft:block/sandstone_stairs_inner_up",
      "x": 180,
      "y": 180,
      "uvlock": true
    },
    "facing=west,half=top,shape=inner_right": {
      "model": "minecraft:block/sandstone_stairs_inner_up",
      "x": 180,
      "y": 270,
      "uvlock": true
    },
    "facing=west,half=top,shape=outer_left": {
      "model": "minecraft:block/sandstone_stairs_outer_up",
      "x": 180,
      "y": 180,
      "uvlock": true
    },
    "facing=west,half=top,shape=outer_right": {
      "model": "minecraft:block/sandstone_stairs_outer_up",
      "x": 180,
      "y": 270,
      "uvlock": true
    },
    "facing=west,half=top,shape=straight": {
      "model": "minecraft:block/sandstone_stairs_up",
      "x": 180,
      "y": 180,
      "uvlock": true
    }
  }
}