{
	"credit": "Made with Blockbench",
	"parent": "block/block",
	"textures": {
		"particle": "#leaves"
	},
	"elements": [
		{
			"from": [0, 0, 0],
			"to": [16, 16, 16],
			"rotation": {"angle": 0, "axis": "y", "origin": [8, 8, 8]},
			"faces": {
				"north": {"uv": [0, 0, 16, 16], "texture": "#leaves", "cullface": "north", "tintindex": 0},
				"east": {"uv": [0, 0, 16, 16], "texture": "#leaves", "cullface": "east", "tintindex": 0},
				"south": {"uv": [0, 0, 16, 16], "texture": "#leaves", "cullface": "south", "tintindex": 0},
				"west": {"uv": [0, 0, 16, 16], "texture": "#leaves", "cullface": "west", "tintindex": 0},
				"up": {"uv": [0, 0, 16, 16], "texture": "#leaves", "cullface": "up", "tintindex": 0},
				"down": {"uv": [0, 0, 16, 16], "texture": "#leaves", "cullface": "down", "tintindex": 0}
			}
		},
		{
			"from": [8, 14, 0],
			"to": [24, 14, 16],
			"shade": false,
			"rotation": {"angle": 22.5, "axis": "z", "origin": [8, 14, 8]},
			"faces": {
				"north": {"uv": [0, 0, 0, 0], "texture": "#leaves_2", "tintindex": 0},
				"east": {"uv": [0, 0, 0, 0], "texture": "#leaves_2", "tintindex": 0},
				"south": {"uv": [0, 0, 0, 0], "texture": "#leaves_2", "tintindex": 0},
				"west": {"uv": [0, 0, 0, 0], "texture": "#leaves_2", "tintindex": 0},
				"up": {"uv": [0, 0, 16, 16], "rotation": 90, "texture": "#leaves_2", "tintindex": 0},
				"down": {"uv": [0, 16, 16, 0], "rotation": 270, "texture": "#leaves_2", "tintindex": 0}
			}
		},
		{
			"from": [-8, 14, 0],
			"to": [8, 14, 16],
			"shade": false,
			"rotation": {"angle": -22.5, "axis": "z", "origin": [8, 14, 8]},
			"faces": {
				"north": {"uv": [0, 0, 0, 0], "texture": "#leaves_2", "tintindex": 0},
				"east": {"uv": [0, 0, 0, 0], "texture": "#leaves_2", "tintindex": 0},
				"south": {"uv": [0, 0, 0, 0], "texture": "#leaves_2", "tintindex": 0},
				"west": {"uv": [0, 0, 0, 0], "texture": "#leaves_2", "tintindex": 0},
				"up": {"uv": [0, 0, 16, 16], "rotation": 270, "texture": "#leaves_2", "tintindex": 0},
				"down": {"uv": [0, 16, 16, 0], "rotation": 90, "texture": "#leaves_2", "tintindex": 0}
			}
		},
		{
			"from": [0, 14, 8],
			"to": [16, 14, 24],
			"shade": false,
			"rotation": {"angle": -22.5, "axis": "x", "origin": [8, 14, 8]},
			"faces": {
				"north": {"uv": [0, 0, 0, 0], "texture": "#leaves_2", "tintindex": 0},
				"east": {"uv": [0, 0, 0, 0], "texture": "#leaves_2", "tintindex": 0},
				"south": {"uv": [0, 0, 0, 0], "texture": "#leaves_2", "tintindex": 0},
				"west": {"uv": [0, 0, 0, 0], "texture": "#leaves_2", "tintindex": 0},
				"up": {"uv": [16, 16, 0, 0], "texture": "#leaves_2", "tintindex": 0},
				"down": {"uv": [16, 0, 0, 16], "texture": "#leaves_2", "tintindex": 0}
			}
		},
		{
			"from": [0, 14, -8],
			"to": [16, 14, 8],
			"shade": false,
			"rotation": {"angle": 22.5, "axis": "x", "origin": [8, 14, 8]},
			"faces": {
				"north": {"uv": [0, 0, 0, 0], "texture": "#leaves_2", "tintindex": 0},
				"east": {"uv": [0, 0, 0, 0], "texture": "#leaves_2", "tintindex": 0},
				"south": {"uv": [0, 0, 0, 0], "texture": "#leaves_2", "tintindex": 0},
				"west": {"uv": [0, 0, 0, 0], "texture": "#leaves_2", "tintindex": 0},
				"up": {"uv": [0, 0, 16, 16], "texture": "#leaves_2", "tintindex": 0},
				"down": {"uv": [0, 16, 16, 0], "texture": "#leaves_2", "tintindex": 0}
			}
		},
		{
			"from": [8, 14, 0],
			"to": [24, 14, 16],
			"shade": false,
			"rotation": {"angle": 45, "axis": "z", "origin": [8, 14, 8]},
			"faces": {
				"north": {"uv": [0, 0, 0, 0], "texture": "#leaves_2", "tintindex": 0},
				"east": {"uv": [0, 0, 0, 0], "texture": "#leaves_2", "tintindex": 0},
				"south": {"uv": [0, 0, 0, 0], "texture": "#leaves_2", "tintindex": 0},
				"west": {"uv": [0, 0, 0, 0], "texture": "#leaves_2", "tintindex": 0},
				"up": {"uv": [0, 0, 16, 16], "rotation": 90, "texture": "#leaves_2", "tintindex": 0},
				"down": {"uv": [0, 16, 16, 0], "rotation": 270, "texture": "#leaves_2", "tintindex": 0}
			}
		},
		{
			"from": [0, 14, -8],
			"to": [16, 14, 8],
			"shade": false,
			"rotation": {"angle": 45, "axis": "x", "origin": [8, 14, 8]},
			"faces": {
				"north": {"uv": [0, 0, 0, 0], "texture": "#leaves_2", "tintindex": 0},
				"east": {"uv": [0, 0, 0, 0], "texture": "#leaves_2", "tintindex": 0},
				"south": {"uv": [0, 0, 0, 0], "texture": "#leaves_2", "tintindex": 0},
				"west": {"uv": [0, 0, 0, 0], "texture": "#leaves_2", "tintindex": 0},
				"up": {"uv": [0, 0, 16, 16], "texture": "#leaves_2", "tintindex": 0},
				"down": {"uv": [0, 16, 16, 0], "texture": "#leaves_2", "tintindex": 0}
			}
		},
		{
			"from": [-8, 14, 0],
			"to": [8, 14, 16],
			"shade": false,
			"rotation": {"angle": -45, "axis": "z", "origin": [8, 14, 8]},
			"faces": {
				"north": {"uv": [0, 0, 0, 0], "texture": "#leaves_2", "tintindex": 0},
				"east": {"uv": [0, 0, 0, 0], "texture": "#leaves_2", "tintindex": 0},
				"south": {"uv": [0, 0, 0, 0], "texture": "#leaves_2", "tintindex": 0},
				"west": {"uv": [0, 0, 0, 0], "texture": "#leaves_2", "tintindex": 0},
				"up": {"uv": [0, 0, 16, 16], "rotation": 270, "texture": "#leaves_2", "tintindex": 0},
				"down": {"uv": [0, 16, 16, 0], "rotation": 90, "texture": "#leaves_2", "tintindex": 0}
			}
		},
		{
			"from": [0, 14, 8],
			"to": [16, 14, 24],
			"shade": false,
			"rotation": {"angle": -45, "axis": "x", "origin": [8, 14, 8]},
			"faces": {
				"north": {"uv": [0, 0, 0, 0], "texture": "#leaves_2", "tintindex": 0},
				"east": {"uv": [0, 0, 0, 0], "texture": "#leaves_2", "tintindex": 0},
				"south": {"uv": [0, 0, 0, 0], "texture": "#leaves_2", "tintindex": 0},
				"west": {"uv": [0, 0, 0, 0], "texture": "#leaves_2", "tintindex": 0},
				"up": {"uv": [16, 16, 0, 0], "texture": "#leaves_2", "tintindex": 0},
				"down": {"uv": [16, 0, 0, 16], "texture": "#leaves_2", "tintindex": 0}
			}
		},
		{
			"from": [8, 2, 0],
			"to": [24, 2, 16],
			"shade": false,
			"rotation": {"angle": -22.5, "axis": "z", "origin": [8, 2, 8]},
			"faces": {
				"north": {"uv": [0, 0, 0, 0], "texture": "#leaves_2", "tintindex": 0},
				"east": {"uv": [0, 0, 0, 0], "texture": "#leaves_2", "tintindex": 0},
				"south": {"uv": [0, 0, 0, 0], "texture": "#leaves_2", "tintindex": 0},
				"west": {"uv": [0, 0, 0, 0], "texture": "#leaves_2", "tintindex": 0},
				"up": {"uv": [0, 0, 16, 16], "rotation": 90, "texture": "#leaves_2", "tintindex": 0},
				"down": {"uv": [0, 16, 16, 0], "rotation": 270, "texture": "#leaves_2", "tintindex": 0}
			}
		},
		{
			"from": [-8, 2, 0],
			"to": [8, 2, 16],
			"shade": false,
			"rotation": {"angle": 22.5, "axis": "z", "origin": [8, 2, 8]},
			"faces": {
				"north": {"uv": [0, 0, 0, 0], "texture": "#leaves_2", "tintindex": 0},
				"east": {"uv": [0, 0, 0, 0], "texture": "#leaves_2", "tintindex": 0},
				"south": {"uv": [0, 0, 0, 0], "texture": "#leaves_2", "tintindex": 0},
				"west": {"uv": [0, 0, 0, 0], "texture": "#leaves_2", "tintindex": 0},
				"up": {"uv": [0, 0, 16, 16], "rotation": 270, "texture": "#leaves_2", "tintindex": 0},
				"down": {"uv": [0, 16, 16, 0], "rotation": 90, "texture": "#leaves_2", "tintindex": 0}
			}
		},
		{
			"from": [0, 2, 8],
			"to": [16, 2, 24],
			"shade": false,
			"rotation": {"angle": 22.5, "axis": "x", "origin": [8, 2, 8]},
			"faces": {
				"north": {"uv": [0, 0, 0, 0], "texture": "#leaves_2", "tintindex": 0},
				"east": {"uv": [0, 0, 0, 0], "texture": "#leaves_2", "tintindex": 0},
				"south": {"uv": [0, 0, 0, 0], "texture": "#leaves_2", "tintindex": 0},
				"west": {"uv": [0, 0, 0, 0], "texture": "#leaves_2", "tintindex": 0},
				"up": {"uv": [16, 16, 0, 0], "texture": "#leaves_2", "tintindex": 0},
				"down": {"uv": [16, 0, 0, 16], "texture": "#leaves_2", "tintindex": 0}
			}
		},
		{
			"from": [0, 2, -8],
			"to": [16, 2, 8],
			"shade": false,
			"rotation": {"angle": -22.5, "axis": "x", "origin": [8, 2, 8]},
			"faces": {
				"north": {"uv": [0, 0, 0, 0], "texture": "#leaves_2", "tintindex": 0},
				"east": {"uv": [0, 0, 0, 0], "texture": "#leaves_2", "tintindex": 0},
				"south": {"uv": [0, 0, 0, 0], "texture": "#leaves_2", "tintindex": 0},
				"west": {"uv": [0, 0, 0, 0], "texture": "#leaves_2", "tintindex": 0},
				"up": {"uv": [0, 0, 16, 16], "texture": "#leaves_2", "tintindex": 0},
				"down": {"uv": [0, 16, 16, 0], "texture": "#leaves_2", "tintindex": 0}
			}
		},
		{
			"from": [0, 2, 8],
			"to": [16, 2, 24],
			"shade": false,
			"rotation": {"angle": 45, "axis": "x", "origin": [8, 2, 8]},
			"faces": {
				"north": {"uv": [0, 0, 0, 0], "texture": "#leaves_2", "tintindex": 0},
				"east": {"uv": [0, 0, 0, 0], "texture": "#leaves_2", "tintindex": 0},
				"south": {"uv": [0, 0, 0, 0], "texture": "#leaves_2", "tintindex": 0},
				"west": {"uv": [0, 0, 0, 0], "texture": "#leaves_2", "tintindex": 0},
				"up": {"uv": [16, 16, 0, 0], "texture": "#leaves_2", "tintindex": 0},
				"down": {"uv": [16, 0, 0, 16], "texture": "#leaves_2", "tintindex": 0}
			}
		},
		{
			"from": [-8, 2, 0],
			"to": [8, 2, 16],
			"shade": false,
			"rotation": {"angle": 45, "axis": "z", "origin": [8, 2, 8]},
			"faces": {
				"north": {"uv": [0, 0, 0, 0], "texture": "#leaves_2", "tintindex": 0},
				"east": {"uv": [0, 0, 0, 0], "texture": "#leaves_2", "tintindex": 0},
				"south": {"uv": [0, 0, 0, 0], "texture": "#leaves_2", "tintindex": 0},
				"west": {"uv": [0, 0, 0, 0], "texture": "#leaves_2", "tintindex": 0},
				"up": {"uv": [0, 0, 16, 16], "rotation": 270, "texture": "#leaves_2", "tintindex": 0},
				"down": {"uv": [0, 16, 16, 0], "rotation": 90, "texture": "#leaves_2", "tintindex": 0}
			}
		},
		{
			"from": [0, 2, -8],
			"to": [16, 2, 8],
			"shade": false,
			"rotation": {"angle": -45, "axis": "x", "origin": [8, 2, 8]},
			"faces": {
				"north": {"uv": [0, 0, 0, 0], "texture": "#leaves_2", "tintindex": 0},
				"east": {"uv": [0, 0, 0, 0], "texture": "#leaves_2", "tintindex": 0},
				"south": {"uv": [0, 0, 0, 0], "texture": "#leaves_2", "tintindex": 0},
				"west": {"uv": [0, 0, 0, 0], "texture": "#leaves_2", "tintindex": 0},
				"up": {"uv": [0, 0, 16, 16], "texture": "#leaves_2", "tintindex": 0},
				"down": {"uv": [0, 16, 16, 0], "texture": "#leaves_2", "tintindex": 0}
			}
		},
		{
			"from": [8, 2, 0],
			"to": [24, 2, 16],
			"shade": false,
			"rotation": {"angle": -45, "axis": "z", "origin": [8, 2, 8]},
			"faces": {
				"north": {"uv": [0, 0, 0, 0], "texture": "#leaves_2", "tintindex": 0},
				"east": {"uv": [0, 0, 0, 0], "texture": "#leaves_2", "tintindex": 0},
				"south": {"uv": [0, 0, 0, 0], "texture": "#leaves_2", "tintindex": 0},
				"west": {"uv": [0, 0, 0, 0], "texture": "#leaves_2", "tintindex": 0},
				"up": {"uv": [0, 0, 16, 16], "rotation": 90, "texture": "#leaves_2", "tintindex": 0},
				"down": {"uv": [0, 16, 16, 0], "rotation": 270, "texture": "#leaves_2", "tintindex": 0}
			}
		},
		{
			"from": [2, 8, 0],
			"to": [2, 24, 16],
			"shade": false,
			"rotation": {"angle": 45, "axis": "z", "origin": [2, 8, 8]},
			"faces": {
				"north": {"uv": [0, 0, 0, 0], "rotation": 90, "texture": "#leaves_2", "tintindex": 0},
				"east": {"uv": [0, 16, 16, 0], "rotation": 180, "texture": "#leaves_2", "tintindex": 0},
				"south": {"uv": [0, 0, 0, 0], "rotation": 270, "texture": "#leaves_2", "tintindex": 0},
				"west": {"uv": [0, 0, 16, 16], "texture": "#leaves_2", "tintindex": 0},
				"up": {"uv": [0, 0, 0, 0], "rotation": 270, "texture": "#leaves_2", "tintindex": 0},
				"down": {"uv": [0, 0, 0, 0], "rotation": 270, "texture": "#leaves_2", "tintindex": 0}
			}
		},
		{
			"from": [2, 8, 0],
			"to": [2, 24, 16],
			"shade": false,
			"rotation": {"angle": 22.5, "axis": "z", "origin": [2, 8, 8]},
			"faces": {
				"north": {"uv": [0, 0, 0, 0], "rotation": 90, "texture": "#leaves_2", "tintindex": 0},
				"east": {"uv": [0, 16, 16, 0], "rotation": 180, "texture": "#leaves_2", "tintindex": 0},
				"south": {"uv": [0, 0, 0, 0], "rotation": 270, "texture": "#leaves_2", "tintindex": 0},
				"west": {"uv": [0, 0, 16, 16], "texture": "#leaves_2", "tintindex": 0},
				"up": {"uv": [0, 0, 0, 0], "rotation": 270, "texture": "#leaves_2", "tintindex": 0},
				"down": {"uv": [0, 0, 0, 0], "rotation": 270, "texture": "#leaves_2", "tintindex": 0}
			}
		},
		{
			"from": [2, -8, 0],
			"to": [2, 8, 16],
			"shade": false,
			"rotation": {"angle": -22.5, "axis": "z", "origin": [2, 8, 8]},
			"faces": {
				"north": {"uv": [0, 0, 0, 0], "rotation": 90, "texture": "#leaves_2", "tintindex": 0},
				"east": {"uv": [0, 16, 16, 0], "texture": "#leaves_2", "tintindex": 0},
				"south": {"uv": [0, 0, 0, 0], "rotation": 270, "texture": "#leaves_2", "tintindex": 0},
				"west": {"uv": [0, 0, 16, 16], "rotation": 180, "texture": "#leaves_2", "tintindex": 0},
				"up": {"uv": [0, 0, 0, 0], "rotation": 270, "texture": "#leaves_2", "tintindex": 0},
				"down": {"uv": [0, 0, 0, 0], "rotation": 270, "texture": "#leaves_2", "tintindex": 0}
			}
		},
		{
			"from": [2, 0, 8],
			"to": [2, 16, 24],
			"shade": false,
			"rotation": {"angle": -22.5, "axis": "y", "origin": [2, 8, 8]},
			"faces": {
				"north": {"uv": [0, 0, 0, 0], "rotation": 90, "texture": "#leaves_2", "tintindex": 0},
				"east": {"uv": [16, 0, 0, 16], "rotation": 270, "texture": "#leaves_2", "tintindex": 0},
				"south": {"uv": [0, 0, 0, 0], "rotation": 270, "texture": "#leaves_2", "tintindex": 0},
				"west": {"uv": [16, 16, 0, 0], "rotation": 270, "texture": "#leaves_2", "tintindex": 0},
				"up": {"uv": [0, 0, 0, 0], "rotation": 270, "texture": "#leaves_2", "tintindex": 0},
				"down": {"uv": [0, 0, 0, 0], "rotation": 270, "texture": "#leaves_2", "tintindex": 0}
			}
		},
		{
			"from": [2, 0, -8],
			"to": [2, 16, 8],
			"shade": false,
			"rotation": {"angle": 22.5, "axis": "y", "origin": [2, 8, 8]},
			"faces": {
				"north": {"uv": [0, 0, 0, 0], "rotation": 90, "texture": "#leaves_2", "tintindex": 0},
				"east": {"uv": [0, 16, 16, 0], "rotation": 270, "texture": "#leaves_2", "tintindex": 0},
				"south": {"uv": [0, 0, 0, 0], "rotation": 270, "texture": "#leaves_2", "tintindex": 0},
				"west": {"uv": [0, 0, 16, 16], "rotation": 270, "texture": "#leaves_2", "tintindex": 0},
				"up": {"uv": [0, 0, 0, 0], "rotation": 270, "texture": "#leaves_2", "tintindex": 0},
				"down": {"uv": [0, 0, 0, 0], "rotation": 270, "texture": "#leaves_2", "tintindex": 0}
			}
		},
		{
			"from": [2, 0, 8],
			"to": [2, 16, 24],
			"shade": false,
			"rotation": {"angle": -45, "axis": "y", "origin": [2, 8, 8]},
			"faces": {
				"north": {"uv": [0, 0, 0, 0], "rotation": 90, "texture": "#leaves_2", "tintindex": 0},
				"east": {"uv": [16, 0, 0, 16], "rotation": 270, "texture": "#leaves_2", "tintindex": 0},
				"south": {"uv": [0, 0, 0, 0], "rotation": 270, "texture": "#leaves_2", "tintindex": 0},
				"west": {"uv": [16, 16, 0, 0], "rotation": 270, "texture": "#leaves_2", "tintindex": 0},
				"up": {"uv": [0, 0, 0, 0], "rotation": 270, "texture": "#leaves_2", "tintindex": 0},
				"down": {"uv": [0, 0, 0, 0], "rotation": 270, "texture": "#leaves_2", "tintindex": 0}
			}
		},
		{
			"from": [-14, 8, 0],
			"to": [2, 8, 16],
			"shade": false,
			"rotation": {"angle": 45, "axis": "z", "origin": [2, 8, 8]},
			"faces": {
				"north": {"uv": [0, 0, 0, 0], "texture": "#leaves_2", "tintindex": 0},
				"east": {"uv": [0, 0, 0, 0], "texture": "#leaves_2", "tintindex": 0},
				"south": {"uv": [0, 0, 0, 0], "texture": "#leaves_2", "tintindex": 0},
				"west": {"uv": [0, 0, 0, 0], "texture": "#leaves_2", "tintindex": 0},
				"up": {"uv": [0, 0, 16, 16], "rotation": 270, "texture": "#leaves_2", "tintindex": 0},
				"down": {"uv": [0, 16, 16, 0], "rotation": 90, "texture": "#leaves_2", "tintindex": 0}
			}
		},
		{
			"from": [2, 0, -8],
			"to": [2, 16, 8],
			"shade": false,
			"rotation": {"angle": 45, "axis": "y", "origin": [2, 8, 8]},
			"faces": {
				"north": {"uv": [0, 0, 0, 0], "rotation": 90, "texture": "#leaves_2", "tintindex": 0},
				"east": {"uv": [0, 16, 16, 0], "rotation": 270, "texture": "#leaves_2", "tintindex": 0},
				"south": {"uv": [0, 0, 0, 0], "rotation": 270, "texture": "#leaves_2", "tintindex": 0},
				"west": {"uv": [0, 0, 16, 16], "rotation": 270, "texture": "#leaves_2", "tintindex": 0},
				"up": {"uv": [0, 0, 0, 0], "rotation": 270, "texture": "#leaves_2", "tintindex": 0},
				"down": {"uv": [0, 0, 0, 0], "rotation": 270, "texture": "#leaves_2", "tintindex": 0}
			}
		},
		{
			"from": [14, 8, 0],
			"to": [14, 24, 16],
			"shade": false,
			"rotation": {"angle": -22.5, "axis": "z", "origin": [14, 8, 8]},
			"faces": {
				"north": {"uv": [0, 0, 0, 0], "rotation": 90, "texture": "#leaves_2", "tintindex": 0},
				"east": {"uv": [0, 16, 16, 0], "rotation": 180, "texture": "#leaves_2", "tintindex": 0},
				"south": {"uv": [0, 0, 0, 0], "rotation": 270, "texture": "#leaves_2", "tintindex": 0},
				"west": {"uv": [0, 0, 16, 16], "texture": "#leaves_2", "tintindex": 0},
				"up": {"uv": [0, 0, 0, 0], "rotation": 270, "texture": "#leaves_2", "tintindex": 0},
				"down": {"uv": [0, 0, 0, 0], "rotation": 270, "texture": "#leaves_2", "tintindex": 0}
			}
		},
		{
			"from": [14, 0, -8],
			"to": [14, 16, 8],
			"shade": false,
			"rotation": {"angle": -45, "axis": "y", "origin": [14, 8, 8]},
			"faces": {
				"north": {"uv": [0, 0, 0, 0], "rotation": 90, "texture": "#leaves_2", "tintindex": 0},
				"east": {"uv": [0, 16, 16, 0], "rotation": 270, "texture": "#leaves_2", "tintindex": 0},
				"south": {"uv": [0, 0, 0, 0], "rotation": 270, "texture": "#leaves_2", "tintindex": 0},
				"west": {"uv": [0, 0, 16, 16], "rotation": 270, "texture": "#leaves_2", "tintindex": 0},
				"up": {"uv": [0, 0, 0, 0], "rotation": 270, "texture": "#leaves_2", "tintindex": 0},
				"down": {"uv": [0, 0, 0, 0], "rotation": 270, "texture": "#leaves_2", "tintindex": 0}
			}
		},
		{
			"from": [14, -8, 0],
			"to": [14, 8, 16],
			"shade": false,
			"rotation": {"angle": 45, "axis": "z", "origin": [14, 8, 8]},
			"faces": {
				"north": {"uv": [0, 0, 0, 0], "rotation": 90, "texture": "#leaves_2", "tintindex": 0},
				"east": {"uv": [0, 16, 16, 0], "texture": "#leaves_2", "tintindex": 0},
				"south": {"uv": [0, 0, 0, 0], "rotation": 270, "texture": "#leaves_2", "tintindex": 0},
				"west": {"uv": [0, 0, 16, 16], "rotation": 180, "texture": "#leaves_2", "tintindex": 0},
				"up": {"uv": [0, 0, 0, 0], "rotation": 270, "texture": "#leaves_2", "tintindex": 0},
				"down": {"uv": [0, 0, 0, 0], "rotation": 270, "texture": "#leaves_2", "tintindex": 0}
			}
		},
		{
			"from": [14, 0, 8],
			"to": [14, 16, 24],
			"shade": false,
			"rotation": {"angle": 45, "axis": "y", "origin": [14, 8, 8]},
			"faces": {
				"north": {"uv": [0, 0, 0, 0], "rotation": 90, "texture": "#leaves_2", "tintindex": 0},
				"east": {"uv": [16, 0, 0, 16], "rotation": 270, "texture": "#leaves_2", "tintindex": 0},
				"south": {"uv": [0, 0, 0, 0], "rotation": 270, "texture": "#leaves_2", "tintindex": 0},
				"west": {"uv": [16, 16, 0, 0], "rotation": 270, "texture": "#leaves_2", "tintindex": 0},
				"up": {"uv": [0, 0, 0, 0], "rotation": 270, "texture": "#leaves_2", "tintindex": 0},
				"down": {"uv": [0, 0, 0, 0], "rotation": 270, "texture": "#leaves_2", "tintindex": 0}
			}
		},
		{
			"from": [14, 0, -8],
			"to": [14, 16, 8],
			"shade": false,
			"rotation": {"angle": -22.5, "axis": "y", "origin": [14, 8, 8]},
			"faces": {
				"north": {"uv": [0, 0, 0, 0], "rotation": 90, "texture": "#leaves_2", "tintindex": 0},
				"east": {"uv": [0, 16, 16, 0], "rotation": 270, "texture": "#leaves_2", "tintindex": 0},
				"south": {"uv": [0, 0, 0, 0], "rotation": 270, "texture": "#leaves_2", "tintindex": 0},
				"west": {"uv": [0, 0, 16, 16], "rotation": 270, "texture": "#leaves_2", "tintindex": 0},
				"up": {"uv": [0, 0, 0, 0], "rotation": 270, "texture": "#leaves_2", "tintindex": 0},
				"down": {"uv": [0, 0, 0, 0], "rotation": 270, "texture": "#leaves_2", "tintindex": 0}
			}
		},
		{
			"from": [14, 0, 8],
			"to": [14, 16, 24],
			"shade": false,
			"rotation": {"angle": 22.5, "axis": "y", "origin": [14, 8, 8]},
			"faces": {
				"north": {"uv": [0, 0, 0, 0], "rotation": 90, "texture": "#leaves_2", "tintindex": 0},
				"east": {"uv": [16, 0, 0, 16], "rotation": 270, "texture": "#leaves_2", "tintindex": 0},
				"south": {"uv": [0, 0, 0, 0], "rotation": 270, "texture": "#leaves_2", "tintindex": 0},
				"west": {"uv": [16, 16, 0, 0], "rotation": 270, "texture": "#leaves_2", "tintindex": 0},
				"up": {"uv": [0, 0, 0, 0], "rotation": 270, "texture": "#leaves_2", "tintindex": 0},
				"down": {"uv": [0, 0, 0, 0], "rotation": 270, "texture": "#leaves_2", "tintindex": 0}
			}
		},
		{
			"from": [14, -8, 0],
			"to": [14, 8, 16],
			"shade": false,
			"rotation": {"angle": 22.5, "axis": "z", "origin": [14, 8, 8]},
			"faces": {
				"north": {"uv": [0, 0, 0, 0], "rotation": 90, "texture": "#leaves_2", "tintindex": 0},
				"east": {"uv": [0, 16, 16, 0], "texture": "#leaves_2", "tintindex": 0},
				"south": {"uv": [0, 0, 0, 0], "rotation": 270, "texture": "#leaves_2", "tintindex": 0},
				"west": {"uv": [0, 0, 16, 16], "rotation": 180, "texture": "#leaves_2", "tintindex": 0},
				"up": {"uv": [0, 0, 0, 0], "rotation": 270, "texture": "#leaves_2", "tintindex": 0},
				"down": {"uv": [0, 0, 0, 0], "rotation": 270, "texture": "#leaves_2", "tintindex": 0}
			}
		},
		{
			"from": [14, 8, 0],
			"to": [14, 24, 16],
			"shade": false,
			"rotation": {"angle": -45, "axis": "z", "origin": [14, 8, 8]},
			"faces": {
				"north": {"uv": [0, 0, 0, 0], "rotation": 90, "texture": "#leaves_2", "tintindex": 0},
				"east": {"uv": [0, 16, 16, 0], "rotation": 180, "texture": "#leaves_2", "tintindex": 0},
				"south": {"uv": [0, 0, 0, 0], "rotation": 270, "texture": "#leaves_2", "tintindex": 0},
				"west": {"uv": [0, 0, 16, 16], "texture": "#leaves_2", "tintindex": 0},
				"up": {"uv": [0, 0, 0, 0], "rotation": 270, "texture": "#leaves_2", "tintindex": 0},
				"down": {"uv": [0, 0, 0, 0], "rotation": 270, "texture": "#leaves_2", "tintindex": 0}
			}
		},
		{
			"from": [0, 8, 2],
			"to": [16, 24, 2],
			"shade": false,
			"rotation": {"angle": -45, "axis": "x", "origin": [8, 8, 2]},
			"faces": {
				"north": {"uv": [16, 16, 0, 0], "rotation": 180, "texture": "#leaves_2", "tintindex": 0},
				"east": {"uv": [0, 0, 0, 0], "rotation": 90, "texture": "#leaves_2", "tintindex": 0},
				"south": {"uv": [16, 0, 0, 16], "texture": "#leaves_2", "tintindex": 0},
				"west": {"uv": [0, 0, 0, 0], "rotation": 270, "texture": "#leaves_2", "tintindex": 0},
				"up": {"uv": [0, 0, 0, 0], "texture": "#leaves_2", "tintindex": 0},
				"down": {"uv": [0, 0, 0, 0], "rotation": 180, "texture": "#leaves_2", "tintindex": 0}
			}
		},
		{
			"from": [8, 0, -14],
			"to": [8, 16, 2],
			"shade": false,
			"rotation": {"angle": 45, "axis": "y", "origin": [8, 8, 2]},
			"faces": {
				"north": {"uv": [0, 0, 0, 0], "rotation": 270, "texture": "#leaves_2", "tintindex": 0},
				"east": {"uv": [0, 0, 16, 16], "rotation": 90, "texture": "#leaves_2", "tintindex": 0},
				"south": {"uv": [0, 0, 0, 0], "rotation": 90, "texture": "#leaves_2", "tintindex": 0},
				"west": {"uv": [0, 16, 16, 0], "rotation": 90, "texture": "#leaves_2", "tintindex": 0},
				"up": {"uv": [0, 0, 0, 0], "rotation": 90, "texture": "#leaves_2", "tintindex": 0},
				"down": {"uv": [0, 0, 0, 0], "rotation": 90, "texture": "#leaves_2", "tintindex": 0}
			}
		},
		{
			"from": [0, 8, -14],
			"to": [16, 8, 2],
			"shade": false,
			"rotation": {"angle": -45, "axis": "x", "origin": [8, 8, 2]},
			"faces": {
				"north": {"uv": [0, 0, 0, 0], "texture": "#leaves_2", "tintindex": 0},
				"east": {"uv": [0, 0, 0, 0], "texture": "#leaves_2", "tintindex": 0},
				"south": {"uv": [0, 0, 0, 0], "texture": "#leaves_2", "tintindex": 0},
				"west": {"uv": [0, 0, 0, 0], "texture": "#leaves_2", "tintindex": 0},
				"up": {"uv": [0, 0, 16, 16], "texture": "#leaves_2", "tintindex": 0},
				"down": {"uv": [0, 16, 16, 0], "texture": "#leaves_2", "tintindex": 0}
			}
		},
		{
			"from": [8, 0, 2],
			"to": [24, 16, 2],
			"shade": false,
			"rotation": {"angle": 45, "axis": "y", "origin": [8, 8, 2]},
			"faces": {
				"north": {"uv": [0, 0, 16, 16], "rotation": 270, "texture": "#leaves_2", "tintindex": 0},
				"east": {"uv": [0, 0, 0, 0], "rotation": 90, "texture": "#leaves_2", "tintindex": 0},
				"south": {"uv": [0, 16, 16, 0], "rotation": 270, "texture": "#leaves_2", "tintindex": 0},
				"west": {"uv": [0, 0, 0, 0], "rotation": 270, "texture": "#leaves_2", "tintindex": 0},
				"up": {"uv": [0, 0, 0, 0], "texture": "#leaves_2", "tintindex": 0},
				"down": {"uv": [0, 0, 0, 0], "rotation": 180, "texture": "#leaves_2", "tintindex": 0}
			}
		},
		{
			"from": [0, -8, 2],
			"to": [16, 8, 2],
			"shade": false,
			"rotation": {"angle": 22.5, "axis": "x", "origin": [8, 8, 2]},
			"faces": {
				"north": {"uv": [0, 0, 16, 16], "rotation": 180, "texture": "#leaves_2", "tintindex": 0},
				"east": {"uv": [0, 0, 0, 0], "rotation": 90, "texture": "#leaves_2", "tintindex": 0},
				"south": {"uv": [0, 16, 16, 0], "texture": "#leaves_2", "tintindex": 0},
				"west": {"uv": [0, 0, 0, 0], "rotation": 270, "texture": "#leaves_2", "tintindex": 0},
				"up": {"uv": [0, 0, 0, 0], "texture": "#leaves_2", "tintindex": 0},
				"down": {"uv": [0, 0, 0, 0], "rotation": 180, "texture": "#leaves_2", "tintindex": 0}
			}
		},
		{
			"from": [0, 8, 2],
			"to": [16, 24, 2],
			"shade": false,
			"rotation": {"angle": -22.5, "axis": "x", "origin": [8, 8, 2]},
			"faces": {
				"north": {"uv": [16, 16, 0, 0], "rotation": 180, "texture": "#leaves_2", "tintindex": 0},
				"east": {"uv": [0, 0, 0, 0], "rotation": 90, "texture": "#leaves_2", "tintindex": 0},
				"south": {"uv": [16, 0, 0, 16], "texture": "#leaves_2", "tintindex": 0},
				"west": {"uv": [0, 0, 0, 0], "rotation": 270, "texture": "#leaves_2", "tintindex": 0},
				"up": {"uv": [0, 0, 0, 0], "texture": "#leaves_2", "tintindex": 0},
				"down": {"uv": [0, 0, 0, 0], "rotation": 180, "texture": "#leaves_2", "tintindex": 0}
			}
		},
		{
			"from": [-8, 0, 2],
			"to": [8, 16, 2],
			"shade": false,
			"rotation": {"angle": -22.5, "axis": "y", "origin": [8, 8, 2]},
			"faces": {
				"north": {"uv": [0, 0, 16, 16], "rotation": 90, "texture": "#leaves_2", "tintindex": 0},
				"east": {"uv": [0, 0, 0, 0], "rotation": 90, "texture": "#leaves_2", "tintindex": 0},
				"south": {"uv": [0, 16, 16, 0], "rotation": 90, "texture": "#leaves_2", "tintindex": 0},
				"west": {"uv": [0, 0, 0, 0], "rotation": 270, "texture": "#leaves_2", "tintindex": 0},
				"up": {"uv": [0, 0, 0, 0], "texture": "#leaves_2", "tintindex": 0},
				"down": {"uv": [0, 0, 0, 0], "rotation": 180, "texture": "#leaves_2", "tintindex": 0}
			}
		},
		{
			"from": [8, 0, 2],
			"to": [24, 16, 2],
			"shade": false,
			"rotation": {"angle": 22.5, "axis": "y", "origin": [8, 8, 2]},
			"faces": {
				"north": {"uv": [0, 0, 16, 16], "rotation": 270, "texture": "#leaves_2", "tintindex": 0},
				"east": {"uv": [0, 0, 0, 0], "rotation": 90, "texture": "#leaves_2", "tintindex": 0},
				"south": {"uv": [0, 16, 16, 0], "rotation": 270, "texture": "#leaves_2", "tintindex": 0},
				"west": {"uv": [0, 0, 0, 0], "rotation": 270, "texture": "#leaves_2", "tintindex": 0},
				"up": {"uv": [0, 0, 0, 0], "texture": "#leaves_2", "tintindex": 0},
				"down": {"uv": [0, 0, 0, 0], "rotation": 180, "texture": "#leaves_2", "tintindex": 0}
			}
		},
		{
			"from": [8, 0, 14],
			"to": [24, 16, 14],
			"shade": false,
			"rotation": {"angle": -45, "axis": "y", "origin": [8, 8, 14]},
			"faces": {
				"north": {"uv": [0, 0, 16, 16], "rotation": 270, "texture": "#leaves_2", "tintindex": 0},
				"east": {"uv": [0, 0, 0, 0], "rotation": 90, "texture": "#leaves_2", "tintindex": 0},
				"south": {"uv": [0, 16, 16, 0], "rotation": 270, "texture": "#leaves_2", "tintindex": 0},
				"west": {"uv": [0, 0, 0, 0], "rotation": 270, "texture": "#leaves_2", "tintindex": 0},
				"up": {"uv": [0, 0, 0, 0], "texture": "#leaves_2", "tintindex": 0},
				"down": {"uv": [0, 0, 0, 0], "rotation": 180, "texture": "#leaves_2", "tintindex": 0}
			}
		},
		{
			"from": [-8, 0, 14],
			"to": [8, 16, 14],
			"shade": false,
			"rotation": {"angle": 22.5, "axis": "y", "origin": [8, 8, 14]},
			"faces": {
				"north": {"uv": [0, 0, 16, 16], "rotation": 90, "texture": "#leaves_2", "tintindex": 0},
				"east": {"uv": [0, 0, 0, 0], "rotation": 90, "texture": "#leaves_2", "tintindex": 0},
				"south": {"uv": [0, 16, 16, 0], "rotation": 90, "texture": "#leaves_2", "tintindex": 0},
				"west": {"uv": [0, 0, 0, 0], "rotation": 270, "texture": "#leaves_2", "tintindex": 0},
				"up": {"uv": [0, 0, 0, 0], "texture": "#leaves_2", "tintindex": 0},
				"down": {"uv": [0, 0, 0, 0], "rotation": 180, "texture": "#leaves_2", "tintindex": 0}
			}
		},
		{
			"from": [0, 8, 14],
			"to": [16, 24, 14],
			"shade": false,
			"rotation": {"angle": 22.5, "axis": "x", "origin": [8, 8, 14]},
			"faces": {
				"north": {"uv": [16, 16, 0, 0], "rotation": 180, "texture": "#leaves_2", "tintindex": 0},
				"east": {"uv": [0, 0, 0, 0], "rotation": 90, "texture": "#leaves_2", "tintindex": 0},
				"south": {"uv": [16, 0, 0, 16], "texture": "#leaves_2", "tintindex": 0},
				"west": {"uv": [0, 0, 0, 0], "rotation": 270, "texture": "#leaves_2", "tintindex": 0},
				"up": {"uv": [0, 0, 0, 0], "texture": "#leaves_2", "tintindex": 0},
				"down": {"uv": [0, 0, 0, 0], "rotation": 180, "texture": "#leaves_2", "tintindex": 0}
			}
		},
		{
			"from": [0, -8, 14],
			"to": [16, 8, 14],
			"shade": false,
			"rotation": {"angle": -45, "axis": "x", "origin": [8, 8, 14]},
			"faces": {
				"north": {"uv": [0, 0, 16, 16], "rotation": 180, "texture": "#leaves_2", "tintindex": 0},
				"east": {"uv": [0, 0, 0, 0], "rotation": 90, "texture": "#leaves_2", "tintindex": 0},
				"south": {"uv": [0, 16, 16, 0], "texture": "#leaves_2", "tintindex": 0},
				"west": {"uv": [0, 0, 0, 0], "rotation": 270, "texture": "#leaves_2", "tintindex": 0},
				"up": {"uv": [0, 0, 0, 0], "texture": "#leaves_2", "tintindex": 0},
				"down": {"uv": [0, 0, 0, 0], "rotation": 180, "texture": "#leaves_2", "tintindex": 0}
			}
		},
		{
			"from": [8, 0, 14],
			"to": [24, 16, 14],
			"shade": false,
			"rotation": {"angle": -22.5, "axis": "y", "origin": [8, 8, 14]},
			"faces": {
				"north": {"uv": [0, 0, 16, 16], "rotation": 270, "texture": "#leaves_2", "tintindex": 0},
				"east": {"uv": [0, 0, 0, 0], "rotation": 90, "texture": "#leaves_2", "tintindex": 0},
				"south": {"uv": [0, 16, 16, 0], "rotation": 270, "texture": "#leaves_2", "tintindex": 0},
				"west": {"uv": [0, 0, 0, 0], "rotation": 270, "texture": "#leaves_2", "tintindex": 0},
				"up": {"uv": [0, 0, 0, 0], "texture": "#leaves_2", "tintindex": 0},
				"down": {"uv": [0, 0, 0, 0], "rotation": 180, "texture": "#leaves_2", "tintindex": 0}
			}
		},
		{
			"from": [0, -8, 14],
			"to": [16, 8, 14],
			"shade": false,
			"rotation": {"angle": -22.5, "axis": "x", "origin": [8, 8, 14]},
			"faces": {
				"north": {"uv": [0, 0, 16, 16], "rotation": 180, "texture": "#leaves_2", "tintindex": 0},
				"east": {"uv": [0, 0, 0, 0], "rotation": 90, "texture": "#leaves_2", "tintindex": 0},
				"south": {"uv": [0, 16, 16, 0], "texture": "#leaves_2", "tintindex": 0},
				"west": {"uv": [0, 0, 0, 0], "rotation": 270, "texture": "#leaves_2", "tintindex": 0},
				"up": {"uv": [0, 0, 0, 0], "texture": "#leaves_2", "tintindex": 0},
				"down": {"uv": [0, 0, 0, 0], "rotation": 180, "texture": "#leaves_2", "tintindex": 0}
			}
		},
		{
			"from": [-8, 0, 14],
			"to": [8, 16, 14],
			"shade": false,
			"rotation": {"angle": 45, "axis": "y", "origin": [8, 8, 14]},
			"faces": {
				"north": {"uv": [0, 0, 16, 16], "rotation": 90, "texture": "#leaves_2", "tintindex": 0},
				"east": {"uv": [0, 0, 0, 0], "rotation": 90, "texture": "#leaves_2", "tintindex": 0},
				"south": {"uv": [0, 16, 16, 0], "rotation": 90, "texture": "#leaves_2", "tintindex": 0},
				"west": {"uv": [0, 0, 0, 0], "rotation": 270, "texture": "#leaves_2", "tintindex": 0},
				"up": {"uv": [0, 0, 0, 0], "texture": "#leaves_2", "tintindex": 0},
				"down": {"uv": [0, 0, 0, 0], "rotation": 180, "texture": "#leaves_2", "tintindex": 0}
			}
		},
		{
			"from": [0, 8, 14],
			"to": [16, 24, 14],
			"shade": false,
			"rotation": {"angle": 45, "axis": "x", "origin": [8, 8, 14]},
			"faces": {
				"north": {"uv": [16, 16, 0, 0], "rotation": 180, "texture": "#leaves_2", "tintindex": 0},
				"east": {"uv": [0, 0, 0, 0], "rotation": 90, "texture": "#leaves_2", "tintindex": 0},
				"south": {"uv": [16, 0, 0, 16], "texture": "#leaves_2", "tintindex": 0},
				"west": {"uv": [0, 0, 0, 0], "rotation": 270, "texture": "#leaves_2", "tintindex": 0},
				"up": {"uv": [0, 0, 0, 0], "texture": "#leaves_2", "tintindex": 0},
				"down": {"uv": [0, 0, 0, 0], "rotation": 180, "texture": "#leaves_2", "tintindex": 0}
			}
		}
	],
	"display": {
		"thirdperson_righthand": {
			"rotation": [75, 45, 0],
			"translation": [0, 2.5, 0],
			"scale": [0.375, 0.375, 0.375]
		},
		"thirdperson_lefthand": {
			"rotation": [75, 45, 0],
			"translation": [0, 2.5, 0],
			"scale": [0.375, 0.375, 0.375]
		},
		"firstperson_righthand": {
			"rotation": [0, 45, 0],
			"scale": [0.4, 0.4, 0.4]
		},
		"firstperson_lefthand": {
			"rotation": [0, 225, 0],
			"scale": [0.4, 0.4, 0.4]
		},
		"ground": {
			"translation": [0, 3, 0],
			"scale": [0.25, 0.25, 0.25]
		},
		"gui": {
			"rotation": [30, 225, 0],
			"scale": [0.45, 0.45, 0.45]
		},
		"fixed": {
			"scale": [0.5, 0.5, 0.5]
		}
	},
	"groups": [
		{
			"name": "group",
			"origin": [0, 0, 0],
			"color": 0,
			"children": [
				0,
				{
					"name": "group",
					"origin": [8, 16, 8],
					"color": 0,
					"children": [1, 2, 3, 4, 5, 6, 7, 8]
				},
				{
					"name": "group",
					"origin": [8, 0, 8],
					"color": 0,
					"children": [9, 10, 11, 12, 13, 14, 15, 16]
				},
				{
					"name": "group",
					"origin": [0, 8, 8],
					"color": 0,
					"children": [17, 18, 19, 20, 21, 22, 23, 24]
				},
				{
					"name": "group",
					"origin": [16, 8, 8],
					"color": 0,
					"children": [25, 26, 27, 28, 29, 30, 31, 32]
				},
				{
					"name": "group",
					"origin": [8, 8, 0],
					"color": 0,
					"children": [33, 34, 35, 36, 37, 38, 39, 40]
				},
				{
					"name": "group",
					"origin": [8, 8, 16],
					"color": 0,
					"children": [41, 42, 43, 44, 45, 46, 47, 48]
				}
			]
		}
	]
}