{
	"credit": "Made with Blockbench",
	"parent": "block/block",
	"ambientocclusion": true,
	"textures": {
		"particle": "#leaves"
	},
	"elements": [
		{
			"from": [0, 0, -8],
			"to": [0, 16, 8],
			"shade": false,
			"rotation": {"angle": 22.5, "axis": "y", "origin": [0, 8, 8]},
			"faces": {
				"north": {"uv": [0, 0, 0, 0], "rotation": 90, "texture": "#leaves_2", "tintindex": 0},
				"east": {"uv": [0, 16, 16, 0], "rotation": 270, "texture": "#leaves_2", "tintindex": 0},
				"south": {"uv": [0, 0, 0, 0], "rotation": 270, "texture": "#leaves_2", "tintindex": 0},
				"west": {"uv": [0, 0, 16, 16], "rotation": 270, "texture": "#leaves_2", "tintindex": 0},
				"up": {"uv": [0, 0, 0, 0], "rotation": 270, "texture": "#leaves_2", "tintindex": 0},
				"down": {"uv": [0, 0, 0, 0], "rotation": 270, "texture": "#leaves_2", "tintindex": 0}
			}
		},
		{
			"from": [0, 0, 0],
			"to": [16, 16, 16],
			"rotation": {"angle": 0, "axis": "y", "origin": [8, 0, 8]},
			"faces": {
				"north": {"uv": [0, 0, 16, 16], "texture": "#leaves", "cullface": "north", "tintindex": 0},
				"east": {"uv": [0, 0, 16, 16], "texture": "#leaves", "cullface": "east", "tintindex": 0},
				"south": {"uv": [0, 0, 16, 16], "texture": "#leaves", "cullface": "south", "tintindex": 0},
				"west": {"uv": [0, 0, 16, 16], "texture": "#leaves", "cullface": "west", "tintindex": 0},
				"up": {"uv": [0, 0, 16, 16], "texture": "#leaves", "cullface": "up", "tintindex": 0},
				"down": {"uv": [0, 0, 16, 16], "texture": "#leaves", "cullface": "down", "tintindex": 0}
			}
		},
		{
			"from": [8, 16, 0],
			"to": [24, 16, 16],
			"shade": false,
			"rotation": {"angle": 22.5, "axis": "z", "origin": [8, 15, 8]},
			"faces": {
				"north": {"uv": [0, 0, 0, 0], "texture": "#leaves_2", "tintindex": 0},
				"east": {"uv": [0, 0, 0, 0], "texture": "#leaves_2", "tintindex": 0},
				"south": {"uv": [0, 0, 0, 0], "texture": "#leaves_2", "tintindex": 0},
				"west": {"uv": [0, 0, 0, 0], "texture": "#leaves_2", "tintindex": 0},
				"up": {"uv": [0, 0, 16, 16], "rotation": 90, "texture": "#leaves_2", "tintindex": 0},
				"down": {"uv": [0, 16, 16, 0], "rotation": 270, "texture": "#leaves_2", "tintindex": 0}
			}
		},
		{
			"from": [-8, 16, 0],
			"to": [8, 16, 16],
			"shade": false,
			"rotation": {"angle": -22.5, "axis": "z", "origin": [8, 15, 8]},
			"faces": {
				"north": {"uv": [0, 0, 0, 0], "texture": "#leaves_2", "tintindex": 0},
				"east": {"uv": [0, 0, 0, 0], "texture": "#leaves_2", "tintindex": 0},
				"south": {"uv": [0, 0, 0, 0], "texture": "#leaves_2", "tintindex": 0},
				"west": {"uv": [0, 0, 0, 0], "texture": "#leaves_2", "tintindex": 0},
				"up": {"uv": [0, 0, 16, 16], "rotation": 270, "texture": "#leaves_2", "tintindex": 0},
				"down": {"uv": [0, 16, 16, 0], "rotation": 90, "texture": "#leaves_2", "tintindex": 0}
			}
		},
		{
			"from": [0, 16, 8],
			"to": [16, 16, 24],
			"shade": false,
			"rotation": {"angle": -22.5, "axis": "x", "origin": [8, 15, 8]},
			"faces": {
				"north": {"uv": [0, 0, 0, 0], "texture": "#leaves_2", "tintindex": 0},
				"east": {"uv": [0, 0, 0, 0], "texture": "#leaves_2", "tintindex": 0},
				"south": {"uv": [0, 0, 0, 0], "texture": "#leaves_2", "tintindex": 0},
				"west": {"uv": [0, 0, 0, 0], "texture": "#leaves_2", "tintindex": 0},
				"up": {"uv": [16, 16, 0, 0], "texture": "#leaves_2", "tintindex": 0},
				"down": {"uv": [16, 0, 0, 16], "texture": "#leaves_2", "tintindex": 0}
			}
		},
		{
			"from": [0, 16, -8],
			"to": [16, 16, 8],
			"shade": false,
			"rotation": {"angle": 22.5, "axis": "x", "origin": [8, 15, 8]},
			"faces": {
				"north": {"uv": [0, 0, 0, 0], "texture": "#leaves_2", "tintindex": 0},
				"east": {"uv": [0, 0, 0, 0], "texture": "#leaves_2", "tintindex": 0},
				"south": {"uv": [0, 0, 0, 0], "texture": "#leaves_2", "tintindex": 0},
				"west": {"uv": [0, 0, 0, 0], "texture": "#leaves_2", "tintindex": 0},
				"up": {"uv": [0, 0, 16, 16], "texture": "#leaves_2", "tintindex": 0},
				"down": {"uv": [0, 16, 16, 0], "texture": "#leaves_2", "tintindex": 0}
			}
		},
		{
			"from": [0, 8, 16],
			"to": [16, 24, 16],
			"shade": false,
			"rotation": {"angle": 22.5, "axis": "x", "origin": [8, 8, 15]},
			"faces": {
				"north": {"uv": [0, 16, 16, 0], "rotation": 180, "texture": "#leaves_2", "tintindex": 0},
				"east": {"uv": [0, 0, 0, 0], "rotation": 270, "texture": "#leaves_2", "tintindex": 0},
				"south": {"uv": [0, 0, 16, 16], "texture": "#leaves_2", "tintindex": 0},
				"west": {"uv": [0, 0, 0, 0], "rotation": 90, "texture": "#leaves_2", "tintindex": 0},
				"up": {"uv": [0, 0, 0, 0], "rotation": 180, "texture": "#leaves_2", "tintindex": 0},
				"down": {"uv": [0, 0, 0, 0], "texture": "#leaves_2", "tintindex": 0}
			}
		},
		{
			"from": [-8, 0, 16],
			"to": [8, 16, 16],
			"shade": false,
			"rotation": {"angle": 22.5, "axis": "y", "origin": [8, 8, 15]},
			"faces": {
				"north": {"uv": [0, 16, 16, 0], "rotation": 270, "texture": "#leaves_2", "tintindex": 0},
				"east": {"uv": [0, 0, 0, 0], "rotation": 270, "texture": "#leaves_2", "tintindex": 0},
				"south": {"uv": [0, 0, 16, 16], "rotation": 270, "texture": "#leaves_2", "tintindex": 0},
				"west": {"uv": [0, 0, 0, 0], "rotation": 90, "texture": "#leaves_2", "tintindex": 0},
				"up": {"uv": [0, 0, 0, 0], "rotation": 180, "texture": "#leaves_2", "tintindex": 0},
				"down": {"uv": [0, 0, 0, 0], "texture": "#leaves_2", "tintindex": 0}
			}
		},
		{
			"from": [0, -8, 16],
			"to": [16, 8, 16],
			"shade": false,
			"rotation": {"angle": -22.5, "axis": "x", "origin": [8, 8, 15]},
			"faces": {
				"north": {"uv": [16, 0, 0, 16], "rotation": 180, "texture": "#leaves_2", "tintindex": 0},
				"east": {"uv": [0, 0, 0, 0], "rotation": 270, "texture": "#leaves_2", "tintindex": 0},
				"south": {"uv": [16, 16, 0, 0], "texture": "#leaves_2", "tintindex": 0},
				"west": {"uv": [0, 0, 0, 0], "rotation": 90, "texture": "#leaves_2", "tintindex": 0},
				"up": {"uv": [0, 0, 0, 0], "rotation": 180, "texture": "#leaves_2", "tintindex": 0},
				"down": {"uv": [0, 0, 0, 0], "texture": "#leaves_2", "tintindex": 0}
			}
		},
		{
			"from": [8, 0, 16],
			"to": [24, 16, 16],
			"shade": false,
			"rotation": {"angle": -22.5, "axis": "y", "origin": [8, 8, 15]},
			"faces": {
				"north": {"uv": [0, 16, 16, 0], "rotation": 90, "texture": "#leaves_2", "tintindex": 0},
				"east": {"uv": [0, 0, 0, 0], "rotation": 270, "texture": "#leaves_2", "tintindex": 0},
				"south": {"uv": [0, 0, 16, 16], "rotation": 90, "texture": "#leaves_2", "tintindex": 0},
				"west": {"uv": [0, 0, 0, 0], "rotation": 90, "texture": "#leaves_2", "tintindex": 0},
				"up": {"uv": [0, 0, 0, 0], "rotation": 180, "texture": "#leaves_2", "tintindex": 0},
				"down": {"uv": [0, 0, 0, 0], "texture": "#leaves_2", "tintindex": 0}
			}
		},
		{
			"from": [0, 8, 0],
			"to": [16, 24, 0],
			"shade": false,
			"rotation": {"angle": -22.5, "axis": "x", "origin": [8, 8, 1]},
			"faces": {
				"north": {"uv": [16, 16, 0, 0], "rotation": 180, "texture": "#leaves_2", "tintindex": 0},
				"east": {"uv": [0, 0, 0, 0], "rotation": 90, "texture": "#leaves_2", "tintindex": 0},
				"south": {"uv": [16, 0, 0, 16], "texture": "#leaves_2", "tintindex": 0},
				"west": {"uv": [0, 0, 0, 0], "rotation": 270, "texture": "#leaves_2", "tintindex": 0},
				"up": {"uv": [0, 0, 0, 0], "texture": "#leaves_2", "tintindex": 0},
				"down": {"uv": [0, 0, 0, 0], "rotation": 180, "texture": "#leaves_2", "tintindex": 0}
			}
		},
		{
			"from": [8, 0, 0],
			"to": [24, 16, 0],
			"shade": false,
			"rotation": {"angle": 22.5, "axis": "y", "origin": [8, 8, 1]},
			"faces": {
				"north": {"uv": [0, 0, 16, 16], "rotation": 270, "texture": "#leaves_2", "tintindex": 0},
				"east": {"uv": [0, 0, 0, 0], "rotation": 90, "texture": "#leaves_2", "tintindex": 0},
				"south": {"uv": [0, 16, 16, 0], "rotation": 270, "texture": "#leaves_2", "tintindex": 0},
				"west": {"uv": [0, 0, 0, 0], "rotation": 270, "texture": "#leaves_2", "tintindex": 0},
				"up": {"uv": [0, 0, 0, 0], "texture": "#leaves_2", "tintindex": 0},
				"down": {"uv": [0, 0, 0, 0], "rotation": 180, "texture": "#leaves_2", "tintindex": 0}
			}
		},
		{
			"from": [0, -8, 0],
			"to": [16, 8, 0],
			"shade": false,
			"rotation": {"angle": 22.5, "axis": "x", "origin": [8, 8, 1]},
			"faces": {
				"north": {"uv": [0, 0, 16, 16], "rotation": 180, "texture": "#leaves_2", "tintindex": 0},
				"east": {"uv": [0, 0, 0, 0], "rotation": 90, "texture": "#leaves_2", "tintindex": 0},
				"south": {"uv": [0, 16, 16, 0], "texture": "#leaves_2", "tintindex": 0},
				"west": {"uv": [0, 0, 0, 0], "rotation": 270, "texture": "#leaves_2", "tintindex": 0},
				"up": {"uv": [0, 0, 0, 0], "texture": "#leaves_2", "tintindex": 0},
				"down": {"uv": [0, 0, 0, 0], "rotation": 180, "texture": "#leaves_2", "tintindex": 0}
			}
		},
		{
			"from": [-8, 0, 0],
			"to": [8, 16, 0],
			"shade": false,
			"rotation": {"angle": -22.5, "axis": "y", "origin": [8, 8, 1]},
			"faces": {
				"north": {"uv": [0, 0, 16, 16], "rotation": 90, "texture": "#leaves_2", "tintindex": 0},
				"east": {"uv": [0, 0, 0, 0], "rotation": 90, "texture": "#leaves_2", "tintindex": 0},
				"south": {"uv": [0, 16, 16, 0], "rotation": 90, "texture": "#leaves_2", "tintindex": 0},
				"west": {"uv": [0, 0, 0, 0], "rotation": 270, "texture": "#leaves_2", "tintindex": 0},
				"up": {"uv": [0, 0, 0, 0], "texture": "#leaves_2", "tintindex": 0},
				"down": {"uv": [0, 0, 0, 0], "rotation": 180, "texture": "#leaves_2", "tintindex": 0}
			}
		},
		{
			"from": [-8, 0, 0],
			"to": [8, 0, 16],
			"shade": false,
			"rotation": {"angle": 22.5, "axis": "z", "origin": [8, 0, 8]},
			"faces": {
				"north": {"uv": [0, 0, 0, 0], "rotation": 180, "texture": "#leaves_2", "tintindex": 0},
				"east": {"uv": [0, 0, 0, 0], "rotation": 180, "texture": "#leaves_2", "tintindex": 0},
				"south": {"uv": [0, 0, 0, 0], "rotation": 180, "texture": "#leaves_2", "tintindex": 0},
				"west": {"uv": [0, 0, 0, 0], "rotation": 180, "texture": "#leaves_2", "tintindex": 0},
				"up": {"uv": [0, 16, 16, 0], "rotation": 90, "texture": "#leaves_2", "tintindex": 0},
				"down": {"uv": [0, 0, 16, 16], "rotation": 270, "texture": "#leaves_2", "tintindex": 0}
			}
		},
		{
			"from": [8, 0, 0],
			"to": [24, 0, 16],
			"shade": false,
			"rotation": {"angle": -22.5, "axis": "z", "origin": [8, 0, 8]},
			"faces": {
				"north": {"uv": [0, 0, 0, 0], "rotation": 180, "texture": "#leaves_2", "tintindex": 0},
				"east": {"uv": [0, 0, 0, 0], "rotation": 180, "texture": "#leaves_2", "tintindex": 0},
				"south": {"uv": [0, 0, 0, 0], "rotation": 180, "texture": "#leaves_2", "tintindex": 0},
				"west": {"uv": [0, 0, 0, 0], "rotation": 180, "texture": "#leaves_2", "tintindex": 0},
				"up": {"uv": [0, 16, 16, 0], "rotation": 270, "texture": "#leaves_2", "tintindex": 0},
				"down": {"uv": [0, 0, 16, 16], "rotation": 90, "texture": "#leaves_2", "tintindex": 0}
			}
		},
		{
			"from": [0, 0, 8],
			"to": [16, 0, 24],
			"shade": false,
			"rotation": {"angle": 22.5, "axis": "x", "origin": [8, 0, 8]},
			"faces": {
				"north": {"uv": [0, 0, 0, 0], "rotation": 180, "texture": "#leaves_2", "tintindex": 0},
				"east": {"uv": [0, 0, 0, 0], "rotation": 180, "texture": "#leaves_2", "tintindex": 0},
				"south": {"uv": [0, 0, 0, 0], "rotation": 180, "texture": "#leaves_2", "tintindex": 0},
				"west": {"uv": [0, 0, 0, 0], "rotation": 180, "texture": "#leaves_2", "tintindex": 0},
				"up": {"uv": [16, 0, 0, 16], "rotation": 180, "texture": "#leaves_2", "tintindex": 0},
				"down": {"uv": [16, 16, 0, 0], "rotation": 180, "texture": "#leaves_2", "tintindex": 0}
			}
		},
		{
			"from": [0, 0, -8],
			"to": [16, 0, 8],
			"shade": false,
			"rotation": {"angle": -22.5, "axis": "x", "origin": [8, 0, 8]},
			"faces": {
				"north": {"uv": [0, 0, 0, 0], "rotation": 180, "texture": "#leaves_2", "tintindex": 0},
				"east": {"uv": [0, 0, 0, 0], "rotation": 180, "texture": "#leaves_2", "tintindex": 0},
				"south": {"uv": [0, 0, 0, 0], "rotation": 180, "texture": "#leaves_2", "tintindex": 0},
				"west": {"uv": [0, 0, 0, 0], "rotation": 180, "texture": "#leaves_2", "tintindex": 0},
				"up": {"uv": [0, 16, 16, 0], "rotation": 180, "texture": "#leaves_2", "tintindex": 0},
				"down": {"uv": [0, 0, 16, 16], "rotation": 180, "texture": "#leaves_2", "tintindex": 0}
			}
		},
		{
			"from": [16, 0, -8],
			"to": [16, 16, 8],
			"shade": false,
			"rotation": {"angle": -22.5, "axis": "y", "origin": [16, 8, 8]},
			"faces": {
				"north": {"uv": [0, 0, 0, 0], "rotation": 270, "texture": "#leaves_2", "tintindex": 0},
				"east": {"uv": [0, 0, 16, 16], "rotation": 90, "texture": "#leaves_2", "tintindex": 0},
				"south": {"uv": [0, 0, 0, 0], "rotation": 90, "texture": "#leaves_2", "tintindex": 0},
				"west": {"uv": [0, 16, 16, 0], "rotation": 90, "texture": "#leaves_2", "tintindex": 0},
				"up": {"uv": [0, 0, 0, 0], "rotation": 90, "texture": "#leaves_2", "tintindex": 0},
				"down": {"uv": [0, 0, 0, 0], "rotation": 90, "texture": "#leaves_2", "tintindex": 0}
			}
		},
		{
			"from": [16, 0, 8],
			"to": [16, 16, 24],
			"shade": false,
			"rotation": {"angle": 22.5, "axis": "y", "origin": [16, 8, 8]},
			"faces": {
				"north": {"uv": [0, 0, 0, 0], "rotation": 270, "texture": "#leaves_2", "tintindex": 0},
				"east": {"uv": [16, 16, 0, 0], "rotation": 90, "texture": "#leaves_2", "tintindex": 0},
				"south": {"uv": [0, 0, 0, 0], "rotation": 90, "texture": "#leaves_2", "tintindex": 0},
				"west": {"uv": [16, 0, 0, 16], "rotation": 90, "texture": "#leaves_2", "tintindex": 0},
				"up": {"uv": [0, 0, 0, 0], "rotation": 90, "texture": "#leaves_2", "tintindex": 0},
				"down": {"uv": [0, 0, 0, 0], "rotation": 90, "texture": "#leaves_2", "tintindex": 0}
			}
		},
		{
			"from": [16, 8, 0],
			"to": [16, 24, 16],
			"shade": false,
			"rotation": {"angle": -22.5, "axis": "z", "origin": [16, 8, 8]},
			"faces": {
				"north": {"uv": [0, 0, 0, 0], "rotation": 270, "texture": "#leaves_2", "tintindex": 0},
				"east": {"uv": [0, 0, 16, 16], "texture": "#leaves_2", "tintindex": 0},
				"south": {"uv": [0, 0, 0, 0], "rotation": 90, "texture": "#leaves_2", "tintindex": 0},
				"west": {"uv": [0, 16, 16, 0], "rotation": 180, "texture": "#leaves_2", "tintindex": 0},
				"up": {"uv": [0, 0, 0, 0], "rotation": 90, "texture": "#leaves_2", "tintindex": 0},
				"down": {"uv": [0, 0, 0, 0], "rotation": 90, "texture": "#leaves_2", "tintindex": 0}
			}
		},
		{
			"from": [16, -8, 0],
			"to": [16, 8, 16],
			"shade": false,
			"rotation": {"angle": 22.5, "axis": "z", "origin": [16, 8, 8]},
			"faces": {
				"north": {"uv": [0, 0, 0, 0], "rotation": 270, "texture": "#leaves_2", "tintindex": 0},
				"east": {"uv": [0, 0, 16, 16], "rotation": 180, "texture": "#leaves_2", "tintindex": 0},
				"south": {"uv": [0, 0, 0, 0], "rotation": 90, "texture": "#leaves_2", "tintindex": 0},
				"west": {"uv": [0, 16, 16, 0], "texture": "#leaves_2", "tintindex": 0},
				"up": {"uv": [0, 0, 0, 0], "rotation": 90, "texture": "#leaves_2", "tintindex": 0},
				"down": {"uv": [0, 0, 0, 0], "rotation": 90, "texture": "#leaves_2", "tintindex": 0}
			}
		},
		{
			"from": [0, 8, 0],
			"to": [0, 24, 16],
			"shade": false,
			"rotation": {"angle": 22.5, "axis": "z", "origin": [0, 8, 8]},
			"faces": {
				"north": {"uv": [0, 0, 0, 0], "rotation": 90, "texture": "#leaves_2", "tintindex": 0},
				"east": {"uv": [0, 16, 16, 0], "rotation": 180, "texture": "#leaves_2", "tintindex": 0},
				"south": {"uv": [0, 0, 0, 0], "rotation": 270, "texture": "#leaves_2", "tintindex": 0},
				"west": {"uv": [0, 0, 16, 16], "texture": "#leaves_2", "tintindex": 0},
				"up": {"uv": [0, 0, 0, 0], "rotation": 270, "texture": "#leaves_2", "tintindex": 0},
				"down": {"uv": [0, 0, 0, 0], "rotation": 270, "texture": "#leaves_2", "tintindex": 0}
			}
		},
		{
			"from": [0, -8, 0],
			"to": [0, 8, 16],
			"shade": false,
			"rotation": {"angle": -22.5, "axis": "z", "origin": [0, 8, 8]},
			"faces": {
				"north": {"uv": [0, 0, 0, 0], "rotation": 90, "texture": "#leaves_2", "tintindex": 0},
				"east": {"uv": [0, 16, 16, 0], "texture": "#leaves_2", "tintindex": 0},
				"south": {"uv": [0, 0, 0, 0], "rotation": 270, "texture": "#leaves_2", "tintindex": 0},
				"west": {"uv": [0, 0, 16, 16], "rotation": 180, "texture": "#leaves_2", "tintindex": 0},
				"up": {"uv": [0, 0, 0, 0], "rotation": 270, "texture": "#leaves_2", "tintindex": 0},
				"down": {"uv": [0, 0, 0, 0], "rotation": 270, "texture": "#leaves_2", "tintindex": 0}
			}
		},
		{
			"from": [0, 0, 8],
			"to": [0, 16, 24],
			"shade": false,
			"rotation": {"angle": -22.5, "axis": "y", "origin": [0, 8, 8]},
			"faces": {
				"north": {"uv": [0, 0, 0, 0], "rotation": 90, "texture": "#leaves_2", "tintindex": 0},
				"east": {"uv": [16, 0, 0, 16], "rotation": 270, "texture": "#leaves_2", "tintindex": 0},
				"south": {"uv": [0, 0, 0, 0], "rotation": 270, "texture": "#leaves_2", "tintindex": 0},
				"west": {"uv": [16, 16, 0, 0], "rotation": 270, "texture": "#leaves_2", "tintindex": 0},
				"up": {"uv": [0, 0, 0, 0], "rotation": 270, "texture": "#leaves_2", "tintindex": 0},
				"down": {"uv": [0, 0, 0, 0], "rotation": 270, "texture": "#leaves_2", "tintindex": 0}
			}
		}
	],
	"display": {
		"thirdperson_righthand": {
			"rotation": [75, 45, 0],
			"translation": [0, 2.5, 0],
			"scale": [0.375, 0.375, 0.375]
		},
		"thirdperson_lefthand": {
			"rotation": [75, 45, 0],
			"translation": [0, 2.5, 0],
			"scale": [0.375, 0.375, 0.375]
		},
		"firstperson_righthand": {
			"rotation": [0, 45, 0],
			"scale": [0.4, 0.4, 0.4]
		},
		"firstperson_lefthand": {
			"rotation": [0, 225, 0],
			"scale": [0.4, 0.4, 0.4]
		},
		"ground": {
			"translation": [0, 3, 0],
			"scale": [0.25, 0.25, 0.25]
		},
		"gui": {
			"rotation": [30, 225, 0],
			"scale": [0.45, 0.45, 0.45]
		},
		"fixed": {
			"scale": [0.5, 0.5, 0.5]
		}
	},
	"groups": [
		{
			"name": "group",
			"origin": [0, 0, 0],
			"color": 0,
			"children": [0, 1, 2, 3, 4, 5, 6, 7, 8, 9, 10, 11, 12, 13, 14, 15, 16, 17, 18, 19, 20, 21, 22, 23, 24]
		}
	]
}