{
	"credit": "Made with Blockbench",
	"parent": "block/thin_block",
	"textures": {
		"particle": "minecraft:block/moss_block",
		"moss": "minecraft:block/moss_block",
		"moss_2": "minecraft:block/flowering_azalea_side"
	},
	"elements": [
		{
			"from": [0, 0, 0],
			"to": [16, 1, 16],
			"rotation": {"angle": 0, "axis": "y", "origin": [8, 0, 8]},
			"faces": {
				"north": {"uv": [0, 15, 16, 16], "texture": "#moss"},
				"east": {"uv": [0, 15, 16, 16], "texture": "#moss"},
				"south": {"uv": [0, 15, 16, 16], "texture": "#moss"},
				"west": {"uv": [0, 15, 16, 16], "texture": "#moss"},
				"up": {"uv": [0, 0, 16, 16], "texture": "#moss"},
				"down": {"uv": [0, 0, 16, 16], "texture": "#moss"}
			}
		},
		{
			"from": [-0.01, -16, 0],
			"to": [-0.01, 0, 16],
			"rotation": {"angle": 0, "axis": "y", "origin": [8, 0, 8]},
			"faces": {
				"north": {"uv": [0, 0, 16, 16], "texture": "#moss_2", "tintindex": 0},
				"east": {"uv": [16, 0, 0, 16], "texture": "#moss_2", "tintindex": 0},
				"south": {"uv": [0, 0, 16, 16], "texture": "#moss_2", "tintindex": 0},
				"west": {"uv": [0, 0, 16, 16], "texture": "#moss_2", "tintindex": 0},
				"up": {"uv": [0, 0, 0, 0], "texture": "#moss_2"},
				"down": {"uv": [0, 0, 0, 0], "texture": "#moss_2"}
			}
		},
		{
			"from": [0, -16, -0.01],
			"to": [16, 0, -0.01],
			"rotation": {"angle": 0, "axis": "y", "origin": [8, 0, 8]},
			"faces": {
				"north": {"uv": [0, 0, 16, 16], "texture": "#moss_2", "tintindex": 0},
				"east": {"uv": [0, 0, 16, 16], "texture": "#moss_2", "tintindex": 0},
				"south": {"uv": [16, 0, 0, 16], "texture": "#moss_2", "tintindex": 0},
				"west": {"uv": [0, 0, 16, 16], "texture": "#moss_2", "tintindex": 0},
				"up": {"uv": [0, 0, 0, 0], "rotation": 90, "texture": "#moss_2"},
				"down": {"uv": [0, 0, 0, 0], "rotation": 270, "texture": "#moss_2"}
			}
		},
		{
			"from": [16.01, -16, 0],
			"to": [16.01, 0, 16],
			"rotation": {"angle": 0, "axis": "y", "origin": [8, 0, 8]},
			"faces": {
				"north": {"uv": [0, 0, 16, 16], "texture": "#moss_2", "tintindex": 0},
				"east": {"uv": [0, 0, 16, 16], "texture": "#moss_2", "tintindex": 0},
				"south": {"uv": [0, 0, 16, 16], "texture": "#moss_2", "tintindex": 0},
				"west": {"uv": [16, 0, 0, 16], "texture": "#moss_2", "tintindex": 0},
				"up": {"uv": [0, 0, 0, 0], "rotation": 180, "texture": "#moss_2"},
				"down": {"uv": [0, 0, 0, 0], "rotation": 180, "texture": "#moss_2"}
			}
		},
		{
			"from": [0, -16, 16.01],
			"to": [16, 0, 16.01],
			"rotation": {"angle": 0, "axis": "y", "origin": [8, 0, 8]},
			"faces": {
				"north": {"uv": [16, 0, 0, 16], "texture": "#moss_2", "tintindex": 0},
				"east": {"uv": [0, 0, 16, 16], "texture": "#moss_2", "tintindex": 0},
				"south": {"uv": [0, 0, 16, 16], "texture": "#moss_2", "tintindex": 0},
				"west": {"uv": [0, 0, 16, 16], "texture": "#moss_2", "tintindex": 0},
				"up": {"uv": [0, 0, 0, 0], "rotation": 270, "texture": "#moss_2"},
				"down": {"uv": [0, 0, 0, 0], "rotation": 90, "texture": "#moss_2"}
			}
		}
	],
	"display": {
		"thirdperson_righthand": {
			"rotation": [75, 45, 0],
			"translation": [0, 3, 2.5],
			"scale": [0.375, 0.375, 0.375]
		},
		"thirdperson_lefthand": {
			"rotation": [75, 45, 0],
			"translation": [0, 3, 2.5],
			"scale": [0.375, 0.375, 0.375]
		},
		"firstperson_righthand": {
			"rotation": [0, 45, 0],
			"translation": [0, 5, 0],
			"scale": [0.4, 0.4, 0.4]
		},
		"firstperson_lefthand": {
			"rotation": [0, 225, 0],
			"translation": [0, 5, 0],
			"scale": [0.4, 0.4, 0.4]
		},
		"ground": {
			"translation": [0, 5.75, 0],
			"scale": [0.5, 0.5, 0.5]
		},
		"gui": {
			"rotation": [30, 225, 0],
			"translation": [0, 7.25, 0],
			"scale": [0.7, 0.7, 0.7]
		},
		"head": {
			"translation": [0, 15, 0]
		},
		"fixed": {
			"translation": [0, 5.75, 0],
			"scale": [0.5, 0.5, 0.5]
		}
	}
}