{
	"credit": "Made with Blockbench",
	"textures": {
		"particle": "#bottom"
	},
	"elements": [
		{
			"from": [0, 0, 0],
			"to": [16, 8, 16],
			"faces": {
				"north": {"uv": [0, 8, 16, 16], "texture": "#side", "cullface": "north"},
				"east": {"uv": [0, 8, 16, 16], "texture": "#side", "cullface": "east"},
				"south": {"uv": [0, 8, 16, 16], "texture": "#side", "cullface": "south"},
				"west": {"uv": [0, 8, 16, 16], "texture": "#side", "cullface": "west"},
				"up": {"uv": [0, 0, 16, 16], "texture": "#bottom"},
				"down": {"uv": [0, 0, 16, 16], "texture": "#top", "cullface": "down"}
			}
		},
		{
			"from": [8, 8, 8],
			"to": [16, 16, 16],
			"faces": {
				"north": {"uv": [0, 0, 8, 8], "texture": "#side"},
				"east": {"uv": [0, 0, 8, 8], "texture": "#side", "cullface": "east"},
				"south": {"uv": [8, 0, 16, 8], "texture": "#side", "cullface": "south"},
				"west": {"uv": [8, 0, 16, 8], "texture": "#side"},
				"up": {"uv": [8, 8, 16, 16], "texture": "#bottom", "cullface": "up"}
			}
		}
	],
	"display": {
		"thirdperson_righthand": {
			"rotation": [75, 45, 0],
			"translation": [0, 2.5, 0],
			"scale": [0.375, 0.375, 0.375]
		},
		"thirdperson_lefthand": {
			"rotation": [75, 45, 0],
			"translation": [0, 2.5, 0],
			"scale": [0.375, 0.375, 0.375]
		},
		"firstperson_righthand": {
			"rotation": [0, 45, 0],
			"scale": [0.4, 0.4, 0.4]
		},
		"firstperson_lefthand": {
			"rotation": [0, 225, 0],
			"scale": [0.4, 0.4, 0.4]
		},
		"ground": {
			"translation": [0, 3, 0],
			"scale": [0.25, 0.25, 0.25]
		},
		"gui": {
			"rotation": [30, 225, 0],
			"scale": [0.625, 0.625, 0.625]
		},
		"fixed": {
			"scale": [0.5, 0.5, 0.5]
		}
	}
}