{
	"credit": "Made with Blockbench",
	"parent": "block/block",
	"ambientocclusion": false,
	"textures": {
		"particle": "block/glass",
		"glass": "block/glass",
		"obsidian": "block/obsidian",
		"beacon": "block/beacon"
	},
	"elements": [
		{
			"name": "Glass shell",
			"from": [15, 0, 0],
			"to": [16, 16, 1],
			"rotation": {"angle": 0, "axis": "y", "origin": [8, 0, 8]},
			"faces": {
				"north": {"uv": [0, 0, 1, 16], "texture": "#glass"},
				"east": {"uv": [1, 0, 0, 16], "texture": "#glass"},
				"south": {"uv": [0, 0, 1, 16], "texture": "#glass"},
				"west": {"uv": [0, 0, 1, 16], "texture": "#glass"},
				"up": {"uv": [0, 0, 1, 1], "texture": "#glass"},
				"down": {"uv": [0, 15, 1, 16], "texture": "#glass"}
			}
		},
		{
			"name": "Obsidian base",
			"from": [2.05, 0.1, 2.05],
			"to": [13.95, 3, 13.95],
			"rotation": {"angle": 0, "axis": "y", "origin": [8, 0, 8]},
			"faces": {
				"north": {"uv": [2, 13, 14, 16], "texture": "#obsidian"},
				"east": {"uv": [2, 13, 14, 16], "texture": "#obsidian"},
				"south": {"uv": [2, 13, 14, 16], "texture": "#obsidian"},
				"west": {"uv": [2, 13, 14, 16], "texture": "#obsidian"},
				"up": {"uv": [2, 2, 14, 14], "texture": "#obsidian"},
				"down": {"uv": [2, 2, 14, 14], "texture": "#obsidian"}
			}
		},
		{
			"name": "Inner beacon texture",
			"from": [3, 3, 3],
			"to": [13, 13, 13],
			"rotation": {"angle": 0, "axis": "y", "origin": [8, 0, 8]},
			"faces": {
				"north": {"uv": [2, 2, 14, 14], "texture": "#beacon"},
				"east": {"uv": [2, 2, 14, 14], "texture": "#beacon"},
				"south": {"uv": [2, 2, 14, 14], "texture": "#beacon"},
				"west": {"uv": [2, 2, 14, 14], "texture": "#beacon"},
				"up": {"uv": [2, 2, 14, 14], "texture": "#beacon"},
				"down": {"uv": [2, 2, 14, 14], "texture": "#beacon"}
			}
		},
		{
			"name": "Glass shell",
			"from": [0, 0, 0],
			"to": [1, 16, 1],
			"rotation": {"angle": 0, "axis": "y", "origin": [8, 0, 8]},
			"faces": {
				"north": {"uv": [15, 0, 16, 16], "texture": "#glass"},
				"east": {"uv": [15, 0, 16, 16], "texture": "#glass"},
				"south": {"uv": [15, 0, 16, 16], "texture": "#glass"},
				"west": {"uv": [15, 0, 16, 16], "texture": "#glass"},
				"up": {"uv": [15, 0, 16, 1], "texture": "#glass"},
				"down": {"uv": [15, 15, 16, 16], "texture": "#glass"}
			}
		},
		{
			"name": "Glass shell",
			"from": [0, 15, 0],
			"to": [16, 16, 1],
			"rotation": {"angle": 0, "axis": "z", "origin": [8, 0, 8]},
			"faces": {
				"north": {"uv": [16, 0, 0, 1], "rotation": 180, "texture": "#glass"},
				"east": {"uv": [1, 0, 0, 1], "rotation": 180, "texture": "#glass"},
				"south": {"uv": [0, 0, 16, 1], "rotation": 180, "texture": "#glass"},
				"west": {"uv": [15, 0, 16, 1], "rotation": 90, "texture": "#glass"},
				"up": {"uv": [0, 0, 16, 1], "rotation": 180, "texture": "#glass"},
				"down": {"uv": [16, 0, 0, 1], "rotation": 180, "texture": "#glass"}
			}
		},
		{
			"name": "Glass shell",
			"from": [0, 0, 0],
			"to": [16, 1, 1],
			"rotation": {"angle": 0, "axis": "z", "origin": [8, 0, 8]},
			"faces": {
				"north": {"uv": [16, 15, 0, 16], "rotation": 180, "texture": "#glass"},
				"east": {"uv": [1, 15, 0, 16], "rotation": 180, "texture": "#glass"},
				"south": {"uv": [0, 15, 16, 16], "rotation": 180, "texture": "#glass"},
				"west": {"uv": [15, 15, 16, 16], "rotation": 90, "texture": "#glass"},
				"up": {"uv": [0, 15, 16, 16], "rotation": 180, "texture": "#glass"},
				"down": {"uv": [16, 15, 0, 16], "rotation": 180, "texture": "#glass"}
			}
		},
		{
			"name": "Glass shell",
			"from": [11, 13, 0],
			"to": [12, 14, 1],
			"rotation": {"angle": 0, "axis": "z", "origin": [8, 0, 8]},
			"faces": {
				"north": {"uv": [4, 2, 5, 3], "rotation": 90, "texture": "#glass"},
				"east": {"uv": [4, 2, 5, 3], "rotation": 90, "texture": "#glass"},
				"south": {"uv": [4, 2, 5, 3], "rotation": 90, "texture": "#glass"},
				"west": {"uv": [4, 2, 5, 3], "rotation": 90, "texture": "#glass"},
				"up": {"uv": [4, 2, 5, 3], "rotation": 90, "texture": "#glass"},
				"down": {"uv": [4, 2, 5, 3], "rotation": 90, "texture": "#glass"}
			}
		},
		{
			"name": "Glass shell",
			"from": [12, 12, 0],
			"to": [13, 13, 1],
			"rotation": {"angle": 0, "axis": "z", "origin": [8, 0, 8]},
			"faces": {
				"north": {"uv": [3, 3, 4, 4], "rotation": 90, "texture": "#glass"},
				"east": {"uv": [3, 3, 4, 4], "rotation": 90, "texture": "#glass"},
				"south": {"uv": [3, 3, 4, 4], "rotation": 90, "texture": "#glass"},
				"west": {"uv": [3, 3, 4, 4], "rotation": 90, "texture": "#glass"},
				"up": {"uv": [3, 3, 4, 4], "rotation": 90, "texture": "#glass"},
				"down": {"uv": [3, 3, 4, 4], "rotation": 90, "texture": "#glass"}
			}
		},
		{
			"name": "Glass shell",
			"from": [13, 11, 0],
			"to": [14, 12, 1],
			"rotation": {"angle": 0, "axis": "z", "origin": [8, 0, 8]},
			"faces": {
				"north": {"uv": [2, 4, 3, 5], "rotation": 90, "texture": "#glass"},
				"east": {"uv": [2, 4, 3, 5], "rotation": 90, "texture": "#glass"},
				"south": {"uv": [2, 4, 3, 5], "rotation": 90, "texture": "#glass"},
				"west": {"uv": [2, 4, 3, 5], "rotation": 90, "texture": "#glass"},
				"up": {"uv": [2, 4, 3, 5], "rotation": 90, "texture": "#glass"},
				"down": {"uv": [2, 4, 3, 5], "rotation": 90, "texture": "#glass"}
			}
		},
		{
			"name": "Glass shell",
			"from": [2, 3, 0],
			"to": [3, 4, 1],
			"rotation": {"angle": 0, "axis": "z", "origin": [8, 0, 8]},
			"faces": {
				"north": {"uv": [13, 12, 14, 13], "rotation": 90, "texture": "#glass"},
				"east": {"uv": [13, 12, 14, 13], "rotation": 90, "texture": "#glass"},
				"south": {"uv": [13, 12, 14, 13], "rotation": 90, "texture": "#glass"},
				"west": {"uv": [13, 12, 14, 13], "rotation": 90, "texture": "#glass"},
				"up": {"uv": [13, 12, 14, 13], "rotation": 90, "texture": "#glass"},
				"down": {"uv": [13, 12, 14, 13], "rotation": 90, "texture": "#glass"}
			}
		},
		{
			"name": "Glass shell",
			"from": [3, 2, 0],
			"to": [4, 3, 1],
			"rotation": {"angle": 0, "axis": "z", "origin": [8, 0, 8]},
			"faces": {
				"north": {"uv": [12, 13, 13, 14], "rotation": 90, "texture": "#glass"},
				"east": {"uv": [12, 13, 13, 14], "rotation": 90, "texture": "#glass"},
				"south": {"uv": [12, 13, 13, 14], "rotation": 90, "texture": "#glass"},
				"west": {"uv": [12, 13, 13, 14], "rotation": 90, "texture": "#glass"},
				"up": {"uv": [12, 13, 13, 14], "rotation": 90, "texture": "#glass"},
				"down": {"uv": [12, 13, 13, 14], "rotation": 90, "texture": "#glass"}
			}
		},
		{
			"name": "Glass shell",
			"from": [0, 0, 15],
			"to": [16, 1, 16],
			"rotation": {"angle": 0, "axis": "y", "origin": [8, 0, 8]},
			"faces": {
				"north": {"uv": [16, 0, 0, 1], "rotation": 180, "texture": "#glass"},
				"east": {"uv": [15, 0, 16, 1], "texture": "#glass"},
				"south": {"uv": [0, 0, 16, 1], "texture": "#glass"},
				"west": {"uv": [1, 0, 0, 1], "rotation": 270, "texture": "#glass"},
				"up": {"uv": [0, 0, 16, 1], "texture": "#glass"},
				"down": {"uv": [16, 0, 0, 1], "rotation": 180, "texture": "#glass"}
			}
		},
		{
			"name": "Glass shell",
			"from": [0, 0, 0],
			"to": [1, 1, 16],
			"rotation": {"angle": 0, "axis": "y", "origin": [8, 0, 8]},
			"faces": {
				"north": {"uv": [0, 15, 1, 16], "texture": "#glass"},
				"east": {"uv": [0, 0, 1, 16], "rotation": 270, "texture": "#glass"},
				"south": {"uv": [0, 0, 1, 1], "rotation": 180, "texture": "#glass"},
				"west": {"uv": [1, 0, 0, 16], "rotation": 90, "texture": "#glass"},
				"up": {"uv": [0, 0, 1, 16], "rotation": 180, "texture": "#glass"},
				"down": {"uv": [0, 0, 1, 16], "texture": "#glass"}
			}
		},
		{
			"name": "Glass shell",
			"from": [15, 0, 0],
			"to": [16, 1, 16],
			"rotation": {"angle": 0, "axis": "y", "origin": [8, 0, 8]},
			"faces": {
				"north": {"uv": [15, 15, 16, 16], "texture": "#glass"},
				"east": {"uv": [15, 0, 16, 16], "rotation": 270, "texture": "#glass"},
				"south": {"uv": [15, 0, 16, 1], "rotation": 180, "texture": "#glass"},
				"west": {"uv": [15, 0, 16, 16], "rotation": 90, "texture": "#glass"},
				"up": {"uv": [15, 0, 16, 16], "rotation": 180, "texture": "#glass"},
				"down": {"uv": [15, 0, 16, 16], "texture": "#glass"}
			}
		},
		{
			"name": "Glass shell",
			"from": [0, 0, 0],
			"to": [16, 1, 1],
			"rotation": {"angle": 0, "axis": "y", "origin": [8, 0, 8]},
			"faces": {
				"north": {"uv": [16, 15, 0, 16], "rotation": 180, "texture": "#glass"},
				"east": {"uv": [15, 15, 16, 16], "texture": "#glass"},
				"south": {"uv": [0, 15, 16, 16], "texture": "#glass"},
				"west": {"uv": [1, 15, 0, 16], "rotation": 270, "texture": "#glass"},
				"up": {"uv": [0, 15, 16, 16], "texture": "#glass"},
				"down": {"uv": [16, 15, 0, 16], "rotation": 180, "texture": "#glass"}
			}
		},
		{
			"name": "Glass shell",
			"from": [13, 0, 3],
			"to": [14, 1, 4],
			"rotation": {"angle": 0, "axis": "y", "origin": [8, 0, 8]},
			"faces": {
				"north": {"uv": [13, 12, 14, 13], "rotation": 90, "texture": "#glass"},
				"east": {"uv": [13, 12, 14, 13], "texture": "#glass"},
				"south": {"uv": [13, 12, 14, 13], "rotation": 270, "texture": "#glass"},
				"west": {"uv": [13, 12, 14, 13], "rotation": 180, "texture": "#glass"},
				"up": {"uv": [13, 12, 14, 13], "rotation": 270, "texture": "#glass"},
				"down": {"uv": [13, 12, 14, 13], "rotation": 90, "texture": "#glass"}
			}
		},
		{
			"name": "Glass shell",
			"from": [12, 0, 2],
			"to": [13, 1, 3],
			"rotation": {"angle": 0, "axis": "y", "origin": [8, 0, 8]},
			"faces": {
				"north": {"uv": [12, 13, 13, 14], "rotation": 90, "texture": "#glass"},
				"east": {"uv": [12, 13, 13, 14], "texture": "#glass"},
				"south": {"uv": [12, 13, 13, 14], "rotation": 270, "texture": "#glass"},
				"west": {"uv": [12, 13, 13, 14], "rotation": 180, "texture": "#glass"},
				"up": {"uv": [12, 13, 13, 14], "rotation": 270, "texture": "#glass"},
				"down": {"uv": [12, 13, 13, 14], "rotation": 90, "texture": "#glass"}
			}
		},
		{
			"name": "Glass shell",
			"from": [4, 0, 13],
			"to": [5, 1, 14],
			"rotation": {"angle": 0, "axis": "y", "origin": [8, 0, 8]},
			"faces": {
				"north": {"uv": [4, 2, 5, 3], "rotation": 90, "texture": "#glass"},
				"east": {"uv": [4, 2, 5, 3], "texture": "#glass"},
				"south": {"uv": [4, 2, 5, 3], "rotation": 270, "texture": "#glass"},
				"west": {"uv": [4, 2, 5, 3], "rotation": 180, "texture": "#glass"},
				"up": {"uv": [4, 2, 5, 3], "rotation": 270, "texture": "#glass"},
				"down": {"uv": [4, 2, 5, 3], "rotation": 90, "texture": "#glass"}
			}
		},
		{
			"name": "Glass shell",
			"from": [3, 0, 12],
			"to": [4, 1, 13],
			"rotation": {"angle": 0, "axis": "y", "origin": [8, 0, 8]},
			"faces": {
				"north": {"uv": [3, 3, 4, 4], "rotation": 90, "texture": "#glass"},
				"east": {"uv": [3, 3, 4, 4], "texture": "#glass"},
				"south": {"uv": [3, 3, 4, 4], "rotation": 270, "texture": "#glass"},
				"west": {"uv": [3, 3, 4, 4], "rotation": 180, "texture": "#glass"},
				"up": {"uv": [3, 3, 4, 4], "rotation": 270, "texture": "#glass"},
				"down": {"uv": [3, 3, 4, 4], "rotation": 90, "texture": "#glass"}
			}
		},
		{
			"name": "Glass shell",
			"from": [2, 0, 11],
			"to": [3, 1, 12],
			"rotation": {"angle": 0, "axis": "y", "origin": [8, 0, 8]},
			"faces": {
				"north": {"uv": [2, 4, 3, 5], "rotation": 90, "texture": "#glass"},
				"east": {"uv": [2, 4, 3, 5], "texture": "#glass"},
				"south": {"uv": [2, 4, 3, 5], "rotation": 270, "texture": "#glass"},
				"west": {"uv": [2, 4, 3, 5], "rotation": 180, "texture": "#glass"},
				"up": {"uv": [2, 4, 3, 5], "rotation": 270, "texture": "#glass"},
				"down": {"uv": [2, 4, 3, 5], "rotation": 90, "texture": "#glass"}
			}
		},
		{
			"name": "Glass shell",
			"from": [0, 15, 0],
			"to": [1, 16, 16],
			"rotation": {"angle": 0, "axis": "y", "origin": [8, 0, 8]},
			"faces": {
				"north": {"uv": [1, 0, 0, 1], "rotation": 270, "texture": "#glass"},
				"east": {"uv": [16, 0, 0, 1], "rotation": 180, "texture": "#glass"},
				"south": {"uv": [15, 0, 16, 1], "texture": "#glass"},
				"west": {"uv": [0, 0, 16, 1], "texture": "#glass"},
				"up": {"uv": [0, 0, 16, 1], "rotation": 90, "texture": "#glass"},
				"down": {"uv": [16, 0, 0, 1], "rotation": 90, "texture": "#glass"}
			}
		},
		{
			"name": "Glass shell",
			"from": [0, 15, 0],
			"to": [16, 16, 1],
			"rotation": {"angle": 0, "axis": "y", "origin": [8, 0, 8]},
			"faces": {
				"north": {"uv": [1, 0, 0, 16], "rotation": 90, "texture": "#glass"},
				"east": {"uv": [0, 15, 1, 16], "texture": "#glass"},
				"south": {"uv": [0, 0, 1, 16], "rotation": 270, "texture": "#glass"},
				"west": {"uv": [0, 0, 1, 1], "rotation": 180, "texture": "#glass"},
				"up": {"uv": [0, 0, 1, 16], "rotation": 270, "texture": "#glass"},
				"down": {"uv": [0, 0, 1, 16], "rotation": 270, "texture": "#glass"}
			}
		},
		{
			"name": "Glass shell",
			"from": [0, 15, 15],
			"to": [16, 16, 16],
			"rotation": {"angle": 0, "axis": "y", "origin": [8, 0, 8]},
			"faces": {
				"north": {"uv": [15, 0, 16, 16], "rotation": 90, "texture": "#glass"},
				"east": {"uv": [15, 15, 16, 16], "texture": "#glass"},
				"south": {"uv": [15, 0, 16, 16], "rotation": 270, "texture": "#glass"},
				"west": {"uv": [15, 0, 16, 1], "rotation": 180, "texture": "#glass"},
				"up": {"uv": [15, 0, 16, 16], "rotation": 270, "texture": "#glass"},
				"down": {"uv": [15, 0, 16, 16], "rotation": 270, "texture": "#glass"}
			}
		},
		{
			"name": "Glass shell",
			"from": [15, 15, 0],
			"to": [16, 16, 16],
			"rotation": {"angle": 0, "axis": "y", "origin": [8, 0, 8]},
			"faces": {
				"north": {"uv": [1, 15, 0, 16], "rotation": 270, "texture": "#glass"},
				"east": {"uv": [16, 15, 0, 16], "rotation": 180, "texture": "#glass"},
				"south": {"uv": [15, 15, 16, 16], "texture": "#glass"},
				"west": {"uv": [0, 15, 16, 16], "texture": "#glass"},
				"up": {"uv": [0, 15, 16, 16], "rotation": 90, "texture": "#glass"},
				"down": {"uv": [16, 15, 0, 16], "rotation": 90, "texture": "#glass"}
			}
		},
		{
			"name": "Glass shell",
			"from": [12, 15, 13],
			"to": [13, 16, 14],
			"rotation": {"angle": 0, "axis": "y", "origin": [8, 0, 8]},
			"faces": {
				"north": {"uv": [13, 12, 14, 13], "rotation": 180, "texture": "#glass"},
				"east": {"uv": [13, 12, 14, 13], "rotation": 90, "texture": "#glass"},
				"south": {"uv": [13, 12, 14, 13], "texture": "#glass"},
				"west": {"uv": [13, 12, 14, 13], "rotation": 270, "texture": "#glass"},
				"up": {"uv": [13, 12, 14, 13], "texture": "#glass"},
				"down": {"uv": [13, 12, 14, 13], "texture": "#glass"}
			}
		},
		{
			"name": "Glass shell",
			"from": [13, 15, 12],
			"to": [14, 16, 13],
			"rotation": {"angle": 0, "axis": "y", "origin": [8, 0, 8]},
			"faces": {
				"north": {"uv": [12, 13, 13, 14], "rotation": 180, "texture": "#glass"},
				"east": {"uv": [12, 13, 13, 14], "rotation": 90, "texture": "#glass"},
				"south": {"uv": [12, 13, 13, 14], "texture": "#glass"},
				"west": {"uv": [12, 13, 13, 14], "rotation": 270, "texture": "#glass"},
				"up": {"uv": [12, 13, 13, 14], "texture": "#glass"},
				"down": {"uv": [12, 13, 13, 14], "texture": "#glass"}
			}
		},
		{
			"name": "Glass shell",
			"from": [2, 15, 4],
			"to": [3, 16, 5],
			"rotation": {"angle": 0, "axis": "y", "origin": [8, 0, 8]},
			"faces": {
				"north": {"uv": [4, 2, 5, 3], "rotation": 180, "texture": "#glass"},
				"east": {"uv": [4, 2, 5, 3], "rotation": 90, "texture": "#glass"},
				"south": {"uv": [4, 2, 5, 3], "texture": "#glass"},
				"west": {"uv": [4, 2, 5, 3], "rotation": 270, "texture": "#glass"},
				"up": {"uv": [4, 2, 5, 3], "texture": "#glass"},
				"down": {"uv": [4, 2, 5, 3], "texture": "#glass"}
			}
		},
		{
			"name": "Glass shell",
			"from": [3, 15, 3],
			"to": [4, 16, 4],
			"rotation": {"angle": 0, "axis": "y", "origin": [8, 0, 8]},
			"faces": {
				"north": {"uv": [3, 3, 4, 4], "rotation": 180, "texture": "#glass"},
				"east": {"uv": [3, 3, 4, 4], "rotation": 90, "texture": "#glass"},
				"south": {"uv": [3, 3, 4, 4], "texture": "#glass"},
				"west": {"uv": [3, 3, 4, 4], "rotation": 270, "texture": "#glass"},
				"up": {"uv": [3, 3, 4, 4], "texture": "#glass"},
				"down": {"uv": [3, 3, 4, 4], "texture": "#glass"}
			}
		},
		{
			"name": "Glass shell",
			"from": [4, 15, 2],
			"to": [5, 16, 3],
			"rotation": {"angle": 0, "axis": "y", "origin": [8, 0, 8]},
			"faces": {
				"north": {"uv": [2, 4, 3, 5], "rotation": 180, "texture": "#glass"},
				"east": {"uv": [2, 4, 3, 5], "rotation": 90, "texture": "#glass"},
				"south": {"uv": [2, 4, 3, 5], "texture": "#glass"},
				"west": {"uv": [2, 4, 3, 5], "rotation": 270, "texture": "#glass"},
				"up": {"uv": [2, 4, 3, 5], "texture": "#glass"},
				"down": {"uv": [2, 4, 3, 5], "texture": "#glass"}
			}
		},
		{
			"name": "Glass shell",
			"from": [0, 0, 0],
			"to": [1, 16, 1],
			"rotation": {"angle": 0, "axis": "y", "origin": [8, 0, 8]},
			"faces": {
				"north": {"uv": [1, 0, 0, 16], "texture": "#glass"},
				"east": {"uv": [0, 0, 1, 16], "texture": "#glass"},
				"south": {"uv": [0, 0, 1, 16], "texture": "#glass"},
				"west": {"uv": [0, 0, 1, 16], "texture": "#glass"},
				"up": {"uv": [0, 0, 1, 1], "rotation": 270, "texture": "#glass"},
				"down": {"uv": [0, 15, 1, 16], "rotation": 90, "texture": "#glass"}
			}
		},
		{
			"name": "Glass shell",
			"from": [0, 0, 15],
			"to": [1, 16, 16],
			"rotation": {"angle": 0, "axis": "y", "origin": [8, 0, 8]},
			"faces": {
				"north": {"uv": [15, 0, 16, 16], "texture": "#glass"},
				"east": {"uv": [15, 0, 16, 16], "texture": "#glass"},
				"south": {"uv": [15, 0, 16, 16], "texture": "#glass"},
				"west": {"uv": [15, 0, 16, 16], "texture": "#glass"},
				"up": {"uv": [15, 0, 16, 1], "rotation": 270, "texture": "#glass"},
				"down": {"uv": [15, 15, 16, 16], "rotation": 90, "texture": "#glass"}
			}
		},
		{
			"name": "Glass shell",
			"from": [0, 0, 0],
			"to": [1, 1, 16],
			"rotation": {"angle": 0, "axis": "y", "origin": [8, 0, 8]},
			"faces": {
				"north": {"uv": [1, 15, 0, 16], "rotation": 180, "texture": "#glass"},
				"east": {"uv": [0, 15, 16, 16], "rotation": 180, "texture": "#glass"},
				"south": {"uv": [15, 15, 16, 16], "rotation": 90, "texture": "#glass"},
				"west": {"uv": [16, 15, 0, 16], "rotation": 180, "texture": "#glass"},
				"up": {"uv": [0, 15, 16, 16], "rotation": 90, "texture": "#glass"},
				"down": {"uv": [16, 15, 0, 16], "rotation": 270, "texture": "#glass"}
			}
		},
		{
			"name": "Glass shell",
			"from": [0, 13, 4],
			"to": [1, 14, 5],
			"rotation": {"angle": 0, "axis": "y", "origin": [8, 0, 8]},
			"faces": {
				"north": {"uv": [4, 2, 5, 3], "rotation": 90, "texture": "#glass"},
				"east": {"uv": [4, 2, 5, 3], "rotation": 90, "texture": "#glass"},
				"south": {"uv": [4, 2, 5, 3], "rotation": 90, "texture": "#glass"},
				"west": {"uv": [4, 2, 5, 3], "rotation": 90, "texture": "#glass"},
				"up": {"uv": [4, 2, 5, 3], "texture": "#glass"},
				"down": {"uv": [4, 2, 5, 3], "rotation": 180, "texture": "#glass"}
			}
		},
		{
			"name": "Glass shell",
			"from": [0, 15, 0],
			"to": [1, 16, 16],
			"rotation": {"angle": 0, "axis": "y", "origin": [8, 0, 8]},
			"faces": {
				"north": {"uv": [1, 0, 0, 1], "rotation": 180, "texture": "#glass"},
				"east": {"uv": [0, 0, 16, 1], "rotation": 180, "texture": "#glass"},
				"south": {"uv": [15, 0, 16, 1], "rotation": 90, "texture": "#glass"},
				"west": {"uv": [16, 0, 0, 1], "rotation": 180, "texture": "#glass"},
				"up": {"uv": [0, 0, 16, 1], "rotation": 90, "texture": "#glass"},
				"down": {"uv": [16, 0, 0, 1], "rotation": 270, "texture": "#glass"}
			}
		},
		{
			"name": "Glass shell",
			"from": [0, 12, 3],
			"to": [1, 13, 4],
			"rotation": {"angle": 0, "axis": "y", "origin": [8, 0, 8]},
			"faces": {
				"north": {"uv": [3, 3, 4, 4], "rotation": 90, "texture": "#glass"},
				"east": {"uv": [3, 3, 4, 4], "rotation": 90, "texture": "#glass"},
				"south": {"uv": [3, 3, 4, 4], "rotation": 90, "texture": "#glass"},
				"west": {"uv": [3, 3, 4, 4], "rotation": 90, "texture": "#glass"},
				"up": {"uv": [3, 3, 4, 4], "texture": "#glass"},
				"down": {"uv": [3, 3, 4, 4], "rotation": 180, "texture": "#glass"}
			}
		},
		{
			"name": "Glass shell",
			"from": [0, 11, 2],
			"to": [1, 12, 3],
			"rotation": {"angle": 0, "axis": "y", "origin": [8, 0, 8]},
			"faces": {
				"north": {"uv": [2, 4, 3, 5], "rotation": 90, "texture": "#glass"},
				"east": {"uv": [2, 4, 3, 5], "rotation": 90, "texture": "#glass"},
				"south": {"uv": [2, 4, 3, 5], "rotation": 90, "texture": "#glass"},
				"west": {"uv": [2, 4, 3, 5], "rotation": 90, "texture": "#glass"},
				"up": {"uv": [2, 4, 3, 5], "texture": "#glass"},
				"down": {"uv": [2, 4, 3, 5], "rotation": 180, "texture": "#glass"}
			}
		},
		{
			"name": "Glass shell",
			"from": [0, 3, 13],
			"to": [1, 4, 14],
			"rotation": {"angle": 0, "axis": "y", "origin": [8, 0, 8]},
			"faces": {
				"north": {"uv": [13, 12, 14, 13], "rotation": 90, "texture": "#glass"},
				"east": {"uv": [13, 12, 14, 13], "rotation": 90, "texture": "#glass"},
				"south": {"uv": [13, 12, 14, 13], "rotation": 90, "texture": "#glass"},
				"west": {"uv": [13, 12, 14, 13], "rotation": 90, "texture": "#glass"},
				"up": {"uv": [13, 12, 14, 13], "texture": "#glass"},
				"down": {"uv": [13, 12, 14, 13], "rotation": 180, "texture": "#glass"}
			}
		},
		{
			"name": "Glass shell",
			"from": [0, 2, 12],
			"to": [1, 3, 13],
			"rotation": {"angle": 0, "axis": "y", "origin": [8, 0, 8]},
			"faces": {
				"north": {"uv": [12, 13, 13, 14], "rotation": 90, "texture": "#glass"},
				"east": {"uv": [12, 13, 13, 14], "rotation": 90, "texture": "#glass"},
				"south": {"uv": [12, 13, 13, 14], "rotation": 90, "texture": "#glass"},
				"west": {"uv": [12, 13, 13, 14], "rotation": 90, "texture": "#glass"},
				"up": {"uv": [12, 13, 13, 14], "texture": "#glass"},
				"down": {"uv": [12, 13, 13, 14], "rotation": 180, "texture": "#glass"}
			}
		},
		{
			"name": "Glass shell",
			"from": [0, 0, 15],
			"to": [1, 16, 16],
			"rotation": {"angle": 0, "axis": "y", "origin": [8, 0, 8]},
			"faces": {
				"north": {"uv": [0, 0, 1, 16], "texture": "#glass"},
				"east": {"uv": [0, 0, 1, 16], "texture": "#glass"},
				"south": {"uv": [0, 0, 1, 16], "texture": "#glass"},
				"west": {"uv": [1, 0, 0, 16], "texture": "#glass"},
				"up": {"uv": [0, 0, 1, 1], "rotation": 180, "texture": "#glass"},
				"down": {"uv": [0, 15, 1, 16], "rotation": 180, "texture": "#glass"}
			}
		},
		{
			"name": "Glass shell",
			"from": [15, 0, 15],
			"to": [16, 16, 16],
			"rotation": {"angle": 0, "axis": "y", "origin": [8, 0, 8]},
			"faces": {
				"north": {"uv": [15, 0, 16, 16], "texture": "#glass"},
				"east": {"uv": [15, 0, 16, 16], "texture": "#glass"},
				"south": {"uv": [15, 0, 16, 16], "texture": "#glass"},
				"west": {"uv": [15, 0, 16, 16], "texture": "#glass"},
				"up": {"uv": [15, 0, 16, 1], "rotation": 180, "texture": "#glass"},
				"down": {"uv": [15, 15, 16, 16], "rotation": 180, "texture": "#glass"}
			}
		},
		{
			"name": "Glass shell",
			"from": [0, 15, 15],
			"to": [16, 16, 16],
			"rotation": {"angle": 0, "axis": "y", "origin": [8, 0, 8]},
			"faces": {
				"north": {"uv": [0, 0, 16, 1], "rotation": 180, "texture": "#glass"},
				"east": {"uv": [15, 0, 16, 1], "rotation": 90, "texture": "#glass"},
				"south": {"uv": [16, 0, 0, 1], "rotation": 180, "texture": "#glass"},
				"west": {"uv": [1, 0, 0, 1], "rotation": 180, "texture": "#glass"},
				"up": {"uv": [0, 0, 16, 1], "texture": "#glass"},
				"down": {"uv": [16, 0, 0, 1], "texture": "#glass"}
			}
		},
		{
			"name": "Glass shell",
			"from": [0, 0, 15],
			"to": [16, 1, 16],
			"rotation": {"angle": 0, "axis": "y", "origin": [8, 0, 8]},
			"faces": {
				"north": {"uv": [0, 15, 16, 16], "rotation": 180, "texture": "#glass"},
				"east": {"uv": [15, 15, 16, 16], "rotation": 90, "texture": "#glass"},
				"south": {"uv": [16, 15, 0, 16], "rotation": 180, "texture": "#glass"},
				"west": {"uv": [1, 15, 0, 16], "rotation": 180, "texture": "#glass"},
				"up": {"uv": [0, 15, 16, 16], "texture": "#glass"},
				"down": {"uv": [16, 15, 0, 16], "texture": "#glass"}
			}
		},
		{
			"name": "Glass shell",
			"from": [4, 13, 15],
			"to": [5, 14, 16],
			"rotation": {"angle": 0, "axis": "y", "origin": [8, 0, 8]},
			"faces": {
				"north": {"uv": [4, 2, 5, 3], "rotation": 90, "texture": "#glass"},
				"east": {"uv": [4, 2, 5, 3], "rotation": 90, "texture": "#glass"},
				"south": {"uv": [4, 2, 5, 3], "rotation": 90, "texture": "#glass"},
				"west": {"uv": [4, 2, 5, 3], "rotation": 90, "texture": "#glass"},
				"up": {"uv": [4, 2, 5, 3], "rotation": 270, "texture": "#glass"},
				"down": {"uv": [4, 2, 5, 3], "rotation": 270, "texture": "#glass"}
			}
		},
		{
			"name": "Glass shell",
			"from": [3, 12, 15],
			"to": [4, 13, 16],
			"rotation": {"angle": 0, "axis": "y", "origin": [8, 0, 8]},
			"faces": {
				"north": {"uv": [3, 3, 4, 4], "rotation": 90, "texture": "#glass"},
				"east": {"uv": [3, 3, 4, 4], "rotation": 90, "texture": "#glass"},
				"south": {"uv": [3, 3, 4, 4], "rotation": 90, "texture": "#glass"},
				"west": {"uv": [3, 3, 4, 4], "rotation": 90, "texture": "#glass"},
				"up": {"uv": [3, 3, 4, 4], "rotation": 270, "texture": "#glass"},
				"down": {"uv": [3, 3, 4, 4], "rotation": 270, "texture": "#glass"}
			}
		},
		{
			"name": "Glass shell",
			"from": [2, 11, 15],
			"to": [3, 12, 16],
			"rotation": {"angle": 0, "axis": "y", "origin": [8, 0, 8]},
			"faces": {
				"north": {"uv": [2, 4, 3, 5], "rotation": 90, "texture": "#glass"},
				"east": {"uv": [2, 4, 3, 5], "rotation": 90, "texture": "#glass"},
				"south": {"uv": [2, 4, 3, 5], "rotation": 90, "texture": "#glass"},
				"west": {"uv": [2, 4, 3, 5], "rotation": 90, "texture": "#glass"},
				"up": {"uv": [2, 4, 3, 5], "rotation": 270, "texture": "#glass"},
				"down": {"uv": [2, 4, 3, 5], "rotation": 270, "texture": "#glass"}
			}
		},
		{
			"name": "Glass shell",
			"from": [13, 3, 15],
			"to": [14, 4, 16],
			"rotation": {"angle": 0, "axis": "y", "origin": [8, 0, 8]},
			"faces": {
				"north": {"uv": [13, 12, 14, 13], "rotation": 90, "texture": "#glass"},
				"east": {"uv": [13, 12, 14, 13], "rotation": 90, "texture": "#glass"},
				"south": {"uv": [13, 12, 14, 13], "rotation": 90, "texture": "#glass"},
				"west": {"uv": [13, 12, 14, 13], "rotation": 90, "texture": "#glass"},
				"up": {"uv": [13, 12, 14, 13], "rotation": 270, "texture": "#glass"},
				"down": {"uv": [13, 12, 14, 13], "rotation": 270, "texture": "#glass"}
			}
		},
		{
			"name": "Glass shell",
			"from": [12, 2, 15],
			"to": [13, 3, 16],
			"rotation": {"angle": 0, "axis": "y", "origin": [8, 0, 8]},
			"faces": {
				"north": {"uv": [12, 13, 13, 14], "rotation": 90, "texture": "#glass"},
				"east": {"uv": [12, 13, 13, 14], "rotation": 90, "texture": "#glass"},
				"south": {"uv": [12, 13, 13, 14], "rotation": 90, "texture": "#glass"},
				"west": {"uv": [12, 13, 13, 14], "rotation": 90, "texture": "#glass"},
				"up": {"uv": [12, 13, 13, 14], "rotation": 270, "texture": "#glass"},
				"down": {"uv": [12, 13, 13, 14], "rotation": 270, "texture": "#glass"}
			}
		},
		{
			"name": "Glass shell",
			"from": [15, 0, 15],
			"to": [16, 16, 16],
			"rotation": {"angle": 0, "axis": "y", "origin": [8, 0, 8]},
			"faces": {
				"north": {"uv": [0, 0, 1, 16], "texture": "#glass"},
				"east": {"uv": [0, 0, 1, 16], "texture": "#glass"},
				"south": {"uv": [1, 0, 0, 16], "texture": "#glass"},
				"west": {"uv": [0, 0, 1, 16], "texture": "#glass"},
				"up": {"uv": [0, 0, 1, 1], "rotation": 90, "texture": "#glass"},
				"down": {"uv": [0, 15, 1, 16], "rotation": 270, "texture": "#glass"}
			}
		},
		{
			"name": "Glass shell",
			"from": [15, 0, 0],
			"to": [16, 16, 1],
			"rotation": {"angle": 0, "axis": "y", "origin": [8, 0, 8]},
			"faces": {
				"north": {"uv": [15, 0, 16, 16], "texture": "#glass"},
				"east": {"uv": [15, 0, 16, 16], "texture": "#glass"},
				"south": {"uv": [15, 0, 16, 16], "texture": "#glass"},
				"west": {"uv": [15, 0, 16, 16], "texture": "#glass"},
				"up": {"uv": [15, 0, 16, 1], "rotation": 90, "texture": "#glass"},
				"down": {"uv": [15, 15, 16, 16], "rotation": 270, "texture": "#glass"}
			}
		},
		{
			"name": "Glass shell",
			"from": [15, 0, 0],
			"to": [16, 1, 16],
			"rotation": {"angle": 0, "axis": "y", "origin": [8, 0, 8]},
			"faces": {
				"north": {"uv": [15, 15, 16, 16], "rotation": 90, "texture": "#glass"},
				"east": {"uv": [16, 15, 0, 16], "rotation": 180, "texture": "#glass"},
				"south": {"uv": [1, 15, 0, 16], "rotation": 180, "texture": "#glass"},
				"west": {"uv": [0, 15, 16, 16], "rotation": 180, "texture": "#glass"},
				"up": {"uv": [0, 15, 16, 16], "rotation": 270, "texture": "#glass"},
				"down": {"uv": [16, 15, 0, 16], "rotation": 90, "texture": "#glass"}
			}
		},
		{
			"name": "Glass shell",
			"from": [15, 13, 11],
			"to": [16, 14, 12],
			"rotation": {"angle": 0, "axis": "y", "origin": [8, 0, 8]},
			"faces": {
				"north": {"uv": [4, 2, 5, 3], "rotation": 90, "texture": "#glass"},
				"east": {"uv": [4, 2, 5, 3], "rotation": 90, "texture": "#glass"},
				"south": {"uv": [4, 2, 5, 3], "rotation": 90, "texture": "#glass"},
				"west": {"uv": [4, 2, 5, 3], "rotation": 90, "texture": "#glass"},
				"up": {"uv": [4, 2, 5, 3], "rotation": 180, "texture": "#glass"},
				"down": {"uv": [4, 2, 5, 3], "texture": "#glass"}
			}
		},
		{
			"name": "Glass shell",
			"from": [15, 15, 0],
			"to": [16, 16, 16],
			"rotation": {"angle": 0, "axis": "y", "origin": [8, 0, 8]},
			"faces": {
				"north": {"uv": [15, 0, 16, 1], "rotation": 90, "texture": "#glass"},
				"east": {"uv": [16, 0, 0, 1], "rotation": 180, "texture": "#glass"},
				"south": {"uv": [1, 0, 0, 1], "rotation": 180, "texture": "#glass"},
				"west": {"uv": [0, 0, 16, 1], "rotation": 180, "texture": "#glass"},
				"up": {"uv": [0, 0, 16, 1], "rotation": 270, "texture": "#glass"},
				"down": {"uv": [16, 0, 0, 1], "rotation": 90, "texture": "#glass"}
			}
		},
		{
			"name": "Glass shell",
			"from": [15, 12, 12],
			"to": [16, 13, 13],
			"rotation": {"angle": 0, "axis": "y", "origin": [8, 0, 8]},
			"faces": {
				"north": {"uv": [3, 3, 4, 4], "rotation": 90, "texture": "#glass"},
				"east": {"uv": [3, 3, 4, 4], "rotation": 90, "texture": "#glass"},
				"south": {"uv": [3, 3, 4, 4], "rotation": 90, "texture": "#glass"},
				"west": {"uv": [3, 3, 4, 4], "rotation": 90, "texture": "#glass"},
				"up": {"uv": [3, 3, 4, 4], "rotation": 180, "texture": "#glass"},
				"down": {"uv": [3, 3, 4, 4], "texture": "#glass"}
			}
		},
		{
			"name": "Glass shell",
			"from": [15, 11, 13],
			"to": [16, 12, 14],
			"rotation": {"angle": 0, "axis": "y", "origin": [8, 0, 8]},
			"faces": {
				"north": {"uv": [2, 4, 3, 5], "rotation": 90, "texture": "#glass"},
				"east": {"uv": [2, 4, 3, 5], "rotation": 90, "texture": "#glass"},
				"south": {"uv": [2, 4, 3, 5], "rotation": 90, "texture": "#glass"},
				"west": {"uv": [2, 4, 3, 5], "rotation": 90, "texture": "#glass"},
				"up": {"uv": [2, 4, 3, 5], "rotation": 180, "texture": "#glass"},
				"down": {"uv": [2, 4, 3, 5], "texture": "#glass"}
			}
		},
		{
			"name": "Glass shell",
			"from": [15, 3, 2],
			"to": [16, 4, 3],
			"rotation": {"angle": 0, "axis": "y", "origin": [8, 0, 8]},
			"faces": {
				"north": {"uv": [13, 12, 14, 13], "rotation": 90, "texture": "#glass"},
				"east": {"uv": [13, 12, 14, 13], "rotation": 90, "texture": "#glass"},
				"south": {"uv": [13, 12, 14, 13], "rotation": 90, "texture": "#glass"},
				"west": {"uv": [13, 12, 14, 13], "rotation": 90, "texture": "#glass"},
				"up": {"uv": [13, 12, 14, 13], "rotation": 180, "texture": "#glass"},
				"down": {"uv": [13, 12, 14, 13], "texture": "#glass"}
			}
		},
		{
			"name": "Glass shell",
			"from": [15, 2, 3],
			"to": [16, 3, 4],
			"rotation": {"angle": 0, "axis": "y", "origin": [8, 0, 8]},
			"faces": {
				"north": {"uv": [12, 13, 13, 14], "rotation": 90, "texture": "#glass"},
				"east": {"uv": [12, 13, 13, 14], "rotation": 90, "texture": "#glass"},
				"south": {"uv": [12, 13, 13, 14], "rotation": 90, "texture": "#glass"},
				"west": {"uv": [12, 13, 13, 14], "rotation": 90, "texture": "#glass"},
				"up": {"uv": [12, 13, 13, 14], "rotation": 180, "texture": "#glass"},
				"down": {"uv": [12, 13, 13, 14], "texture": "#glass"}
			}
		}
	],
	"display": {
		"thirdperson_righthand": {
			"rotation": [75, 45, 0],
			"translation": [0, 2.5, 0],
			"scale": [0.375, 0.375, 0.375]
		},
		"thirdperson_lefthand": {
			"rotation": [75, 45, 0],
			"translation": [0, 2.5, 0],
			"scale": [0.375, 0.375, 0.375]
		},
		"firstperson_righthand": {
			"rotation": [0, 45, 0],
			"scale": [0.4, 0.4, 0.4]
		},
		"firstperson_lefthand": {
			"rotation": [0, 225, 0],
			"scale": [0.4, 0.4, 0.4]
		},
		"ground": {
			"translation": [0, 3, 0],
			"scale": [0.25, 0.25, 0.25]
		},
		"gui": {
			"rotation": [30, 225, 0],
			"scale": [0.625, 0.625, 0.625]
		},
		"fixed": {
			"scale": [0.5, 0.5, 0.5]
		}
	},
	"groups": [
		{
			"name": "group",
			"origin": [0, 0, 0],
			"color": 0,
			"children": [0, 1, 2, 3, 4, 5, 6, 7, 8, 9, 10, 11, 12, 13, 14, 15, 16, 17, 18, 19, 20, 21, 22, 23, 24, 25, 26, 27, 28, 29, 30, 31, 32, 33, 34, 35, 36, 37, 38, 39, 40, 41, 42, 43, 44, 45, 46, 47, 48, 49, 50, 51, 52, 53, 54, 55]
		}
	]
}