{
    "variants": {
        "": [
			{ "model": "mcremake:block/warped_fungus_model_1" },
            { "model": "mcremake:block/warped_fungus_model_1", "y": 90 },
            { "model": "mcremake:block/warped_fungus_model_1", "y": 180 },
            { "model": "mcremake:block/warped_fungus_model_1", "y": 270 },
            { "model": "mcremake:block/warped_fungus_model_2" },
            { "model": "mcremake:block/warped_fungus_model_2", "y": 90 },
            { "model": "mcremake:block/warped_fungus_model_2", "y": 180 },
            { "model": "mcremake:block/warped_fungus_model_2", "y": 270 }
        ]
    }
}
