{
	"credit": "Made with Blockbench",
	"textures": {
		"particle": "block/redstone_ore",
		"texture": "block/redstone_ore"
	},
	"elements": [
		{
			"from": [0, 0, 0],
			"to": [16, 16, 16],
			"rotation": {"angle": 0, "axis": "y", "origin": [8, 8, 8]},
			"faces": {
				"north": {"uv": [0, 0, 16, 16], "texture": "#texture", "cullface": "north", "tintindex": 0},
				"east": {"uv": [0, 0, 16, 16], "texture": "#texture", "cullface": "east", "tintindex": 0},
				"south": {"uv": [0, 0, 16, 16], "texture": "#texture", "cullface": "south", "tintindex": 0},
				"west": {"uv": [0, 0, 16, 16], "texture": "#texture", "cullface": "west", "tintindex": 0},
				"up": {"uv": [0, 0, 16, 16], "texture": "#texture", "cullface": "up", "tintindex": 0},
				"down": {"uv": [0, 0, 16, 16], "texture": "#texture", "cullface": "down", "tintindex": 0}
			}
		},
		{
			"from": [2, 10, -0.5],
			"to": [4, 11, 0.5],
			"rotation": {"angle": 0, "axis": "y", "origin": [8, 8, 8]},
			"faces": {
				"north": {"uv": [12, 5, 14, 6], "texture": "#texture", "cullface": "north", "tintindex": 0},
				"east": {"uv": [12, 5, 13, 6], "texture": "#texture", "cullface": "north", "tintindex": 0},
				"south": {"uv": [14, 5, 12, 6], "texture": "#texture", "cullface": "north", "tintindex": 0},
				"west": {"uv": [13, 5, 14, 6], "texture": "#texture", "cullface": "north", "tintindex": 0},
				"up": {"uv": [14, 5, 12, 6], "texture": "#texture", "cullface": "north", "tintindex": 0},
				"down": {"uv": [14, 5, 12, 6], "texture": "#texture", "cullface": "north", "tintindex": 0}
			}
		},
		{
			"from": [3, 3, -0.5],
			"to": [5, 4, 0.5],
			"rotation": {"angle": 0, "axis": "y", "origin": [8, 8, 8]},
			"faces": {
				"north": {"uv": [11, 12, 13, 13], "texture": "#texture", "cullface": "north", "tintindex": 0},
				"east": {"uv": [11, 12, 12, 13], "texture": "#texture", "cullface": "north", "tintindex": 0},
				"south": {"uv": [13, 12, 11, 13], "texture": "#texture", "cullface": "north", "tintindex": 0},
				"west": {"uv": [12, 12, 13, 13], "texture": "#texture", "cullface": "north", "tintindex": 0},
				"up": {"uv": [13, 12, 11, 13], "texture": "#texture", "cullface": "north", "tintindex": 0},
				"down": {"uv": [13, 12, 11, 13], "texture": "#texture", "cullface": "north", "tintindex": 0}
			}
		},
		{
			"from": [13, 6, -0.5],
			"to": [15, 7, 0.5],
			"rotation": {"angle": 0, "axis": "y", "origin": [8, 8, 8]},
			"faces": {
				"north": {"uv": [1, 9, 3, 10], "texture": "#texture", "cullface": "north", "tintindex": 0},
				"east": {"uv": [1, 9, 2, 10], "texture": "#texture", "cullface": "north", "tintindex": 0},
				"south": {"uv": [3, 9, 1, 10], "texture": "#texture", "cullface": "north", "tintindex": 0},
				"west": {"uv": [1, 9, 2, 10], "texture": "#texture", "cullface": "north", "tintindex": 0},
				"up": {"uv": [3, 9, 1, 10], "texture": "#texture", "cullface": "north", "tintindex": 0},
				"down": {"uv": [3, 9, 1, 10], "texture": "#texture", "cullface": "north", "tintindex": 0}
			}
		},
		{
			"from": [12, 7, -0.5],
			"to": [15, 8, 0.5],
			"rotation": {"angle": 0, "axis": "y", "origin": [8, 8, 8]},
			"faces": {
				"north": {"uv": [1, 8, 4, 9], "texture": "#texture", "cullface": "north", "tintindex": 0},
				"east": {"uv": [1, 8, 2, 9], "texture": "#texture", "cullface": "north", "tintindex": 0},
				"south": {"uv": [4, 8, 1, 9], "texture": "#texture", "cullface": "north", "tintindex": 0},
				"west": {"uv": [3, 8, 4, 9], "texture": "#texture", "cullface": "north", "tintindex": 0},
				"up": {"uv": [4, 8, 1, 9], "texture": "#texture", "cullface": "north", "tintindex": 0},
				"down": {"uv": [4, 8, 1, 9], "texture": "#texture", "cullface": "north", "tintindex": 0}
			}
		},
		{
			"from": [2, 6, -0.5],
			"to": [5, 7, 0.5],
			"rotation": {"angle": 0, "axis": "y", "origin": [8, 8, 8]},
			"faces": {
				"north": {"uv": [11, 9, 14, 10], "texture": "#texture", "cullface": "north", "tintindex": 0},
				"east": {"uv": [11, 9, 12, 10], "texture": "#texture", "cullface": "north", "tintindex": 0},
				"south": {"uv": [14, 9, 11, 10], "texture": "#texture", "cullface": "north", "tintindex": 0},
				"west": {"uv": [13, 9, 14, 10], "texture": "#texture", "cullface": "north", "tintindex": 0},
				"up": {"uv": [14, 9, 11, 10], "texture": "#texture", "cullface": "north", "tintindex": 0},
				"down": {"uv": [14, 9, 11, 10], "texture": "#texture", "cullface": "north", "tintindex": 0}
			}
		},
		{
			"from": [8, 12, -0.5],
			"to": [11, 13, 0.5],
			"rotation": {"angle": 0, "axis": "y", "origin": [8, 8, 8]},
			"faces": {
				"north": {"uv": [5, 3, 8, 4], "texture": "#texture", "cullface": "north", "tintindex": 0},
				"east": {"uv": [5, 3, 6, 4], "texture": "#texture", "cullface": "north", "tintindex": 0},
				"south": {"uv": [8, 3, 5, 4], "texture": "#texture", "cullface": "north", "tintindex": 0},
				"west": {"uv": [7, 3, 8, 4], "texture": "#texture", "cullface": "north", "tintindex": 0},
				"up": {"uv": [8, 3, 5, 4], "texture": "#texture", "cullface": "north", "tintindex": 0},
				"down": {"uv": [8, 3, 5, 4], "texture": "#texture", "cullface": "north", "tintindex": 0}
			}
		},
		{
			"from": [8, 10, -0.5],
			"to": [12, 11, 0.5],
			"rotation": {"angle": 0, "axis": "y", "origin": [8, 8, 8]},
			"faces": {
				"north": {"uv": [4, 5, 8, 6], "texture": "#texture", "cullface": "north", "tintindex": 0},
				"east": {"uv": [4, 5, 5, 6], "texture": "#texture", "cullface": "north", "tintindex": 0},
				"south": {"uv": [8, 5, 4, 6], "texture": "#texture", "cullface": "north", "tintindex": 0},
				"west": {"uv": [7, 5, 8, 6], "texture": "#texture", "cullface": "north", "tintindex": 0},
				"up": {"uv": [8, 5, 4, 6], "texture": "#texture", "cullface": "north", "tintindex": 0},
				"down": {"uv": [8, 5, 4, 6], "texture": "#texture", "cullface": "north", "tintindex": 0}
			}
		},
		{
			"from": [8, 3, -0.5],
			"to": [13, 4, 0.5],
			"rotation": {"angle": 0, "axis": "y", "origin": [8, 8, 8]},
			"faces": {
				"north": {"uv": [3, 12, 8, 13], "texture": "#texture", "cullface": "north", "tintindex": 0},
				"east": {"uv": [3, 12, 4, 13], "texture": "#texture", "cullface": "north", "tintindex": 0},
				"south": {"uv": [8, 12, 3, 13], "texture": "#texture", "cullface": "north", "tintindex": 0},
				"west": {"uv": [7, 12, 8, 13], "texture": "#texture", "cullface": "north", "tintindex": 0},
				"up": {"uv": [8, 12, 3, 13], "texture": "#texture", "cullface": "north", "tintindex": 0},
				"down": {"uv": [8, 12, 3, 13], "texture": "#texture", "cullface": "north", "tintindex": 0}
			}
		},
		{
			"from": [1, 7, -0.5],
			"to": [7, 8, 0.5],
			"rotation": {"angle": 0, "axis": "y", "origin": [8, 8, 8]},
			"faces": {
				"north": {"uv": [9, 8, 15, 9], "texture": "#texture", "cullface": "north", "tintindex": 0},
				"east": {"uv": [9, 8, 10, 9], "texture": "#texture", "cullface": "north", "tintindex": 0},
				"south": {"uv": [15, 8, 9, 9], "texture": "#texture", "cullface": "north", "tintindex": 0},
				"west": {"uv": [14, 8, 15, 9], "texture": "#texture", "cullface": "north", "tintindex": 0},
				"up": {"uv": [15, 8, 9, 9], "texture": "#texture", "cullface": "north", "tintindex": 0},
				"down": {"uv": [15, 8, 9, 9], "texture": "#texture", "cullface": "north", "tintindex": 0}
			}
		},
		{
			"from": [6, 11, -0.5],
			"to": [13, 12, 0.5],
			"rotation": {"angle": 0, "axis": "y", "origin": [8, 8, 8]},
			"faces": {
				"north": {"uv": [3, 4, 10, 5], "texture": "#texture", "cullface": "north", "tintindex": 0},
				"east": {"uv": [3, 4, 4, 5], "texture": "#texture", "cullface": "north", "tintindex": 0},
				"south": {"uv": [10, 4, 3, 5], "texture": "#texture", "cullface": "north", "tintindex": 0},
				"west": {"uv": [9, 4, 10, 5], "texture": "#texture", "cullface": "north", "tintindex": 0},
				"up": {"uv": [10, 4, 3, 5], "texture": "#texture", "cullface": "north", "tintindex": 0},
				"down": {"uv": [10, 4, 3, 5], "texture": "#texture", "cullface": "north", "tintindex": 0}
			}
		},
		{
			"from": [10, 2, -0.5],
			"to": [12, 3, 0.5],
			"rotation": {"angle": 0, "axis": "y", "origin": [8, 8, 8]},
			"faces": {
				"north": {"uv": [4, 13, 6, 14], "texture": "#texture", "cullface": "north", "tintindex": 0},
				"east": {"uv": [4, 13, 5, 14], "texture": "#texture", "cullface": "north", "tintindex": 0},
				"south": {"uv": [6, 13, 4, 14], "texture": "#texture", "cullface": "north", "tintindex": 0},
				"west": {"uv": [5, 13, 6, 14], "texture": "#texture", "cullface": "north", "tintindex": 0},
				"up": {"uv": [6, 13, 4, 14], "texture": "#texture", "cullface": "north", "tintindex": 0},
				"down": {"uv": [6, 13, 4, 14], "texture": "#texture", "cullface": "north", "tintindex": 0}
			}
		},
		{
			"from": [-0.5, 10, 12],
			"to": [0.5, 11, 14],
			"rotation": {"angle": 0, "axis": "y", "origin": [8, 8, 8]},
			"faces": {
				"north": {"uv": [12, 5, 13, 6], "texture": "#texture", "cullface": "west", "tintindex": 0},
				"east": {"uv": [14, 5, 12, 6], "texture": "#texture", "cullface": "west", "tintindex": 0},
				"south": {"uv": [13, 5, 14, 6], "texture": "#texture", "cullface": "west", "tintindex": 0},
				"west": {"uv": [12, 5, 14, 6], "texture": "#texture", "cullface": "west", "tintindex": 0},
				"up": {"uv": [14, 5, 12, 6], "rotation": 270, "texture": "#texture", "cullface": "west", "tintindex": 0},
				"down": {"uv": [14, 5, 12, 6], "rotation": 90, "texture": "#texture", "cullface": "west", "tintindex": 0}
			}
		},
		{
			"from": [-0.5, 3, 11],
			"to": [0.5, 4, 13],
			"rotation": {"angle": 0, "axis": "y", "origin": [8, 8, 8]},
			"faces": {
				"north": {"uv": [11, 12, 12, 13], "texture": "#texture", "cullface": "west", "tintindex": 0},
				"east": {"uv": [13, 12, 11, 13], "texture": "#texture", "cullface": "west", "tintindex": 0},
				"south": {"uv": [12, 12, 13, 13], "texture": "#texture", "cullface": "west", "tintindex": 0},
				"west": {"uv": [11, 12, 13, 13], "texture": "#texture", "cullface": "west", "tintindex": 0},
				"up": {"uv": [13, 12, 11, 13], "rotation": 270, "texture": "#texture", "cullface": "west", "tintindex": 0},
				"down": {"uv": [13, 12, 11, 13], "rotation": 90, "texture": "#texture", "cullface": "west", "tintindex": 0}
			}
		},
		{
			"from": [-0.5, 6, 1],
			"to": [0.5, 7, 3],
			"rotation": {"angle": 0, "axis": "y", "origin": [8, 8, 8]},
			"faces": {
				"north": {"uv": [1, 9, 2, 10], "texture": "#texture", "cullface": "west", "tintindex": 0},
				"east": {"uv": [3, 9, 1, 10], "texture": "#texture", "cullface": "west", "tintindex": 0},
				"south": {"uv": [1, 9, 2, 10], "texture": "#texture", "cullface": "west", "tintindex": 0},
				"west": {"uv": [1, 9, 3, 10], "texture": "#texture", "cullface": "west", "tintindex": 0},
				"up": {"uv": [3, 9, 1, 10], "rotation": 270, "texture": "#texture", "cullface": "west", "tintindex": 0},
				"down": {"uv": [3, 9, 1, 10], "rotation": 90, "texture": "#texture", "cullface": "west", "tintindex": 0}
			}
		},
		{
			"from": [-0.5, 7, 1],
			"to": [0.5, 8, 4],
			"rotation": {"angle": 0, "axis": "y", "origin": [8, 8, 8]},
			"faces": {
				"north": {"uv": [1, 8, 2, 9], "texture": "#texture", "cullface": "west", "tintindex": 0},
				"east": {"uv": [4, 8, 1, 9], "texture": "#texture", "cullface": "west", "tintindex": 0},
				"south": {"uv": [3, 8, 4, 9], "texture": "#texture", "cullface": "west", "tintindex": 0},
				"west": {"uv": [1, 8, 4, 9], "texture": "#texture", "cullface": "west", "tintindex": 0},
				"up": {"uv": [4, 8, 1, 9], "rotation": 270, "texture": "#texture", "cullface": "west", "tintindex": 0},
				"down": {"uv": [4, 8, 1, 9], "rotation": 90, "texture": "#texture", "cullface": "west", "tintindex": 0}
			}
		},
		{
			"from": [-0.5, 6, 11],
			"to": [0.5, 7, 14],
			"rotation": {"angle": 0, "axis": "y", "origin": [8, 8, 8]},
			"faces": {
				"north": {"uv": [11, 9, 12, 10], "texture": "#texture", "cullface": "west", "tintindex": 0},
				"east": {"uv": [14, 9, 11, 10], "texture": "#texture", "cullface": "west", "tintindex": 0},
				"south": {"uv": [13, 9, 14, 10], "texture": "#texture", "cullface": "west", "tintindex": 0},
				"west": {"uv": [11, 9, 14, 10], "texture": "#texture", "cullface": "west", "tintindex": 0},
				"up": {"uv": [14, 9, 11, 10], "rotation": 270, "texture": "#texture", "cullface": "west", "tintindex": 0},
				"down": {"uv": [14, 9, 11, 10], "rotation": 90, "texture": "#texture", "cullface": "west", "tintindex": 0}
			}
		},
		{
			"from": [-0.5, 12, 5],
			"to": [0.5, 13, 8],
			"rotation": {"angle": 0, "axis": "y", "origin": [8, 8, 8]},
			"faces": {
				"north": {"uv": [5, 3, 6, 4], "texture": "#texture", "cullface": "west", "tintindex": 0},
				"east": {"uv": [8, 3, 5, 4], "texture": "#texture", "cullface": "west", "tintindex": 0},
				"south": {"uv": [7, 3, 8, 4], "texture": "#texture", "cullface": "west", "tintindex": 0},
				"west": {"uv": [5, 3, 8, 4], "texture": "#texture", "cullface": "west", "tintindex": 0},
				"up": {"uv": [8, 3, 5, 4], "rotation": 270, "texture": "#texture", "cullface": "west", "tintindex": 0},
				"down": {"uv": [8, 3, 5, 4], "rotation": 90, "texture": "#texture", "cullface": "west", "tintindex": 0}
			}
		},
		{
			"from": [-0.5, 10, 4],
			"to": [0.5, 11, 8],
			"rotation": {"angle": 0, "axis": "y", "origin": [8, 8, 8]},
			"faces": {
				"north": {"uv": [4, 5, 5, 6], "texture": "#texture", "cullface": "west", "tintindex": 0},
				"east": {"uv": [8, 5, 4, 6], "texture": "#texture", "cullface": "west", "tintindex": 0},
				"south": {"uv": [7, 5, 8, 6], "texture": "#texture", "cullface": "west", "tintindex": 0},
				"west": {"uv": [4, 5, 8, 6], "texture": "#texture", "cullface": "west", "tintindex": 0},
				"up": {"uv": [8, 5, 4, 6], "rotation": 270, "texture": "#texture", "cullface": "west", "tintindex": 0},
				"down": {"uv": [8, 5, 4, 6], "rotation": 90, "texture": "#texture", "cullface": "west", "tintindex": 0}
			}
		},
		{
			"from": [-0.5, 3, 3],
			"to": [0.5, 4, 8],
			"rotation": {"angle": 0, "axis": "y", "origin": [8, 8, 8]},
			"faces": {
				"north": {"uv": [3, 12, 4, 13], "texture": "#texture", "cullface": "west", "tintindex": 0},
				"east": {"uv": [8, 12, 3, 13], "texture": "#texture", "cullface": "west", "tintindex": 0},
				"south": {"uv": [7, 12, 8, 13], "texture": "#texture", "cullface": "west", "tintindex": 0},
				"west": {"uv": [3, 12, 8, 13], "texture": "#texture", "cullface": "west", "tintindex": 0},
				"up": {"uv": [8, 12, 3, 13], "rotation": 270, "texture": "#texture", "cullface": "west", "tintindex": 0},
				"down": {"uv": [8, 12, 3, 13], "rotation": 90, "texture": "#texture", "cullface": "west", "tintindex": 0}
			}
		},
		{
			"from": [-0.5, 7, 9],
			"to": [0.5, 8, 15],
			"rotation": {"angle": 0, "axis": "y", "origin": [8, 8, 8]},
			"faces": {
				"north": {"uv": [9, 8, 10, 9], "texture": "#texture", "cullface": "west", "tintindex": 0},
				"east": {"uv": [15, 8, 9, 9], "texture": "#texture", "cullface": "west", "tintindex": 0},
				"south": {"uv": [14, 8, 15, 9], "texture": "#texture", "cullface": "west", "tintindex": 0},
				"west": {"uv": [9, 8, 15, 9], "texture": "#texture", "cullface": "west", "tintindex": 0},
				"up": {"uv": [15, 8, 9, 9], "rotation": 270, "texture": "#texture", "cullface": "west", "tintindex": 0},
				"down": {"uv": [15, 8, 9, 9], "rotation": 90, "texture": "#texture", "cullface": "west", "tintindex": 0}
			}
		},
		{
			"from": [-0.5, 11, 3],
			"to": [0.5, 12, 10],
			"rotation": {"angle": 0, "axis": "y", "origin": [8, 8, 8]},
			"faces": {
				"north": {"uv": [3, 4, 4, 5], "texture": "#texture", "cullface": "west", "tintindex": 0},
				"east": {"uv": [10, 4, 3, 5], "texture": "#texture", "cullface": "west", "tintindex": 0},
				"south": {"uv": [9, 4, 10, 5], "texture": "#texture", "cullface": "west", "tintindex": 0},
				"west": {"uv": [3, 4, 10, 5], "texture": "#texture", "cullface": "west", "tintindex": 0},
				"up": {"uv": [10, 4, 3, 5], "rotation": 270, "texture": "#texture", "cullface": "west", "tintindex": 0},
				"down": {"uv": [10, 4, 3, 5], "rotation": 90, "texture": "#texture", "cullface": "west", "tintindex": 0}
			}
		},
		{
			"from": [-0.5, 2, 4],
			"to": [0.5, 3, 6],
			"rotation": {"angle": 0, "axis": "y", "origin": [8, 8, 8]},
			"faces": {
				"north": {"uv": [4, 13, 5, 14], "texture": "#texture", "cullface": "west", "tintindex": 0},
				"east": {"uv": [6, 13, 4, 14], "texture": "#texture", "cullface": "west", "tintindex": 0},
				"south": {"uv": [5, 13, 6, 14], "texture": "#texture", "cullface": "west", "tintindex": 0},
				"west": {"uv": [4, 13, 6, 14], "texture": "#texture", "cullface": "west", "tintindex": 0},
				"up": {"uv": [6, 13, 4, 14], "rotation": 270, "texture": "#texture", "cullface": "west", "tintindex": 0},
				"down": {"uv": [6, 13, 4, 14], "rotation": 90, "texture": "#texture", "cullface": "west", "tintindex": 0}
			}
		},
		{
			"from": [12, 10, 15.5],
			"to": [14, 11, 16.5],
			"rotation": {"angle": 0, "axis": "y", "origin": [8, 8, 8]},
			"faces": {
				"north": {"uv": [14, 5, 12, 6], "texture": "#texture", "cullface": "south", "tintindex": 0},
				"east": {"uv": [13, 5, 14, 6], "texture": "#texture", "cullface": "south", "tintindex": 0},
				"south": {"uv": [12, 5, 14, 6], "texture": "#texture", "cullface": "south", "tintindex": 0},
				"west": {"uv": [12, 5, 13, 6], "texture": "#texture", "cullface": "south", "tintindex": 0},
				"up": {"uv": [14, 5, 12, 6], "rotation": 180, "texture": "#texture", "cullface": "south", "tintindex": 0},
				"down": {"uv": [14, 5, 12, 6], "rotation": 180, "texture": "#texture", "cullface": "south", "tintindex": 0}
			}
		},
		{
			"from": [11, 3, 15.5],
			"to": [13, 4, 16.5],
			"rotation": {"angle": 0, "axis": "y", "origin": [8, 8, 8]},
			"faces": {
				"north": {"uv": [13, 12, 11, 13], "texture": "#texture", "cullface": "south", "tintindex": 0},
				"east": {"uv": [12, 12, 13, 13], "texture": "#texture", "cullface": "south", "tintindex": 0},
				"south": {"uv": [11, 12, 13, 13], "texture": "#texture", "cullface": "south", "tintindex": 0},
				"west": {"uv": [11, 12, 12, 13], "texture": "#texture", "cullface": "south", "tintindex": 0},
				"up": {"uv": [13, 12, 11, 13], "rotation": 180, "texture": "#texture", "cullface": "south", "tintindex": 0},
				"down": {"uv": [13, 12, 11, 13], "rotation": 180, "texture": "#texture", "cullface": "south", "tintindex": 0}
			}
		},
		{
			"from": [1, 6, 15.5],
			"to": [3, 7, 16.5],
			"rotation": {"angle": 0, "axis": "y", "origin": [8, 8, 8]},
			"faces": {
				"north": {"uv": [3, 9, 1, 10], "texture": "#texture", "cullface": "south", "tintindex": 0},
				"east": {"uv": [1, 9, 2, 10], "texture": "#texture", "cullface": "south", "tintindex": 0},
				"south": {"uv": [1, 9, 3, 10], "texture": "#texture", "cullface": "south", "tintindex": 0},
				"west": {"uv": [1, 9, 2, 10], "texture": "#texture", "cullface": "south", "tintindex": 0},
				"up": {"uv": [3, 9, 1, 10], "rotation": 180, "texture": "#texture", "cullface": "south", "tintindex": 0},
				"down": {"uv": [3, 9, 1, 10], "rotation": 180, "texture": "#texture", "cullface": "south", "tintindex": 0}
			}
		},
		{
			"from": [1, 7, 15.5],
			"to": [4, 8, 16.5],
			"rotation": {"angle": 0, "axis": "y", "origin": [8, 8, 8]},
			"faces": {
				"north": {"uv": [4, 8, 1, 9], "texture": "#texture", "cullface": "south", "tintindex": 0},
				"east": {"uv": [3, 8, 4, 9], "texture": "#texture", "cullface": "south", "tintindex": 0},
				"south": {"uv": [1, 8, 4, 9], "texture": "#texture", "cullface": "south", "tintindex": 0},
				"west": {"uv": [1, 8, 2, 9], "texture": "#texture", "cullface": "south", "tintindex": 0},
				"up": {"uv": [4, 8, 1, 9], "rotation": 180, "texture": "#texture", "cullface": "south", "tintindex": 0},
				"down": {"uv": [4, 8, 1, 9], "rotation": 180, "texture": "#texture", "cullface": "south", "tintindex": 0}
			}
		},
		{
			"from": [11, 6, 15.5],
			"to": [14, 7, 16.5],
			"rotation": {"angle": 0, "axis": "y", "origin": [8, 8, 8]},
			"faces": {
				"north": {"uv": [14, 9, 11, 10], "texture": "#texture", "cullface": "south", "tintindex": 0},
				"east": {"uv": [13, 9, 14, 10], "texture": "#texture", "cullface": "south", "tintindex": 0},
				"south": {"uv": [11, 9, 14, 10], "texture": "#texture", "cullface": "south", "tintindex": 0},
				"west": {"uv": [11, 9, 12, 10], "texture": "#texture", "cullface": "south", "tintindex": 0},
				"up": {"uv": [14, 9, 11, 10], "rotation": 180, "texture": "#texture", "cullface": "south", "tintindex": 0},
				"down": {"uv": [14, 9, 11, 10], "rotation": 180, "texture": "#texture", "cullface": "south", "tintindex": 0}
			}
		},
		{
			"from": [5, 12, 15.5],
			"to": [8, 13, 16.5],
			"rotation": {"angle": 0, "axis": "y", "origin": [8, 8, 8]},
			"faces": {
				"north": {"uv": [8, 3, 5, 4], "texture": "#texture", "cullface": "south", "tintindex": 0},
				"east": {"uv": [7, 3, 8, 4], "texture": "#texture", "cullface": "south", "tintindex": 0},
				"south": {"uv": [5, 3, 8, 4], "texture": "#texture", "cullface": "south", "tintindex": 0},
				"west": {"uv": [5, 3, 6, 4], "texture": "#texture", "cullface": "south", "tintindex": 0},
				"up": {"uv": [8, 3, 5, 4], "rotation": 180, "texture": "#texture", "cullface": "south", "tintindex": 0},
				"down": {"uv": [8, 3, 5, 4], "rotation": 180, "texture": "#texture", "cullface": "south", "tintindex": 0}
			}
		},
		{
			"from": [4, 10, 15.5],
			"to": [8, 11, 16.5],
			"rotation": {"angle": 0, "axis": "y", "origin": [8, 8, 8]},
			"faces": {
				"north": {"uv": [8, 5, 4, 6], "texture": "#texture", "cullface": "south", "tintindex": 0},
				"east": {"uv": [7, 5, 8, 6], "texture": "#texture", "cullface": "south", "tintindex": 0},
				"south": {"uv": [4, 5, 8, 6], "texture": "#texture", "cullface": "south", "tintindex": 0},
				"west": {"uv": [4, 5, 5, 6], "texture": "#texture", "cullface": "south", "tintindex": 0},
				"up": {"uv": [8, 5, 4, 6], "rotation": 180, "texture": "#texture", "cullface": "south", "tintindex": 0},
				"down": {"uv": [8, 5, 4, 6], "rotation": 180, "texture": "#texture", "cullface": "south", "tintindex": 0}
			}
		},
		{
			"from": [3, 3, 15.5],
			"to": [8, 4, 16.5],
			"rotation": {"angle": 0, "axis": "y", "origin": [8, 8, 8]},
			"faces": {
				"north": {"uv": [8, 12, 3, 13], "texture": "#texture", "cullface": "south", "tintindex": 0},
				"east": {"uv": [7, 12, 8, 13], "texture": "#texture", "cullface": "south", "tintindex": 0},
				"south": {"uv": [3, 12, 8, 13], "texture": "#texture", "cullface": "south", "tintindex": 0},
				"west": {"uv": [3, 12, 4, 13], "texture": "#texture", "cullface": "south", "tintindex": 0},
				"up": {"uv": [8, 12, 3, 13], "rotation": 180, "texture": "#texture", "cullface": "south", "tintindex": 0},
				"down": {"uv": [8, 12, 3, 13], "rotation": 180, "texture": "#texture", "cullface": "south", "tintindex": 0}
			}
		},
		{
			"from": [9, 7, 15.5],
			"to": [15, 8, 16.5],
			"rotation": {"angle": 0, "axis": "y", "origin": [8, 8, 8]},
			"faces": {
				"north": {"uv": [15, 8, 9, 9], "texture": "#texture", "cullface": "south", "tintindex": 0},
				"east": {"uv": [14, 8, 15, 9], "texture": "#texture", "cullface": "south", "tintindex": 0},
				"south": {"uv": [9, 8, 15, 9], "texture": "#texture", "cullface": "south", "tintindex": 0},
				"west": {"uv": [9, 8, 10, 9], "texture": "#texture", "cullface": "south", "tintindex": 0},
				"up": {"uv": [15, 8, 9, 9], "rotation": 180, "texture": "#texture", "cullface": "south", "tintindex": 0},
				"down": {"uv": [15, 8, 9, 9], "rotation": 180, "texture": "#texture", "cullface": "south", "tintindex": 0}
			}
		},
		{
			"from": [3, 11, 15.5],
			"to": [10, 12, 16.5],
			"rotation": {"angle": 0, "axis": "y", "origin": [8, 8, 8]},
			"faces": {
				"north": {"uv": [10, 4, 3, 5], "texture": "#texture", "cullface": "south", "tintindex": 0},
				"east": {"uv": [9, 4, 10, 5], "texture": "#texture", "cullface": "south", "tintindex": 0},
				"south": {"uv": [3, 4, 10, 5], "texture": "#texture", "cullface": "south", "tintindex": 0},
				"west": {"uv": [3, 4, 4, 5], "texture": "#texture", "cullface": "south", "tintindex": 0},
				"up": {"uv": [10, 4, 3, 5], "rotation": 180, "texture": "#texture", "cullface": "south", "tintindex": 0},
				"down": {"uv": [10, 4, 3, 5], "rotation": 180, "texture": "#texture", "cullface": "south", "tintindex": 0}
			}
		},
		{
			"from": [4, 2, 15.5],
			"to": [6, 3, 16.5],
			"rotation": {"angle": 0, "axis": "y", "origin": [8, 8, 8]},
			"faces": {
				"north": {"uv": [6, 13, 4, 14], "texture": "#texture", "cullface": "south", "tintindex": 0},
				"east": {"uv": [5, 13, 6, 14], "texture": "#texture", "cullface": "south", "tintindex": 0},
				"south": {"uv": [4, 13, 6, 14], "texture": "#texture", "cullface": "south", "tintindex": 0},
				"west": {"uv": [4, 13, 5, 14], "texture": "#texture", "cullface": "south", "tintindex": 0},
				"up": {"uv": [6, 13, 4, 14], "rotation": 180, "texture": "#texture", "cullface": "south", "tintindex": 0},
				"down": {"uv": [6, 13, 4, 14], "rotation": 180, "texture": "#texture", "cullface": "south", "tintindex": 0}
			}
		},
		{
			"from": [12, 15.5, 5],
			"to": [14, 16.5, 6],
			"rotation": {"angle": 0, "axis": "x", "origin": [8, 8, 8]},
			"faces": {
				"north": {"uv": [14, 5, 12, 6], "texture": "#texture", "cullface": "up", "tintindex": 0},
				"east": {"uv": [13, 5, 14, 6], "rotation": 90, "texture": "#texture", "cullface": "up", "tintindex": 0},
				"south": {"uv": [14, 5, 12, 6], "rotation": 180, "texture": "#texture", "cullface": "up", "tintindex": 0},
				"west": {"uv": [12, 5, 13, 6], "rotation": 270, "texture": "#texture", "cullface": "up", "tintindex": 0},
				"up": {"uv": [12, 5, 14, 6], "texture": "#texture", "cullface": "up", "tintindex": 0},
				"down": {"uv": [14, 5, 12, 6], "rotation": 180, "texture": "#texture", "cullface": "up", "tintindex": 0}
			}
		},
		{
			"from": [11, 15.5, 12],
			"to": [13, 16.5, 13],
			"rotation": {"angle": 0, "axis": "x", "origin": [8, 8, 8]},
			"faces": {
				"north": {"uv": [13, 12, 11, 13], "texture": "#texture", "cullface": "up", "tintindex": 0},
				"east": {"uv": [12, 12, 13, 13], "rotation": 90, "texture": "#texture", "cullface": "up", "tintindex": 0},
				"south": {"uv": [13, 12, 11, 13], "rotation": 180, "texture": "#texture", "cullface": "up", "tintindex": 0},
				"west": {"uv": [11, 12, 12, 13], "rotation": 270, "texture": "#texture", "cullface": "up", "tintindex": 0},
				"up": {"uv": [11, 12, 13, 13], "texture": "#texture", "cullface": "up", "tintindex": 0},
				"down": {"uv": [13, 12, 11, 13], "rotation": 180, "texture": "#texture", "cullface": "up", "tintindex": 0}
			}
		},
		{
			"from": [1, 15.5, 9],
			"to": [3, 16.5, 10],
			"rotation": {"angle": 0, "axis": "x", "origin": [8, 8, 8]},
			"faces": {
				"north": {"uv": [3, 9, 1, 10], "texture": "#texture", "cullface": "up", "tintindex": 0},
				"east": {"uv": [1, 9, 2, 10], "rotation": 90, "texture": "#texture", "cullface": "up", "tintindex": 0},
				"south": {"uv": [3, 9, 1, 10], "rotation": 180, "texture": "#texture", "cullface": "up", "tintindex": 0},
				"west": {"uv": [1, 9, 2, 10], "rotation": 270, "texture": "#texture", "cullface": "up", "tintindex": 0},
				"up": {"uv": [1, 9, 3, 10], "texture": "#texture", "cullface": "up", "tintindex": 0},
				"down": {"uv": [3, 9, 1, 10], "rotation": 180, "texture": "#texture", "cullface": "up", "tintindex": 0}
			}
		},
		{
			"from": [1, 15.5, 8],
			"to": [4, 16.5, 9],
			"rotation": {"angle": 0, "axis": "x", "origin": [8, 8, 8]},
			"faces": {
				"north": {"uv": [4, 8, 1, 9], "texture": "#texture", "cullface": "up", "tintindex": 0},
				"east": {"uv": [3, 8, 4, 9], "rotation": 90, "texture": "#texture", "cullface": "up", "tintindex": 0},
				"south": {"uv": [4, 8, 1, 9], "rotation": 180, "texture": "#texture", "cullface": "up", "tintindex": 0},
				"west": {"uv": [1, 8, 2, 9], "rotation": 270, "texture": "#texture", "cullface": "up", "tintindex": 0},
				"up": {"uv": [1, 8, 4, 9], "texture": "#texture", "cullface": "up", "tintindex": 0},
				"down": {"uv": [4, 8, 1, 9], "rotation": 180, "texture": "#texture", "cullface": "up", "tintindex": 0}
			}
		},
		{
			"from": [11, 15.5, 9],
			"to": [14, 16.5, 10],
			"rotation": {"angle": 0, "axis": "x", "origin": [8, 8, 8]},
			"faces": {
				"north": {"uv": [14, 9, 11, 10], "texture": "#texture", "cullface": "up", "tintindex": 0},
				"east": {"uv": [13, 9, 14, 10], "rotation": 90, "texture": "#texture", "cullface": "up", "tintindex": 0},
				"south": {"uv": [14, 9, 11, 10], "rotation": 180, "texture": "#texture", "cullface": "up", "tintindex": 0},
				"west": {"uv": [11, 9, 12, 10], "rotation": 270, "texture": "#texture", "cullface": "up", "tintindex": 0},
				"up": {"uv": [11, 9, 14, 10], "texture": "#texture", "cullface": "up", "tintindex": 0},
				"down": {"uv": [14, 9, 11, 10], "rotation": 180, "texture": "#texture", "cullface": "up", "tintindex": 0}
			}
		},
		{
			"from": [5, 15.5, 3],
			"to": [8, 16.5, 4],
			"rotation": {"angle": 0, "axis": "x", "origin": [8, 8, 8]},
			"faces": {
				"north": {"uv": [8, 3, 5, 4], "texture": "#texture", "cullface": "up", "tintindex": 0},
				"east": {"uv": [7, 3, 8, 4], "rotation": 90, "texture": "#texture", "cullface": "up", "tintindex": 0},
				"south": {"uv": [8, 3, 5, 4], "rotation": 180, "texture": "#texture", "cullface": "up", "tintindex": 0},
				"west": {"uv": [5, 3, 6, 4], "rotation": 270, "texture": "#texture", "cullface": "up", "tintindex": 0},
				"up": {"uv": [5, 3, 8, 4], "texture": "#texture", "cullface": "up", "tintindex": 0},
				"down": {"uv": [8, 3, 5, 4], "rotation": 180, "texture": "#texture", "cullface": "up", "tintindex": 0}
			}
		},
		{
			"from": [4, 15.5, 5],
			"to": [8, 16.5, 6],
			"rotation": {"angle": 0, "axis": "x", "origin": [8, 8, 8]},
			"faces": {
				"north": {"uv": [8, 5, 4, 6], "texture": "#texture", "cullface": "up", "tintindex": 0},
				"east": {"uv": [7, 5, 8, 6], "rotation": 90, "texture": "#texture", "cullface": "up", "tintindex": 0},
				"south": {"uv": [8, 5, 4, 6], "rotation": 180, "texture": "#texture", "cullface": "up", "tintindex": 0},
				"west": {"uv": [4, 5, 5, 6], "rotation": 270, "texture": "#texture", "cullface": "up", "tintindex": 0},
				"up": {"uv": [4, 5, 8, 6], "texture": "#texture", "cullface": "up", "tintindex": 0},
				"down": {"uv": [8, 5, 4, 6], "rotation": 180, "texture": "#texture", "cullface": "up", "tintindex": 0}
			}
		},
		{
			"from": [3, 15.5, 12],
			"to": [8, 16.5, 13],
			"rotation": {"angle": 0, "axis": "x", "origin": [8, 8, 8]},
			"faces": {
				"north": {"uv": [8, 12, 3, 13], "texture": "#texture", "cullface": "up", "tintindex": 0},
				"east": {"uv": [7, 12, 8, 13], "rotation": 90, "texture": "#texture", "cullface": "up", "tintindex": 0},
				"south": {"uv": [8, 12, 3, 13], "rotation": 180, "texture": "#texture", "cullface": "up", "tintindex": 0},
				"west": {"uv": [3, 12, 4, 13], "rotation": 270, "texture": "#texture", "cullface": "up", "tintindex": 0},
				"up": {"uv": [3, 12, 8, 13], "texture": "#texture", "cullface": "up", "tintindex": 0},
				"down": {"uv": [8, 12, 3, 13], "rotation": 180, "texture": "#texture", "cullface": "up", "tintindex": 0}
			}
		},
		{
			"from": [9, 15.5, 8],
			"to": [15, 16.5, 9],
			"rotation": {"angle": 0, "axis": "x", "origin": [8, 8, 8]},
			"faces": {
				"north": {"uv": [15, 8, 9, 9], "texture": "#texture", "cullface": "up", "tintindex": 0},
				"east": {"uv": [14, 8, 15, 9], "rotation": 90, "texture": "#texture", "cullface": "up", "tintindex": 0},
				"south": {"uv": [15, 8, 9, 9], "rotation": 180, "texture": "#texture", "cullface": "up", "tintindex": 0},
				"west": {"uv": [9, 8, 10, 9], "rotation": 270, "texture": "#texture", "cullface": "up", "tintindex": 0},
				"up": {"uv": [9, 8, 15, 9], "texture": "#texture", "cullface": "up", "tintindex": 0},
				"down": {"uv": [15, 8, 9, 9], "rotation": 180, "texture": "#texture", "cullface": "up", "tintindex": 0}
			}
		},
		{
			"from": [3, 15.5, 4],
			"to": [10, 16.5, 5],
			"rotation": {"angle": 0, "axis": "x", "origin": [8, 8, 8]},
			"faces": {
				"north": {"uv": [10, 4, 3, 5], "texture": "#texture", "cullface": "up", "tintindex": 0},
				"east": {"uv": [9, 4, 10, 5], "rotation": 90, "texture": "#texture", "cullface": "up", "tintindex": 0},
				"south": {"uv": [10, 4, 3, 5], "rotation": 180, "texture": "#texture", "cullface": "up", "tintindex": 0},
				"west": {"uv": [3, 4, 4, 5], "rotation": 270, "texture": "#texture", "cullface": "up", "tintindex": 0},
				"up": {"uv": [3, 4, 10, 5], "texture": "#texture", "cullface": "up", "tintindex": 0},
				"down": {"uv": [10, 4, 3, 5], "rotation": 180, "texture": "#texture", "cullface": "up", "tintindex": 0}
			}
		},
		{
			"from": [4, 15.5, 13],
			"to": [6, 16.5, 14],
			"rotation": {"angle": 0, "axis": "x", "origin": [8, 8, 8]},
			"faces": {
				"north": {"uv": [6, 13, 4, 14], "texture": "#texture", "cullface": "up", "tintindex": 0},
				"east": {"uv": [5, 13, 6, 14], "rotation": 90, "texture": "#texture", "cullface": "up", "tintindex": 0},
				"south": {"uv": [6, 13, 4, 14], "rotation": 180, "texture": "#texture", "cullface": "up", "tintindex": 0},
				"west": {"uv": [4, 13, 5, 14], "rotation": 270, "texture": "#texture", "cullface": "up", "tintindex": 0},
				"up": {"uv": [4, 13, 6, 14], "texture": "#texture", "cullface": "up", "tintindex": 0},
				"down": {"uv": [6, 13, 4, 14], "rotation": 180, "texture": "#texture", "cullface": "up", "tintindex": 0}
			}
		},
		{
			"from": [12, -0.5, 10],
			"to": [14, 0.5, 11],
			"rotation": {"angle": 0, "axis": "x", "origin": [8, 8, 8]},
			"faces": {
				"north": {"uv": [14, 5, 12, 6], "texture": "#texture", "cullface": "down", "tintindex": 0},
				"east": {"uv": [13, 5, 14, 6], "rotation": 270, "texture": "#texture", "cullface": "down", "tintindex": 0},
				"south": {"uv": [14, 5, 12, 6], "rotation": 180, "texture": "#texture", "cullface": "down", "tintindex": 0},
				"west": {"uv": [12, 5, 13, 6], "rotation": 90, "texture": "#texture", "cullface": "down", "tintindex": 0},
				"up": {"uv": [14, 5, 12, 6], "rotation": 180, "texture": "#texture", "cullface": "down", "tintindex": 0},
				"down": {"uv": [12, 5, 14, 6], "texture": "#texture", "cullface": "down", "tintindex": 0}
			}
		},
		{
			"from": [11, -0.5, 3],
			"to": [13, 0.5, 4],
			"rotation": {"angle": 0, "axis": "x", "origin": [8, 8, 8]},
			"faces": {
				"north": {"uv": [13, 12, 11, 13], "texture": "#texture", "cullface": "down", "tintindex": 0},
				"east": {"uv": [12, 12, 13, 13], "rotation": 270, "texture": "#texture", "cullface": "down", "tintindex": 0},
				"south": {"uv": [13, 12, 11, 13], "rotation": 180, "texture": "#texture", "cullface": "down", "tintindex": 0},
				"west": {"uv": [11, 12, 12, 13], "rotation": 90, "texture": "#texture", "cullface": "down", "tintindex": 0},
				"up": {"uv": [13, 12, 11, 13], "rotation": 180, "texture": "#texture", "cullface": "down", "tintindex": 0},
				"down": {"uv": [11, 12, 13, 13], "texture": "#texture", "cullface": "down", "tintindex": 0}
			}
		},
		{
			"from": [1, -0.5, 6],
			"to": [3, 0.5, 7],
			"rotation": {"angle": 0, "axis": "x", "origin": [8, 8, 8]},
			"faces": {
				"north": {"uv": [3, 9, 1, 10], "texture": "#texture", "cullface": "down", "tintindex": 0},
				"east": {"uv": [1, 9, 2, 10], "rotation": 270, "texture": "#texture", "cullface": "down", "tintindex": 0},
				"south": {"uv": [3, 9, 1, 10], "rotation": 180, "texture": "#texture", "cullface": "down", "tintindex": 0},
				"west": {"uv": [1, 9, 2, 10], "rotation": 90, "texture": "#texture", "cullface": "down", "tintindex": 0},
				"up": {"uv": [3, 9, 1, 10], "rotation": 180, "texture": "#texture", "cullface": "down", "tintindex": 0},
				"down": {"uv": [1, 9, 3, 10], "texture": "#texture", "cullface": "down", "tintindex": 0}
			}
		},
		{
			"from": [1, -0.5, 7],
			"to": [4, 0.5, 8],
			"rotation": {"angle": 0, "axis": "x", "origin": [8, 8, 8]},
			"faces": {
				"north": {"uv": [4, 8, 1, 9], "texture": "#texture", "cullface": "down", "tintindex": 0},
				"east": {"uv": [3, 8, 4, 9], "rotation": 270, "texture": "#texture", "cullface": "down", "tintindex": 0},
				"south": {"uv": [4, 8, 1, 9], "rotation": 180, "texture": "#texture", "cullface": "down", "tintindex": 0},
				"west": {"uv": [1, 8, 2, 9], "rotation": 90, "texture": "#texture", "cullface": "down", "tintindex": 0},
				"up": {"uv": [4, 8, 1, 9], "rotation": 180, "texture": "#texture", "cullface": "down", "tintindex": 0},
				"down": {"uv": [1, 8, 4, 9], "texture": "#texture", "cullface": "down", "tintindex": 0}
			}
		},
		{
			"from": [11, -0.5, 6],
			"to": [14, 0.5, 7],
			"rotation": {"angle": 0, "axis": "x", "origin": [8, 8, 8]},
			"faces": {
				"north": {"uv": [14, 9, 11, 10], "texture": "#texture", "cullface": "down", "tintindex": 0},
				"east": {"uv": [13, 9, 14, 10], "rotation": 270, "texture": "#texture", "cullface": "down", "tintindex": 0},
				"south": {"uv": [14, 9, 11, 10], "rotation": 180, "texture": "#texture", "cullface": "down", "tintindex": 0},
				"west": {"uv": [11, 9, 12, 10], "rotation": 90, "texture": "#texture", "cullface": "down", "tintindex": 0},
				"up": {"uv": [14, 9, 11, 10], "rotation": 180, "texture": "#texture", "cullface": "down", "tintindex": 0},
				"down": {"uv": [11, 9, 14, 10], "texture": "#texture", "cullface": "down", "tintindex": 0}
			}
		},
		{
			"from": [5, -0.5, 12],
			"to": [8, 0.5, 13],
			"rotation": {"angle": 0, "axis": "x", "origin": [8, 8, 8]},
			"faces": {
				"north": {"uv": [8, 3, 5, 4], "texture": "#texture", "cullface": "down", "tintindex": 0},
				"east": {"uv": [7, 3, 8, 4], "rotation": 270, "texture": "#texture", "cullface": "down", "tintindex": 0},
				"south": {"uv": [8, 3, 5, 4], "rotation": 180, "texture": "#texture", "cullface": "down", "tintindex": 0},
				"west": {"uv": [5, 3, 6, 4], "rotation": 90, "texture": "#texture", "cullface": "down", "tintindex": 0},
				"up": {"uv": [8, 3, 5, 4], "rotation": 180, "texture": "#texture", "cullface": "down", "tintindex": 0},
				"down": {"uv": [5, 3, 8, 4], "texture": "#texture", "cullface": "down", "tintindex": 0}
			}
		},
		{
			"from": [4, -0.5, 10],
			"to": [8, 0.5, 11],
			"rotation": {"angle": 0, "axis": "x", "origin": [8, 8, 8]},
			"faces": {
				"north": {"uv": [8, 5, 4, 6], "texture": "#texture", "cullface": "down", "tintindex": 0},
				"east": {"uv": [7, 5, 8, 6], "rotation": 270, "texture": "#texture", "cullface": "down", "tintindex": 0},
				"south": {"uv": [8, 5, 4, 6], "rotation": 180, "texture": "#texture", "cullface": "down", "tintindex": 0},
				"west": {"uv": [4, 5, 5, 6], "rotation": 90, "texture": "#texture", "cullface": "down", "tintindex": 0},
				"up": {"uv": [8, 5, 4, 6], "rotation": 180, "texture": "#texture", "cullface": "down", "tintindex": 0},
				"down": {"uv": [4, 5, 8, 6], "texture": "#texture", "cullface": "down", "tintindex": 0}
			}
		},
		{
			"from": [3, -0.5, 3],
			"to": [8, 0.5, 4],
			"rotation": {"angle": 0, "axis": "x", "origin": [8, 8, 8]},
			"faces": {
				"north": {"uv": [8, 12, 3, 13], "texture": "#texture", "cullface": "down", "tintindex": 0},
				"east": {"uv": [7, 12, 8, 13], "rotation": 270, "texture": "#texture", "cullface": "down", "tintindex": 0},
				"south": {"uv": [8, 12, 3, 13], "rotation": 180, "texture": "#texture", "cullface": "down", "tintindex": 0},
				"west": {"uv": [3, 12, 4, 13], "rotation": 90, "texture": "#texture", "cullface": "down", "tintindex": 0},
				"up": {"uv": [8, 12, 3, 13], "rotation": 180, "texture": "#texture", "cullface": "down", "tintindex": 0},
				"down": {"uv": [3, 12, 8, 13], "texture": "#texture", "cullface": "down", "tintindex": 0}
			}
		},
		{
			"from": [9, -0.5, 7],
			"to": [15, 0.5, 8],
			"rotation": {"angle": 0, "axis": "x", "origin": [8, 8, 8]},
			"faces": {
				"north": {"uv": [15, 8, 9, 9], "texture": "#texture", "cullface": "down", "tintindex": 0},
				"east": {"uv": [14, 8, 15, 9], "rotation": 270, "texture": "#texture", "cullface": "down", "tintindex": 0},
				"south": {"uv": [15, 8, 9, 9], "rotation": 180, "texture": "#texture", "cullface": "down", "tintindex": 0},
				"west": {"uv": [9, 8, 10, 9], "rotation": 90, "texture": "#texture", "cullface": "down", "tintindex": 0},
				"up": {"uv": [15, 8, 9, 9], "rotation": 180, "texture": "#texture", "cullface": "down", "tintindex": 0},
				"down": {"uv": [9, 8, 15, 9], "texture": "#texture", "cullface": "down", "tintindex": 0}
			}
		},
		{
			"from": [3, -0.5, 11],
			"to": [10, 0.5, 12],
			"rotation": {"angle": 0, "axis": "x", "origin": [8, 8, 8]},
			"faces": {
				"north": {"uv": [10, 4, 3, 5], "texture": "#texture", "cullface": "down", "tintindex": 0},
				"east": {"uv": [9, 4, 10, 5], "rotation": 270, "texture": "#texture", "cullface": "down", "tintindex": 0},
				"south": {"uv": [10, 4, 3, 5], "rotation": 180, "texture": "#texture", "cullface": "down", "tintindex": 0},
				"west": {"uv": [3, 4, 4, 5], "rotation": 90, "texture": "#texture", "cullface": "down", "tintindex": 0},
				"up": {"uv": [10, 4, 3, 5], "rotation": 180, "texture": "#texture", "cullface": "down", "tintindex": 0},
				"down": {"uv": [3, 4, 10, 5], "texture": "#texture", "cullface": "down", "tintindex": 0}
			}
		},
		{
			"from": [4, -0.5, 2],
			"to": [6, 0.5, 3],
			"rotation": {"angle": 0, "axis": "x", "origin": [8, 8, 8]},
			"faces": {
				"north": {"uv": [6, 13, 4, 14], "texture": "#texture", "cullface": "down", "tintindex": 0},
				"east": {"uv": [5, 13, 6, 14], "rotation": 270, "texture": "#texture", "cullface": "down", "tintindex": 0},
				"south": {"uv": [6, 13, 4, 14], "rotation": 180, "texture": "#texture", "cullface": "down", "tintindex": 0},
				"west": {"uv": [4, 13, 5, 14], "rotation": 90, "texture": "#texture", "cullface": "down", "tintindex": 0},
				"up": {"uv": [6, 13, 4, 14], "rotation": 180, "texture": "#texture", "cullface": "down", "tintindex": 0},
				"down": {"uv": [4, 13, 6, 14], "texture": "#texture", "cullface": "down", "tintindex": 0}
			}
		},
		{
			"from": [15.5, 10, 2],
			"to": [16.5, 11, 4],
			"rotation": {"angle": 0, "axis": "y", "origin": [8, 8, 8]},
			"faces": {
				"north": {"uv": [13, 5, 14, 6], "texture": "#texture", "cullface": "east", "tintindex": 0},
				"east": {"uv": [12, 5, 14, 6], "texture": "#texture", "cullface": "east", "tintindex": 0},
				"south": {"uv": [12, 5, 13, 6], "texture": "#texture", "cullface": "east", "tintindex": 0},
				"west": {"uv": [14, 5, 12, 6], "texture": "#texture", "cullface": "east", "tintindex": 0},
				"up": {"uv": [14, 5, 12, 6], "rotation": 90, "texture": "#texture", "cullface": "east", "tintindex": 0},
				"down": {"uv": [14, 5, 12, 6], "rotation": 270, "texture": "#texture", "cullface": "east", "tintindex": 0}
			}
		},
		{
			"from": [15.5, 3, 3],
			"to": [16.5, 4, 5],
			"rotation": {"angle": 0, "axis": "y", "origin": [8, 8, 8]},
			"faces": {
				"north": {"uv": [12, 12, 13, 13], "texture": "#texture", "cullface": "east", "tintindex": 0},
				"east": {"uv": [11, 12, 13, 13], "texture": "#texture", "cullface": "east", "tintindex": 0},
				"south": {"uv": [11, 12, 12, 13], "texture": "#texture", "cullface": "east", "tintindex": 0},
				"west": {"uv": [13, 12, 11, 13], "texture": "#texture", "cullface": "east", "tintindex": 0},
				"up": {"uv": [13, 12, 11, 13], "rotation": 90, "texture": "#texture", "cullface": "east", "tintindex": 0},
				"down": {"uv": [13, 12, 11, 13], "rotation": 270, "texture": "#texture", "cullface": "east", "tintindex": 0}
			}
		},
		{
			"from": [15.5, 6, 13],
			"to": [16.5, 7, 15],
			"rotation": {"angle": 0, "axis": "y", "origin": [8, 8, 8]},
			"faces": {
				"north": {"uv": [1, 9, 2, 10], "texture": "#texture", "cullface": "east", "tintindex": 0},
				"east": {"uv": [1, 9, 3, 10], "texture": "#texture", "cullface": "east", "tintindex": 0},
				"south": {"uv": [1, 9, 2, 10], "texture": "#texture", "cullface": "east", "tintindex": 0},
				"west": {"uv": [3, 9, 1, 10], "texture": "#texture", "cullface": "east", "tintindex": 0},
				"up": {"uv": [3, 9, 1, 10], "rotation": 90, "texture": "#texture", "cullface": "east", "tintindex": 0},
				"down": {"uv": [3, 9, 1, 10], "rotation": 270, "texture": "#texture", "cullface": "east", "tintindex": 0}
			}
		},
		{
			"from": [15.5, 7, 12],
			"to": [16.5, 8, 15],
			"rotation": {"angle": 0, "axis": "y", "origin": [8, 8, 8]},
			"faces": {
				"north": {"uv": [3, 8, 4, 9], "texture": "#texture", "cullface": "east", "tintindex": 0},
				"east": {"uv": [1, 8, 4, 9], "texture": "#texture", "cullface": "east", "tintindex": 0},
				"south": {"uv": [1, 8, 2, 9], "texture": "#texture", "cullface": "east", "tintindex": 0},
				"west": {"uv": [4, 8, 1, 9], "texture": "#texture", "cullface": "east", "tintindex": 0},
				"up": {"uv": [4, 8, 1, 9], "rotation": 90, "texture": "#texture", "cullface": "east", "tintindex": 0},
				"down": {"uv": [4, 8, 1, 9], "rotation": 270, "texture": "#texture", "cullface": "east", "tintindex": 0}
			}
		},
		{
			"from": [15.5, 6, 2],
			"to": [16.5, 7, 5],
			"rotation": {"angle": 0, "axis": "y", "origin": [8, 8, 8]},
			"faces": {
				"north": {"uv": [13, 9, 14, 10], "texture": "#texture", "cullface": "east", "tintindex": 0},
				"east": {"uv": [11, 9, 14, 10], "texture": "#texture", "cullface": "east", "tintindex": 0},
				"south": {"uv": [11, 9, 12, 10], "texture": "#texture", "cullface": "east", "tintindex": 0},
				"west": {"uv": [14, 9, 11, 10], "texture": "#texture", "cullface": "east", "tintindex": 0},
				"up": {"uv": [14, 9, 11, 10], "rotation": 90, "texture": "#texture", "cullface": "east", "tintindex": 0},
				"down": {"uv": [14, 9, 11, 10], "rotation": 270, "texture": "#texture", "cullface": "east", "tintindex": 0}
			}
		},
		{
			"from": [15.5, 12, 8],
			"to": [16.5, 13, 11],
			"rotation": {"angle": 0, "axis": "y", "origin": [8, 8, 8]},
			"faces": {
				"north": {"uv": [7, 3, 8, 4], "texture": "#texture", "cullface": "east", "tintindex": 0},
				"east": {"uv": [5, 3, 8, 4], "texture": "#texture", "cullface": "east", "tintindex": 0},
				"south": {"uv": [5, 3, 6, 4], "texture": "#texture", "cullface": "east", "tintindex": 0},
				"west": {"uv": [8, 3, 5, 4], "texture": "#texture", "cullface": "east", "tintindex": 0},
				"up": {"uv": [8, 3, 5, 4], "rotation": 90, "texture": "#texture", "cullface": "east", "tintindex": 0},
				"down": {"uv": [8, 3, 5, 4], "rotation": 270, "texture": "#texture", "cullface": "east", "tintindex": 0}
			}
		},
		{
			"from": [15.5, 10, 8],
			"to": [16.5, 11, 12],
			"rotation": {"angle": 0, "axis": "y", "origin": [8, 8, 8]},
			"faces": {
				"north": {"uv": [7, 5, 8, 6], "texture": "#texture", "cullface": "east", "tintindex": 0},
				"east": {"uv": [4, 5, 8, 6], "texture": "#texture", "cullface": "east", "tintindex": 0},
				"south": {"uv": [4, 5, 5, 6], "texture": "#texture", "cullface": "east", "tintindex": 0},
				"west": {"uv": [8, 5, 4, 6], "texture": "#texture", "cullface": "east", "tintindex": 0},
				"up": {"uv": [8, 5, 4, 6], "rotation": 90, "texture": "#texture", "cullface": "east", "tintindex": 0},
				"down": {"uv": [8, 5, 4, 6], "rotation": 270, "texture": "#texture", "cullface": "east", "tintindex": 0}
			}
		},
		{
			"from": [15.5, 3, 8],
			"to": [16.5, 4, 13],
			"rotation": {"angle": 0, "axis": "y", "origin": [8, 8, 8]},
			"faces": {
				"north": {"uv": [7, 12, 8, 13], "texture": "#texture", "cullface": "east", "tintindex": 0},
				"east": {"uv": [3, 12, 8, 13], "texture": "#texture", "cullface": "east", "tintindex": 0},
				"south": {"uv": [3, 12, 4, 13], "texture": "#texture", "cullface": "east", "tintindex": 0},
				"west": {"uv": [8, 12, 3, 13], "texture": "#texture", "cullface": "east", "tintindex": 0},
				"up": {"uv": [8, 12, 3, 13], "rotation": 90, "texture": "#texture", "cullface": "east", "tintindex": 0},
				"down": {"uv": [8, 12, 3, 13], "rotation": 270, "texture": "#texture", "cullface": "east", "tintindex": 0}
			}
		},
		{
			"from": [15.5, 7, 1],
			"to": [16.5, 8, 7],
			"rotation": {"angle": 0, "axis": "y", "origin": [8, 8, 8]},
			"faces": {
				"north": {"uv": [14, 8, 15, 9], "texture": "#texture", "cullface": "east", "tintindex": 0},
				"east": {"uv": [9, 8, 15, 9], "texture": "#texture", "cullface": "east", "tintindex": 0},
				"south": {"uv": [9, 8, 10, 9], "texture": "#texture", "cullface": "east", "tintindex": 0},
				"west": {"uv": [15, 8, 9, 9], "texture": "#texture", "cullface": "east", "tintindex": 0},
				"up": {"uv": [15, 8, 9, 9], "rotation": 90, "texture": "#texture", "cullface": "east", "tintindex": 0},
				"down": {"uv": [15, 8, 9, 9], "rotation": 270, "texture": "#texture", "cullface": "east", "tintindex": 0}
			}
		},
		{
			"from": [15.5, 11, 6],
			"to": [16.5, 12, 13],
			"rotation": {"angle": 0, "axis": "y", "origin": [8, 8, 8]},
			"faces": {
				"north": {"uv": [9, 4, 10, 5], "texture": "#texture", "cullface": "east", "tintindex": 0},
				"east": {"uv": [3, 4, 10, 5], "texture": "#texture", "cullface": "east", "tintindex": 0},
				"south": {"uv": [3, 4, 4, 5], "texture": "#texture", "cullface": "east", "tintindex": 0},
				"west": {"uv": [10, 4, 3, 5], "texture": "#texture", "cullface": "east", "tintindex": 0},
				"up": {"uv": [10, 4, 3, 5], "rotation": 90, "texture": "#texture", "cullface": "east", "tintindex": 0},
				"down": {"uv": [10, 4, 3, 5], "rotation": 270, "texture": "#texture", "cullface": "east", "tintindex": 0}
			}
		},
		{
			"from": [15.5, 2, 10],
			"to": [16.5, 3, 12],
			"rotation": {"angle": 0, "axis": "y", "origin": [8, 8, 8]},
			"faces": {
				"north": {"uv": [5, 13, 6, 14], "texture": "#texture", "cullface": "east", "tintindex": 0},
				"east": {"uv": [4, 13, 6, 14], "texture": "#texture", "cullface": "east", "tintindex": 0},
				"south": {"uv": [4, 13, 5, 14], "texture": "#texture", "cullface": "east", "tintindex": 0},
				"west": {"uv": [6, 13, 4, 14], "texture": "#texture", "cullface": "east", "tintindex": 0},
				"up": {"uv": [6, 13, 4, 14], "rotation": 90, "texture": "#texture", "cullface": "east", "tintindex": 0},
				"down": {"uv": [6, 13, 4, 14], "rotation": 270, "texture": "#texture", "cullface": "east", "tintindex": 0}
			}
		}
	],
	"display": {
		"thirdperson_righthand": {
			"rotation": [75, 45, 0],
			"translation": [0, 2.5, 0],
			"scale": [0.375, 0.375, 0.375]
		},
		"thirdperson_lefthand": {
			"rotation": [75, 45, 0],
			"translation": [0, 2.5, 0],
			"scale": [0.375, 0.375, 0.375]
		},
		"firstperson_righthand": {
			"rotation": [0, 45, 0],
			"scale": [0.4, 0.4, 0.4]
		},
		"firstperson_lefthand": {
			"rotation": [0, 225, 0],
			"scale": [0.4, 0.4, 0.4]
		},
		"ground": {
			"translation": [0, 3, 0],
			"scale": [0.25, 0.25, 0.25]
		},
		"gui": {
			"rotation": [30, 225, 0],
			"scale": [0.625, 0.625, 0.625]
		},
		"fixed": {
			"scale": [0.5, 0.5, 0.5]
		}
	},
	"groups": [
		{
			"name": "group",
			"origin": [0, 0, 0],
			"color": 0,
			"children": [
				0,
				{
					"name": "group",
					"origin": [0, 0, 0],
					"color": 0,
					"children": [1, 2, 3, 4, 5, 6, 7, 8, 9, 10, 11]
				},
				{
					"name": "group",
					"origin": [0, 0, 0],
					"color": 0,
					"children": [12, 13, 14, 15, 16, 17, 18, 19, 20, 21, 22]
				},
				{
					"name": "group",
					"origin": [0, 0, 0],
					"color": 0,
					"children": [23, 24, 25, 26, 27, 28, 29, 30, 31, 32, 33]
				},
				{
					"name": "group",
					"origin": [0, 0, 0],
					"color": 0,
					"children": [34, 35, 36, 37, 38, 39, 40, 41, 42, 43, 44]
				},
				{
					"name": "group",
					"origin": [0, 0, 0],
					"color": 0,
					"children": [45, 46, 47, 48, 49, 50, 51, 52, 53, 54, 55]
				},
				{
					"name": "group",
					"origin": [0, 0, 0],
					"color": 0,
					"children": [56, 57, 58, 59, 60, 61, 62, 63, 64, 65, 66]
				}
			]
		}
	]
}