{
	"credit": "Made with Blockbench",
	"textures": {
		"particle": "block/brown_mushroom",
		"mushroom": "block/brown_mushroom"
	},
	"elements": [
		{
			"from": [9, 6, 3],
			"to": [10, 7, 7],
			"rotation": {"angle": 0, "axis": "y", "origin": [8, 0, 7]},
			"faces": {
				"north": {"uv": [9, 8, 10, 9], "texture": "#mushroom"},
				"east": {"uv": [6, 8, 10, 9], "texture": "#mushroom"},
				"south": {"uv": [6, 8, 7, 9], "texture": "#mushroom"},
				"west": {"uv": [10, 8, 6, 9], "texture": "#mushroom"},
				"up": {"uv": [10, 8, 6, 9], "rotation": 90, "texture": "#mushroom"},
				"down": {"uv": [10, 8, 6, 9], "rotation": 270, "texture": "#mushroom"}
			}
		},
		{
			"from": [10, 0, 4],
			"to": [12, 3, 6],
			"rotation": {"angle": 0, "axis": "y", "origin": [8, 0, 7]},
			"faces": {
				"north": {"uv": [7, 13, 9, 16], "texture": "#mushroom"},
				"east": {"uv": [7, 13, 9, 16], "texture": "#mushroom"},
				"south": {"uv": [7, 13, 9, 16], "texture": "#mushroom"},
				"west": {"uv": [7, 13, 9, 16], "texture": "#mushroom"},
				"up": {"uv": [7, 13, 9, 15], "texture": "#mushroom"},
				"down": {"uv": [7, 14, 9, 16], "texture": "#mushroom"}
			}
		},
		{
			"from": [9, 6, 3],
			"to": [13, 7, 4],
			"rotation": {"angle": 0, "axis": "y", "origin": [8, 0, 7]},
			"faces": {
				"north": {"uv": [6, 8, 10, 9], "texture": "#mushroom"},
				"east": {"uv": [6, 8, 7, 9], "texture": "#mushroom"},
				"south": {"uv": [10, 8, 6, 9], "texture": "#mushroom"},
				"west": {"uv": [9, 8, 10, 9], "texture": "#mushroom"},
				"up": {"uv": [10, 8, 6, 9], "texture": "#mushroom"},
				"down": {"uv": [10, 8, 6, 9], "texture": "#mushroom"}
			}
		},
		{
			"from": [12, 6, 3],
			"to": [13, 7, 7],
			"rotation": {"angle": 0, "axis": "y", "origin": [8, 0, 7]},
			"faces": {
				"north": {"uv": [6, 8, 7, 9], "texture": "#mushroom"},
				"east": {"uv": [10, 8, 6, 9], "texture": "#mushroom"},
				"south": {"uv": [9, 8, 10, 9], "texture": "#mushroom"},
				"west": {"uv": [6, 8, 10, 9], "texture": "#mushroom"},
				"up": {"uv": [10, 8, 6, 9], "rotation": 270, "texture": "#mushroom"},
				"down": {"uv": [10, 8, 6, 9], "rotation": 90, "texture": "#mushroom"}
			}
		},
		{
			"from": [9, 6, 6],
			"to": [13, 7, 7],
			"rotation": {"angle": 0, "axis": "y", "origin": [8, 0, 7]},
			"faces": {
				"north": {"uv": [10, 8, 6, 9], "texture": "#mushroom"},
				"east": {"uv": [9, 8, 10, 9], "texture": "#mushroom"},
				"south": {"uv": [6, 8, 10, 9], "texture": "#mushroom"},
				"west": {"uv": [6, 8, 7, 9], "texture": "#mushroom"},
				"up": {"uv": [10, 8, 6, 9], "rotation": 180, "texture": "#mushroom"},
				"down": {"uv": [10, 8, 6, 9], "rotation": 180, "texture": "#mushroom"}
			}
		},
		{
			"from": [8, 5, 2],
			"to": [14, 6, 3],
			"rotation": {"angle": 0, "axis": "y", "origin": [8, 0, 7]},
			"faces": {
				"north": {"uv": [5, 9, 11, 10], "texture": "#mushroom"},
				"east": {"uv": [6, 9, 5, 10], "texture": "#mushroom"},
				"south": {"uv": [11, 9, 5, 10], "texture": "#mushroom"},
				"west": {"uv": [11, 9, 10, 10], "texture": "#mushroom"},
				"up": {"uv": [11, 9, 5, 10], "texture": "#mushroom"},
				"down": {"uv": [5, 9, 11, 10], "texture": "#mushroom"}
			}
		},
		{
			"from": [13, 5, 2],
			"to": [14, 6, 8],
			"rotation": {"angle": 0, "axis": "y", "origin": [8, 0, 7]},
			"faces": {
				"north": {"uv": [5, 9, 6, 10], "texture": "#mushroom"},
				"east": {"uv": [11, 9, 5, 10], "texture": "#mushroom"},
				"south": {"uv": [10, 9, 11, 10], "texture": "#mushroom"},
				"west": {"uv": [5, 9, 11, 10], "texture": "#mushroom"},
				"up": {"uv": [5, 9, 11, 10], "rotation": 90, "texture": "#mushroom"},
				"down": {"uv": [11, 9, 5, 10], "rotation": 270, "texture": "#mushroom"}
			}
		},
		{
			"from": [8, 5, 2],
			"to": [9, 6, 8],
			"rotation": {"angle": 0, "axis": "y", "origin": [8, 0, 7]},
			"faces": {
				"north": {"uv": [10, 9, 11, 10], "texture": "#mushroom"},
				"east": {"uv": [5, 9, 11, 10], "texture": "#mushroom"},
				"south": {"uv": [5, 9, 6, 10], "texture": "#mushroom"},
				"west": {"uv": [11, 9, 5, 10], "texture": "#mushroom"},
				"up": {"uv": [5, 9, 11, 10], "rotation": 270, "texture": "#mushroom"},
				"down": {"uv": [11, 9, 5, 10], "rotation": 90, "texture": "#mushroom"}
			}
		},
		{
			"from": [8, 5, 7],
			"to": [14, 6, 8],
			"rotation": {"angle": 0, "axis": "y", "origin": [8, 0, 7]},
			"faces": {
				"north": {"uv": [11, 9, 5, 10], "texture": "#mushroom"},
				"east": {"uv": [11, 9, 10, 10], "texture": "#mushroom"},
				"south": {"uv": [5, 9, 11, 10], "texture": "#mushroom"},
				"west": {"uv": [6, 9, 5, 10], "texture": "#mushroom"},
				"up": {"uv": [11, 9, 5, 10], "rotation": 180, "texture": "#mushroom"},
				"down": {"uv": [5, 9, 11, 10], "rotation": 180, "texture": "#mushroom"}
			}
		},
		{
			"from": [10, 6, 4],
			"to": [12, 7, 6],
			"rotation": {"angle": 0, "axis": "y", "origin": [8, 0, 7]},
			"faces": {
				"north": {"uv": [9, 8, 7, 9], "texture": "#mushroom"},
				"east": {"uv": [9, 8, 7, 9], "texture": "#mushroom"},
				"south": {"uv": [9, 8, 7, 9], "texture": "#mushroom"},
				"west": {"uv": [9, 8, 7, 9], "texture": "#mushroom"},
				"up": {"uv": [9, 8, 7, 10], "rotation": 180, "texture": "#mushroom"},
				"down": {"uv": [9, 8, 7, 10], "rotation": 180, "texture": "#mushroom"}
			}
		},
		{
			"from": [7, 3, 1],
			"to": [8, 5, 9],
			"rotation": {"angle": 0, "axis": "y", "origin": [8, 0, 7]},
			"faces": {
				"north": {"uv": [11, 10, 12, 12], "texture": "#mushroom"},
				"east": {"uv": [4, 10, 12, 12], "texture": "#mushroom"},
				"south": {"uv": [4, 10, 5, 12], "texture": "#mushroom"},
				"west": {"uv": [12, 10, 4, 12], "texture": "#mushroom"},
				"up": {"uv": [4, 10, 12, 11], "rotation": 270, "texture": "#mushroom"},
				"down": {"uv": [4, 11, 12, 12], "rotation": 90, "texture": "#mushroom"}
			}
		},
		{
			"from": [7, 3, 8],
			"to": [15, 5, 9],
			"rotation": {"angle": 0, "axis": "y", "origin": [8, 0, 7]},
			"faces": {
				"north": {"uv": [12, 10, 4, 12], "texture": "#mushroom"},
				"east": {"uv": [12, 10, 11, 12], "texture": "#mushroom"},
				"south": {"uv": [4, 10, 12, 12], "texture": "#mushroom"},
				"west": {"uv": [5, 10, 4, 12], "texture": "#mushroom"},
				"up": {"uv": [12, 10, 4, 11], "rotation": 180, "texture": "#mushroom"},
				"down": {"uv": [12, 11, 4, 12], "rotation": 180, "texture": "#mushroom"}
			}
		},
		{
			"from": [10, 3, 4],
			"to": [12, 6, 6],
			"rotation": {"angle": 0, "axis": "y", "origin": [8, 0, 7]},
			"faces": {
				"north": {"uv": [7, 13, 9, 16], "texture": "#mushroom"},
				"east": {"uv": [7, 13, 9, 16], "texture": "#mushroom"},
				"south": {"uv": [7, 13, 9, 16], "texture": "#mushroom"},
				"west": {"uv": [7, 13, 9, 16], "texture": "#mushroom"},
				"up": {"uv": [7, 13, 9, 15], "texture": "#mushroom"},
				"down": {"uv": [7, 14, 9, 16], "texture": "#mushroom"}
			}
		},
		{
			"from": [7, 3, 1],
			"to": [15, 5, 2],
			"rotation": {"angle": 0, "axis": "y", "origin": [8, 0, 7]},
			"faces": {
				"north": {"uv": [4, 10, 12, 12], "texture": "#mushroom"},
				"east": {"uv": [5, 10, 4, 12], "texture": "#mushroom"},
				"south": {"uv": [12, 10, 4, 12], "texture": "#mushroom"},
				"west": {"uv": [12, 10, 11, 12], "texture": "#mushroom"},
				"up": {"uv": [12, 10, 4, 11], "texture": "#mushroom"},
				"down": {"uv": [12, 11, 4, 12], "texture": "#mushroom"}
			}
		},
		{
			"from": [14, 3, 1],
			"to": [15, 5, 9],
			"rotation": {"angle": 0, "axis": "y", "origin": [8, 0, 7]},
			"faces": {
				"north": {"uv": [4, 10, 5, 12], "texture": "#mushroom"},
				"east": {"uv": [12, 10, 4, 12], "texture": "#mushroom"},
				"south": {"uv": [11, 10, 12, 12], "texture": "#mushroom"},
				"west": {"uv": [4, 10, 12, 12], "texture": "#mushroom"},
				"up": {"uv": [4, 10, 12, 11], "rotation": 90, "texture": "#mushroom"},
				"down": {"uv": [4, 11, 12, 12], "rotation": 270, "texture": "#mushroom"}
			}
		},
		{
			"from": [3, 9, 9],
			"to": [4, 10, 13],
			"rotation": {"angle": 0, "axis": "y", "origin": [8, 0, 7]},
			"faces": {
				"north": {"uv": [9, 8, 10, 9], "texture": "#mushroom"},
				"east": {"uv": [6, 8, 10, 9], "texture": "#mushroom"},
				"south": {"uv": [6, 8, 7, 9], "texture": "#mushroom"},
				"west": {"uv": [10, 8, 6, 9], "texture": "#mushroom"},
				"up": {"uv": [10, 8, 6, 9], "rotation": 90, "texture": "#mushroom"},
				"down": {"uv": [10, 8, 6, 9], "rotation": 270, "texture": "#mushroom"}
			}
		},
		{
			"from": [4, 3, 10],
			"to": [6, 6, 12],
			"rotation": {"angle": 0, "axis": "y", "origin": [8, 0, 7]},
			"faces": {
				"north": {"uv": [7, 13, 9, 16], "texture": "#mushroom"},
				"east": {"uv": [7, 13, 9, 16], "texture": "#mushroom"},
				"south": {"uv": [7, 13, 9, 16], "texture": "#mushroom"},
				"west": {"uv": [7, 13, 9, 16], "texture": "#mushroom"},
				"up": {"uv": [7, 13, 9, 15], "texture": "#mushroom"},
				"down": {"uv": [7, 14, 9, 16], "texture": "#mushroom"}
			}
		},
		{
			"from": [4, 0, 10],
			"to": [6, 3, 12],
			"rotation": {"angle": 0, "axis": "y", "origin": [8, 0, 7]},
			"faces": {
				"north": {"uv": [7, 13, 9, 16], "texture": "#mushroom"},
				"east": {"uv": [7, 13, 9, 16], "texture": "#mushroom"},
				"south": {"uv": [7, 13, 9, 16], "texture": "#mushroom"},
				"west": {"uv": [7, 13, 9, 16], "texture": "#mushroom"},
				"up": {"uv": [7, 13, 9, 15], "texture": "#mushroom"},
				"down": {"uv": [7, 14, 9, 16], "texture": "#mushroom"}
			}
		},
		{
			"from": [3, 9, 9],
			"to": [7, 10, 10],
			"rotation": {"angle": 0, "axis": "y", "origin": [8, 0, 7]},
			"faces": {
				"north": {"uv": [6, 8, 10, 9], "texture": "#mushroom"},
				"east": {"uv": [6, 8, 7, 9], "texture": "#mushroom"},
				"south": {"uv": [10, 8, 6, 9], "texture": "#mushroom"},
				"west": {"uv": [9, 8, 10, 9], "texture": "#mushroom"},
				"up": {"uv": [10, 8, 6, 9], "texture": "#mushroom"},
				"down": {"uv": [10, 8, 6, 9], "texture": "#mushroom"}
			}
		},
		{
			"from": [6, 9, 9],
			"to": [7, 10, 13],
			"rotation": {"angle": 0, "axis": "y", "origin": [8, 0, 7]},
			"faces": {
				"north": {"uv": [6, 8, 7, 9], "texture": "#mushroom"},
				"east": {"uv": [10, 8, 6, 9], "texture": "#mushroom"},
				"south": {"uv": [9, 8, 10, 9], "texture": "#mushroom"},
				"west": {"uv": [6, 8, 10, 9], "texture": "#mushroom"},
				"up": {"uv": [10, 8, 6, 9], "rotation": 270, "texture": "#mushroom"},
				"down": {"uv": [10, 8, 6, 9], "rotation": 90, "texture": "#mushroom"}
			}
		},
		{
			"from": [3, 9, 12],
			"to": [7, 10, 13],
			"rotation": {"angle": 0, "axis": "y", "origin": [8, 0, 7]},
			"faces": {
				"north": {"uv": [10, 8, 6, 9], "texture": "#mushroom"},
				"east": {"uv": [9, 8, 10, 9], "texture": "#mushroom"},
				"south": {"uv": [6, 8, 10, 9], "texture": "#mushroom"},
				"west": {"uv": [6, 8, 7, 9], "texture": "#mushroom"},
				"up": {"uv": [10, 8, 6, 9], "rotation": 180, "texture": "#mushroom"},
				"down": {"uv": [10, 8, 6, 9], "rotation": 180, "texture": "#mushroom"}
			}
		},
		{
			"from": [2, 8, 8],
			"to": [8, 9, 9],
			"rotation": {"angle": 0, "axis": "y", "origin": [8, 0, 7]},
			"faces": {
				"north": {"uv": [5, 9, 11, 10], "texture": "#mushroom"},
				"east": {"uv": [6, 9, 5, 10], "texture": "#mushroom"},
				"south": {"uv": [11, 9, 5, 10], "texture": "#mushroom"},
				"west": {"uv": [11, 9, 10, 10], "texture": "#mushroom"},
				"up": {"uv": [11, 9, 5, 10], "texture": "#mushroom"},
				"down": {"uv": [5, 9, 11, 10], "texture": "#mushroom"}
			}
		},
		{
			"from": [7, 8, 8],
			"to": [8, 9, 14],
			"rotation": {"angle": 0, "axis": "y", "origin": [8, 0, 7]},
			"faces": {
				"north": {"uv": [5, 9, 6, 10], "texture": "#mushroom"},
				"east": {"uv": [11, 9, 5, 10], "texture": "#mushroom"},
				"south": {"uv": [10, 9, 11, 10], "texture": "#mushroom"},
				"west": {"uv": [5, 9, 11, 10], "texture": "#mushroom"},
				"up": {"uv": [5, 9, 11, 10], "rotation": 90, "texture": "#mushroom"},
				"down": {"uv": [11, 9, 5, 10], "rotation": 270, "texture": "#mushroom"}
			}
		},
		{
			"from": [2, 8, 8],
			"to": [3, 9, 14],
			"rotation": {"angle": 0, "axis": "y", "origin": [8, 0, 7]},
			"faces": {
				"north": {"uv": [10, 9, 11, 10], "texture": "#mushroom"},
				"east": {"uv": [5, 9, 11, 10], "texture": "#mushroom"},
				"south": {"uv": [5, 9, 6, 10], "texture": "#mushroom"},
				"west": {"uv": [11, 9, 5, 10], "texture": "#mushroom"},
				"up": {"uv": [5, 9, 11, 10], "rotation": 270, "texture": "#mushroom"},
				"down": {"uv": [11, 9, 5, 10], "rotation": 90, "texture": "#mushroom"}
			}
		},
		{
			"from": [2, 8, 13],
			"to": [8, 9, 14],
			"rotation": {"angle": 0, "axis": "y", "origin": [8, 0, 7]},
			"faces": {
				"north": {"uv": [11, 9, 5, 10], "texture": "#mushroom"},
				"east": {"uv": [11, 9, 10, 10], "texture": "#mushroom"},
				"south": {"uv": [5, 9, 11, 10], "texture": "#mushroom"},
				"west": {"uv": [6, 9, 5, 10], "texture": "#mushroom"},
				"up": {"uv": [11, 9, 5, 10], "rotation": 180, "texture": "#mushroom"},
				"down": {"uv": [5, 9, 11, 10], "rotation": 180, "texture": "#mushroom"}
			}
		},
		{
			"from": [4, 9, 10],
			"to": [6, 10, 12],
			"rotation": {"angle": 0, "axis": "y", "origin": [8, 0, 7]},
			"faces": {
				"north": {"uv": [9, 8, 7, 9], "texture": "#mushroom"},
				"east": {"uv": [9, 8, 7, 9], "texture": "#mushroom"},
				"south": {"uv": [9, 8, 7, 9], "texture": "#mushroom"},
				"west": {"uv": [9, 8, 7, 9], "texture": "#mushroom"},
				"up": {"uv": [9, 8, 7, 10], "rotation": 180, "texture": "#mushroom"},
				"down": {"uv": [9, 8, 7, 10], "rotation": 180, "texture": "#mushroom"}
			}
		},
		{
			"from": [1, 6, 7],
			"to": [2, 8, 15],
			"rotation": {"angle": 0, "axis": "y", "origin": [8, 0, 7]},
			"faces": {
				"north": {"uv": [11, 10, 12, 12], "texture": "#mushroom"},
				"east": {"uv": [4, 10, 12, 12], "texture": "#mushroom"},
				"south": {"uv": [4, 10, 5, 12], "texture": "#mushroom"},
				"west": {"uv": [12, 10, 4, 12], "texture": "#mushroom"},
				"up": {"uv": [4, 10, 12, 11], "rotation": 270, "texture": "#mushroom"},
				"down": {"uv": [4, 11, 12, 12], "rotation": 90, "texture": "#mushroom"}
			}
		},
		{
			"from": [1, 6, 14],
			"to": [9, 8, 15],
			"rotation": {"angle": 0, "axis": "y", "origin": [8, 0, 7]},
			"faces": {
				"north": {"uv": [12, 10, 4, 12], "texture": "#mushroom"},
				"east": {"uv": [12, 10, 11, 12], "texture": "#mushroom"},
				"south": {"uv": [4, 10, 12, 12], "texture": "#mushroom"},
				"west": {"uv": [5, 10, 4, 12], "texture": "#mushroom"},
				"up": {"uv": [12, 10, 4, 11], "rotation": 180, "texture": "#mushroom"},
				"down": {"uv": [12, 11, 4, 12], "rotation": 180, "texture": "#mushroom"}
			}
		},
		{
			"from": [4, 6, 10],
			"to": [6, 9, 12],
			"rotation": {"angle": 0, "axis": "y", "origin": [8, 0, 7]},
			"faces": {
				"north": {"uv": [7, 13, 9, 16], "texture": "#mushroom"},
				"east": {"uv": [7, 13, 9, 16], "texture": "#mushroom"},
				"south": {"uv": [7, 13, 9, 16], "texture": "#mushroom"},
				"west": {"uv": [7, 13, 9, 16], "texture": "#mushroom"},
				"up": {"uv": [7, 13, 9, 15], "texture": "#mushroom"},
				"down": {"uv": [7, 14, 9, 16], "texture": "#mushroom"}
			}
		},
		{
			"from": [1, 6, 7],
			"to": [9, 8, 8],
			"rotation": {"angle": 0, "axis": "y", "origin": [8, 0, 7]},
			"faces": {
				"north": {"uv": [4, 10, 12, 12], "texture": "#mushroom"},
				"east": {"uv": [5, 10, 4, 12], "texture": "#mushroom"},
				"south": {"uv": [12, 10, 4, 12], "texture": "#mushroom"},
				"west": {"uv": [12, 10, 11, 12], "texture": "#mushroom"},
				"up": {"uv": [12, 10, 4, 11], "texture": "#mushroom"},
				"down": {"uv": [12, 11, 4, 12], "texture": "#mushroom"}
			}
		},
		{
			"from": [8, 6, 7],
			"to": [9, 8, 15],
			"rotation": {"angle": 0, "axis": "y", "origin": [8, 0, 7]},
			"faces": {
				"north": {"uv": [4, 10, 5, 12], "texture": "#mushroom"},
				"east": {"uv": [12, 10, 4, 12], "texture": "#mushroom"},
				"south": {"uv": [11, 10, 12, 12], "texture": "#mushroom"},
				"west": {"uv": [4, 10, 12, 12], "texture": "#mushroom"},
				"up": {"uv": [4, 10, 12, 11], "rotation": 90, "texture": "#mushroom"},
				"down": {"uv": [4, 11, 12, 12], "rotation": 270, "texture": "#mushroom"}
			}
		}
	],
	"display": {
		"thirdperson_righthand": {
			"translation": [0, 2.5, 0.75],
			"scale": [0.5, 0.5, 0.5]
		},
		"thirdperson_lefthand": {
			"translation": [0, 2.5, 0.5],
			"scale": [0.5, 0.5, 0.5]
		},
		"firstperson_righthand": {
			"translation": [0.75, 4.75, 0]
		},
		"firstperson_lefthand": {
			"translation": [0.75, 4.75, 0]
		},
		"ground": {
			"translation": [0, 3, 0],
			"scale": [0.5, 0.5, 0.5]
		},
		"gui": {
			"rotation": [30, 225, 0],
			"translation": [0, 2, 0]
		},
		"head": {
			"translation": [0, 11.5, 0]
		},
		"fixed": {
			"translation": [0, 0, -0.25]
		}
	},
	"groups": [
		{
			"name": "group",
			"origin": [8, 0, 7],
			"color": 0,
			"children": [0, 1, 2, 3, 4, 5, 6, 7, 8, 9, 10, 11, 12, 13, 14]
		},
		{
			"name": "group",
			"origin": [8, 0, 7],
			"color": 0,
			"children": [15, 16, 17, 18, 19, 20, 21, 22, 23, 24, 25, 26, 27, 28, 29, 30]
		}
	]
}