{
	"credit": "Made with Blockbench",
	"parent": "block/block",
	"ambientocclusion": false,
	"textures": {
		"particle": "block/azalea_plant",
		"plant": "block/azalea_plant",
		"top": "block/flowering_azalea_top",
		"side": "block/azalea_side",
		"flower": "block/spore_blossom"
	},
	"elements": [
		{
			"from": [0, 16, 0],
			"to": [16, 16, 16],
			"faces": {
				"up": {"uv": [0, 0, 16, 16], "texture": "#top", "cullface": "up"},
				"down": {"uv": [0, 16, 16, 0], "texture": "#top"}
			}
		},
		{
			"from": [0, 5, 0],
			"to": [16, 16, 0.01],
			"faces": {
				"north": {"uv": [0, 0, 16, 11], "texture": "#side", "cullface": "north"},
				"south": {"uv": [16, 0, 0, 11], "texture": "#side"}
			}
		},
		{
			"from": [0, 5, 15.99],
			"to": [16, 16, 16],
			"faces": {
				"north": {"uv": [16, 0, 0, 11], "texture": "#side"},
				"south": {"uv": [0, 0, 16, 11], "texture": "#side", "cullface": "south"}
			}
		},
		{
			"from": [0, 5, 0],
			"to": [0.01, 16, 16],
			"faces": {
				"east": {"uv": [16, 0, 0, 11], "texture": "#side"},
				"west": {"uv": [0, 0, 16, 11], "texture": "#side", "cullface": "west"}
			}
		},
		{
			"from": [15.99, 5, 0],
			"to": [16, 16, 16],
			"faces": {
				"east": {"uv": [0, 0, 16, 11], "texture": "#side", "cullface": "east"},
				"west": {"uv": [16, 0, 0, 11], "texture": "#side"}
			}
		},
		{
			"from": [0.1, 0, 8],
			"to": [15.9, 15.9, 8],
			"rotation": {"angle": 45, "axis": "y", "origin": [8, 8, 8], "rescale": true},
			"faces": {
				"north": {"uv": [0, 0, 16, 16], "texture": "#plant"},
				"south": {"uv": [0, 0, 16, 16], "texture": "#plant"}
			}
		},
		{
			"from": [5.5, 16, 11],
			"to": [8.5, 16, 14],
			"shade": false,
			"rotation": {"angle": 22.5, "axis": "z", "origin": [5.5, 16, 12.5]},
			"faces": {
				"north": {"uv": [0, 0, 0, 0], "texture": "#flower"},
				"east": {"uv": [0, 0, 0, 0], "texture": "#flower"},
				"south": {"uv": [0, 0, 0, 0], "texture": "#flower"},
				"west": {"uv": [0, 0, 0, 0], "texture": "#flower"},
				"up": {"uv": [0, 0, 16, 16], "rotation": 90, "texture": "#flower"},
				"down": {"uv": [0, 16, 16, 0], "rotation": 270, "texture": "#flower"}
			}
		},
		{
			"from": [2.5, 16, 11],
			"to": [5.5, 16, 14],
			"shade": false,
			"rotation": {"angle": -22.5, "axis": "z", "origin": [5.5, 16, 12.5]},
			"faces": {
				"north": {"uv": [0, 0, 0, 0], "texture": "#flower"},
				"east": {"uv": [0, 0, 0, 0], "texture": "#flower"},
				"south": {"uv": [0, 0, 0, 0], "texture": "#flower"},
				"west": {"uv": [0, 0, 0, 0], "texture": "#flower"},
				"up": {"uv": [0, 0, 16, 16], "rotation": 270, "texture": "#flower"},
				"down": {"uv": [0, 16, 16, 0], "rotation": 90, "texture": "#flower"}
			}
		},
		{
			"from": [4, 16, 12.5],
			"to": [7, 16, 15.5],
			"shade": false,
			"rotation": {"angle": -22.5, "axis": "x", "origin": [5.5, 16, 12.5]},
			"faces": {
				"north": {"uv": [0, 0, 0, 0], "texture": "#flower"},
				"east": {"uv": [0, 0, 0, 0], "texture": "#flower"},
				"south": {"uv": [0, 0, 0, 0], "texture": "#flower"},
				"west": {"uv": [0, 0, 0, 0], "texture": "#flower"},
				"up": {"uv": [16, 16, 0, 0], "texture": "#flower"},
				"down": {"uv": [16, 0, 0, 16], "texture": "#flower"}
			}
		},
		{
			"from": [4, 16, 9.5],
			"to": [7, 16, 12.5],
			"shade": false,
			"rotation": {"angle": 22.5, "axis": "x", "origin": [5.5, 16, 12.5]},
			"faces": {
				"north": {"uv": [0, 0, 0, 0], "texture": "#flower"},
				"east": {"uv": [0, 0, 0, 0], "texture": "#flower"},
				"south": {"uv": [0, 0, 0, 0], "texture": "#flower"},
				"west": {"uv": [0, 0, 0, 0], "texture": "#flower"},
				"up": {"uv": [0, 0, 16, 16], "texture": "#flower"},
				"down": {"uv": [0, 16, 16, 0], "texture": "#flower"}
			}
		},
		{
			"from": [2, 9.5, 16],
			"to": [5, 12.5, 16],
			"shade": false,
			"rotation": {"angle": -22.5, "axis": "x", "origin": [3.5, 12.5, 16]},
			"faces": {
				"north": {"uv": [16, 0, 0, 16], "rotation": 180, "texture": "#flower"},
				"east": {"uv": [0, 0, 0, 0], "rotation": 270, "texture": "#flower"},
				"south": {"uv": [16, 16, 0, 0], "texture": "#flower"},
				"west": {"uv": [0, 0, 0, 0], "rotation": 90, "texture": "#flower"},
				"up": {"uv": [0, 0, 0, 0], "rotation": 180, "texture": "#flower"},
				"down": {"uv": [0, 0, 0, 0], "texture": "#flower"}
			}
		},
		{
			"from": [2, 12.5, 16],
			"to": [5, 15.5, 16],
			"shade": false,
			"rotation": {"angle": 22.5, "axis": "x", "origin": [3.5, 12.5, 16]},
			"faces": {
				"north": {"uv": [0, 16, 16, 0], "rotation": 180, "texture": "#flower"},
				"east": {"uv": [0, 0, 0, 0], "rotation": 270, "texture": "#flower"},
				"south": {"uv": [0, 0, 16, 16], "texture": "#flower"},
				"west": {"uv": [0, 0, 0, 0], "rotation": 90, "texture": "#flower"},
				"up": {"uv": [0, 0, 0, 0], "rotation": 180, "texture": "#flower"},
				"down": {"uv": [0, 0, 0, 0], "texture": "#flower"}
			}
		},
		{
			"from": [3.5, 11, 16],
			"to": [6.5, 14, 16],
			"shade": false,
			"rotation": {"angle": -22.5, "axis": "y", "origin": [3.5, 12.5, 16]},
			"faces": {
				"north": {"uv": [0, 16, 16, 0], "rotation": 90, "texture": "#flower"},
				"east": {"uv": [0, 0, 0, 0], "rotation": 270, "texture": "#flower"},
				"south": {"uv": [0, 0, 16, 16], "rotation": 90, "texture": "#flower"},
				"west": {"uv": [0, 0, 0, 0], "rotation": 90, "texture": "#flower"},
				"up": {"uv": [0, 0, 0, 0], "rotation": 180, "texture": "#flower"},
				"down": {"uv": [0, 0, 0, 0], "texture": "#flower"}
			}
		},
		{
			"from": [0.5, 11, 16],
			"to": [3.5, 14, 16],
			"shade": false,
			"rotation": {"angle": 22.5, "axis": "y", "origin": [3.5, 12.5, 16]},
			"faces": {
				"north": {"uv": [0, 16, 16, 0], "rotation": 270, "texture": "#flower"},
				"east": {"uv": [0, 0, 0, 0], "rotation": 270, "texture": "#flower"},
				"south": {"uv": [0, 0, 16, 16], "rotation": 270, "texture": "#flower"},
				"west": {"uv": [0, 0, 0, 0], "rotation": 90, "texture": "#flower"},
				"up": {"uv": [0, 0, 0, 0], "rotation": 180, "texture": "#flower"},
				"down": {"uv": [0, 0, 0, 0], "texture": "#flower"}
			}
		},
		{
			"from": [11, 10.5, 16],
			"to": [14, 13.5, 16],
			"shade": false,
			"rotation": {"angle": -22.5, "axis": "x", "origin": [12.5, 13.5, 16]},
			"faces": {
				"north": {"uv": [16, 0, 0, 16], "rotation": 180, "texture": "#flower"},
				"east": {"uv": [0, 0, 0, 0], "rotation": 270, "texture": "#flower"},
				"south": {"uv": [16, 16, 0, 0], "texture": "#flower"},
				"west": {"uv": [0, 0, 0, 0], "rotation": 90, "texture": "#flower"},
				"up": {"uv": [0, 0, 0, 0], "rotation": 180, "texture": "#flower"},
				"down": {"uv": [0, 0, 0, 0], "texture": "#flower"}
			}
		},
		{
			"from": [11, 13.5, 16],
			"to": [14, 16.5, 16],
			"shade": false,
			"rotation": {"angle": 22.5, "axis": "x", "origin": [12.5, 13.5, 16]},
			"faces": {
				"north": {"uv": [0, 16, 16, 0], "rotation": 180, "texture": "#flower"},
				"east": {"uv": [0, 0, 0, 0], "rotation": 270, "texture": "#flower"},
				"south": {"uv": [0, 0, 16, 16], "texture": "#flower"},
				"west": {"uv": [0, 0, 0, 0], "rotation": 90, "texture": "#flower"},
				"up": {"uv": [0, 0, 0, 0], "rotation": 180, "texture": "#flower"},
				"down": {"uv": [0, 0, 0, 0], "texture": "#flower"}
			}
		},
		{
			"from": [12.5, 12, 16],
			"to": [15.5, 15, 16],
			"shade": false,
			"rotation": {"angle": -22.5, "axis": "y", "origin": [12.5, 13.5, 16]},
			"faces": {
				"north": {"uv": [0, 16, 16, 0], "rotation": 90, "texture": "#flower"},
				"east": {"uv": [0, 0, 0, 0], "rotation": 270, "texture": "#flower"},
				"south": {"uv": [0, 0, 16, 16], "rotation": 90, "texture": "#flower"},
				"west": {"uv": [0, 0, 0, 0], "rotation": 90, "texture": "#flower"},
				"up": {"uv": [0, 0, 0, 0], "rotation": 180, "texture": "#flower"},
				"down": {"uv": [0, 0, 0, 0], "texture": "#flower"}
			}
		},
		{
			"from": [9.5, 12, 16],
			"to": [12.5, 15, 16],
			"shade": false,
			"rotation": {"angle": 22.5, "axis": "y", "origin": [12.5, 13.5, 16]},
			"faces": {
				"north": {"uv": [0, 16, 16, 0], "rotation": 270, "texture": "#flower"},
				"east": {"uv": [0, 0, 0, 0], "rotation": 270, "texture": "#flower"},
				"south": {"uv": [0, 0, 16, 16], "rotation": 270, "texture": "#flower"},
				"west": {"uv": [0, 0, 0, 0], "rotation": 90, "texture": "#flower"},
				"up": {"uv": [0, 0, 0, 0], "rotation": 180, "texture": "#flower"},
				"down": {"uv": [0, 0, 0, 0], "texture": "#flower"}
			}
		},
		{
			"from": [7, 6.5, 16],
			"to": [10, 9.5, 16],
			"shade": false,
			"rotation": {"angle": -22.5, "axis": "x", "origin": [8.5, 9.5, 16]},
			"faces": {
				"north": {"uv": [16, 0, 0, 16], "rotation": 180, "texture": "#flower"},
				"east": {"uv": [0, 0, 0, 0], "rotation": 270, "texture": "#flower"},
				"south": {"uv": [16, 16, 0, 0], "texture": "#flower"},
				"west": {"uv": [0, 0, 0, 0], "rotation": 90, "texture": "#flower"},
				"up": {"uv": [0, 0, 0, 0], "rotation": 180, "texture": "#flower"},
				"down": {"uv": [0, 0, 0, 0], "texture": "#flower"}
			}
		},
		{
			"from": [7, 9.5, 16],
			"to": [10, 12.5, 16],
			"shade": false,
			"rotation": {"angle": 22.5, "axis": "x", "origin": [8.5, 9.5, 16]},
			"faces": {
				"north": {"uv": [0, 16, 16, 0], "rotation": 180, "texture": "#flower"},
				"east": {"uv": [0, 0, 0, 0], "rotation": 270, "texture": "#flower"},
				"south": {"uv": [0, 0, 16, 16], "texture": "#flower"},
				"west": {"uv": [0, 0, 0, 0], "rotation": 90, "texture": "#flower"},
				"up": {"uv": [0, 0, 0, 0], "rotation": 180, "texture": "#flower"},
				"down": {"uv": [0, 0, 0, 0], "texture": "#flower"}
			}
		},
		{
			"from": [8.5, 8, 16],
			"to": [11.5, 11, 16],
			"shade": false,
			"rotation": {"angle": -22.5, "axis": "y", "origin": [8.5, 9.5, 16]},
			"faces": {
				"north": {"uv": [0, 16, 16, 0], "rotation": 90, "texture": "#flower"},
				"east": {"uv": [0, 0, 0, 0], "rotation": 270, "texture": "#flower"},
				"south": {"uv": [0, 0, 16, 16], "rotation": 90, "texture": "#flower"},
				"west": {"uv": [0, 0, 0, 0], "rotation": 90, "texture": "#flower"},
				"up": {"uv": [0, 0, 0, 0], "rotation": 180, "texture": "#flower"},
				"down": {"uv": [0, 0, 0, 0], "texture": "#flower"}
			}
		},
		{
			"from": [5.5, 8, 16],
			"to": [8.5, 11, 16],
			"shade": false,
			"rotation": {"angle": 22.5, "axis": "y", "origin": [8.5, 9.5, 16]},
			"faces": {
				"north": {"uv": [0, 16, 16, 0], "rotation": 270, "texture": "#flower"},
				"east": {"uv": [0, 0, 0, 0], "rotation": 270, "texture": "#flower"},
				"south": {"uv": [0, 0, 16, 16], "rotation": 270, "texture": "#flower"},
				"west": {"uv": [0, 0, 0, 0], "rotation": 90, "texture": "#flower"},
				"up": {"uv": [0, 0, 0, 0], "rotation": 180, "texture": "#flower"},
				"down": {"uv": [0, 0, 0, 0], "texture": "#flower"}
			}
		},
		{
			"from": [13.5, 16, 6],
			"to": [16.5, 16, 9],
			"shade": false,
			"rotation": {"angle": 22.5, "axis": "z", "origin": [13.5, 16, 7.5]},
			"faces": {
				"north": {"uv": [0, 0, 0, 0], "texture": "#flower"},
				"east": {"uv": [0, 0, 0, 0], "texture": "#flower"},
				"south": {"uv": [0, 0, 0, 0], "texture": "#flower"},
				"west": {"uv": [0, 0, 0, 0], "texture": "#flower"},
				"up": {"uv": [0, 0, 16, 16], "rotation": 90, "texture": "#flower"},
				"down": {"uv": [0, 16, 16, 0], "rotation": 270, "texture": "#flower"}
			}
		},
		{
			"from": [10.5, 16, 6],
			"to": [13.5, 16, 9],
			"shade": false,
			"rotation": {"angle": -22.5, "axis": "z", "origin": [13.5, 16, 7.5]},
			"faces": {
				"north": {"uv": [0, 0, 0, 0], "texture": "#flower"},
				"east": {"uv": [0, 0, 0, 0], "texture": "#flower"},
				"south": {"uv": [0, 0, 0, 0], "texture": "#flower"},
				"west": {"uv": [0, 0, 0, 0], "texture": "#flower"},
				"up": {"uv": [0, 0, 16, 16], "rotation": 270, "texture": "#flower"},
				"down": {"uv": [0, 16, 16, 0], "rotation": 90, "texture": "#flower"}
			}
		},
		{
			"from": [12, 16, 7.5],
			"to": [15, 16, 10.5],
			"shade": false,
			"rotation": {"angle": -22.5, "axis": "x", "origin": [13.5, 16, 7.5]},
			"faces": {
				"north": {"uv": [0, 0, 0, 0], "texture": "#flower"},
				"east": {"uv": [0, 0, 0, 0], "texture": "#flower"},
				"south": {"uv": [0, 0, 0, 0], "texture": "#flower"},
				"west": {"uv": [0, 0, 0, 0], "texture": "#flower"},
				"up": {"uv": [16, 16, 0, 0], "texture": "#flower"},
				"down": {"uv": [16, 0, 0, 16], "texture": "#flower"}
			}
		},
		{
			"from": [12, 16, 4.5],
			"to": [15, 16, 7.5],
			"shade": false,
			"rotation": {"angle": 22.5, "axis": "x", "origin": [13.5, 16, 7.5]},
			"faces": {
				"north": {"uv": [0, 0, 0, 0], "texture": "#flower"},
				"east": {"uv": [0, 0, 0, 0], "texture": "#flower"},
				"south": {"uv": [0, 0, 0, 0], "texture": "#flower"},
				"west": {"uv": [0, 0, 0, 0], "texture": "#flower"},
				"up": {"uv": [0, 0, 16, 16], "texture": "#flower"},
				"down": {"uv": [0, 16, 16, 0], "texture": "#flower"}
			}
		},
		{
			"from": [16, 10.5, 2],
			"to": [16, 13.5, 5],
			"shade": false,
			"rotation": {"angle": 22.5, "axis": "z", "origin": [16, 13.5, 3.5]},
			"faces": {
				"north": {"uv": [0, 0, 0, 0], "rotation": 270, "texture": "#flower"},
				"east": {"uv": [0, 0, 16, 16], "rotation": 180, "texture": "#flower"},
				"south": {"uv": [0, 0, 0, 0], "rotation": 90, "texture": "#flower"},
				"west": {"uv": [0, 16, 16, 0], "texture": "#flower"},
				"up": {"uv": [0, 0, 0, 0], "rotation": 90, "texture": "#flower"},
				"down": {"uv": [0, 0, 0, 0], "rotation": 90, "texture": "#flower"}
			}
		},
		{
			"from": [16, 13.5, 2],
			"to": [16, 16.5, 5],
			"shade": false,
			"rotation": {"angle": -22.5, "axis": "z", "origin": [16, 13.5, 3.5]},
			"faces": {
				"north": {"uv": [0, 0, 0, 0], "rotation": 270, "texture": "#flower"},
				"east": {"uv": [0, 0, 16, 16], "texture": "#flower"},
				"south": {"uv": [0, 0, 0, 0], "rotation": 90, "texture": "#flower"},
				"west": {"uv": [0, 16, 16, 0], "rotation": 180, "texture": "#flower"},
				"up": {"uv": [0, 0, 0, 0], "rotation": 90, "texture": "#flower"},
				"down": {"uv": [0, 0, 0, 0], "rotation": 90, "texture": "#flower"}
			}
		},
		{
			"from": [16, 12, 3.5],
			"to": [16, 15, 6.5],
			"shade": false,
			"rotation": {"angle": 22.5, "axis": "y", "origin": [16, 13.5, 3.5]},
			"faces": {
				"north": {"uv": [0, 0, 0, 0], "rotation": 270, "texture": "#flower"},
				"east": {"uv": [16, 16, 0, 0], "rotation": 90, "texture": "#flower"},
				"south": {"uv": [0, 0, 0, 0], "rotation": 90, "texture": "#flower"},
				"west": {"uv": [16, 0, 0, 16], "rotation": 90, "texture": "#flower"},
				"up": {"uv": [0, 0, 0, 0], "rotation": 90, "texture": "#flower"},
				"down": {"uv": [0, 0, 0, 0], "rotation": 90, "texture": "#flower"}
			}
		},
		{
			"from": [16, 12, 0.5],
			"to": [16, 15, 3.5],
			"shade": false,
			"rotation": {"angle": -22.5, "axis": "y", "origin": [16, 13.5, 3.5]},
			"faces": {
				"north": {"uv": [0, 0, 0, 0], "rotation": 270, "texture": "#flower"},
				"east": {"uv": [0, 0, 16, 16], "rotation": 90, "texture": "#flower"},
				"south": {"uv": [0, 0, 0, 0], "rotation": 90, "texture": "#flower"},
				"west": {"uv": [0, 16, 16, 0], "rotation": 90, "texture": "#flower"},
				"up": {"uv": [0, 0, 0, 0], "rotation": 90, "texture": "#flower"},
				"down": {"uv": [0, 0, 0, 0], "rotation": 90, "texture": "#flower"}
			}
		},
		{
			"from": [16, 9.5, 11],
			"to": [16, 12.5, 14],
			"shade": false,
			"rotation": {"angle": 22.5, "axis": "z", "origin": [16, 12.5, 12.5]},
			"faces": {
				"north": {"uv": [0, 0, 0, 0], "rotation": 270, "texture": "#flower"},
				"east": {"uv": [0, 0, 16, 16], "rotation": 180, "texture": "#flower"},
				"south": {"uv": [0, 0, 0, 0], "rotation": 90, "texture": "#flower"},
				"west": {"uv": [0, 16, 16, 0], "texture": "#flower"},
				"up": {"uv": [0, 0, 0, 0], "rotation": 90, "texture": "#flower"},
				"down": {"uv": [0, 0, 0, 0], "rotation": 90, "texture": "#flower"}
			}
		},
		{
			"from": [16, 12.5, 11],
			"to": [16, 15.5, 14],
			"shade": false,
			"rotation": {"angle": -22.5, "axis": "z", "origin": [16, 12.5, 12.5]},
			"faces": {
				"north": {"uv": [0, 0, 0, 0], "rotation": 270, "texture": "#flower"},
				"east": {"uv": [0, 0, 16, 16], "texture": "#flower"},
				"south": {"uv": [0, 0, 0, 0], "rotation": 90, "texture": "#flower"},
				"west": {"uv": [0, 16, 16, 0], "rotation": 180, "texture": "#flower"},
				"up": {"uv": [0, 0, 0, 0], "rotation": 90, "texture": "#flower"},
				"down": {"uv": [0, 0, 0, 0], "rotation": 90, "texture": "#flower"}
			}
		},
		{
			"from": [16, 11, 12.5],
			"to": [16, 14, 15.5],
			"shade": false,
			"rotation": {"angle": 22.5, "axis": "y", "origin": [16, 12.5, 12.5]},
			"faces": {
				"north": {"uv": [0, 0, 0, 0], "rotation": 270, "texture": "#flower"},
				"east": {"uv": [16, 16, 0, 0], "rotation": 90, "texture": "#flower"},
				"south": {"uv": [0, 0, 0, 0], "rotation": 90, "texture": "#flower"},
				"west": {"uv": [16, 0, 0, 16], "rotation": 90, "texture": "#flower"},
				"up": {"uv": [0, 0, 0, 0], "rotation": 90, "texture": "#flower"},
				"down": {"uv": [0, 0, 0, 0], "rotation": 90, "texture": "#flower"}
			}
		},
		{
			"from": [16, 11, 9.5],
			"to": [16, 14, 12.5],
			"shade": false,
			"rotation": {"angle": -22.5, "axis": "y", "origin": [16, 12.5, 12.5]},
			"faces": {
				"north": {"uv": [0, 0, 0, 0], "rotation": 270, "texture": "#flower"},
				"east": {"uv": [0, 0, 16, 16], "rotation": 90, "texture": "#flower"},
				"south": {"uv": [0, 0, 0, 0], "rotation": 90, "texture": "#flower"},
				"west": {"uv": [0, 16, 16, 0], "rotation": 90, "texture": "#flower"},
				"up": {"uv": [0, 0, 0, 0], "rotation": 90, "texture": "#flower"},
				"down": {"uv": [0, 0, 0, 0], "rotation": 90, "texture": "#flower"}
			}
		},
		{
			"from": [16, 6.5, 6],
			"to": [16, 9.5, 9],
			"shade": false,
			"rotation": {"angle": 22.5, "axis": "z", "origin": [16, 9.5, 7.5]},
			"faces": {
				"north": {"uv": [0, 0, 0, 0], "rotation": 270, "texture": "#flower"},
				"east": {"uv": [0, 0, 16, 16], "rotation": 180, "texture": "#flower"},
				"south": {"uv": [0, 0, 0, 0], "rotation": 90, "texture": "#flower"},
				"west": {"uv": [0, 16, 16, 0], "texture": "#flower"},
				"up": {"uv": [0, 0, 0, 0], "rotation": 90, "texture": "#flower"},
				"down": {"uv": [0, 0, 0, 0], "rotation": 90, "texture": "#flower"}
			}
		},
		{
			"from": [16, 9.5, 6],
			"to": [16, 12.5, 9],
			"shade": false,
			"rotation": {"angle": -22.5, "axis": "z", "origin": [16, 9.5, 7.5]},
			"faces": {
				"north": {"uv": [0, 0, 0, 0], "rotation": 270, "texture": "#flower"},
				"east": {"uv": [0, 0, 16, 16], "texture": "#flower"},
				"south": {"uv": [0, 0, 0, 0], "rotation": 90, "texture": "#flower"},
				"west": {"uv": [0, 16, 16, 0], "rotation": 180, "texture": "#flower"},
				"up": {"uv": [0, 0, 0, 0], "rotation": 90, "texture": "#flower"},
				"down": {"uv": [0, 0, 0, 0], "rotation": 90, "texture": "#flower"}
			}
		},
		{
			"from": [16, 8, 7.5],
			"to": [16, 11, 10.5],
			"shade": false,
			"rotation": {"angle": 22.5, "axis": "y", "origin": [16, 9.5, 7.5]},
			"faces": {
				"north": {"uv": [0, 0, 0, 0], "rotation": 270, "texture": "#flower"},
				"east": {"uv": [16, 16, 0, 0], "rotation": 90, "texture": "#flower"},
				"south": {"uv": [0, 0, 0, 0], "rotation": 90, "texture": "#flower"},
				"west": {"uv": [16, 0, 0, 16], "rotation": 90, "texture": "#flower"},
				"up": {"uv": [0, 0, 0, 0], "rotation": 90, "texture": "#flower"},
				"down": {"uv": [0, 0, 0, 0], "rotation": 90, "texture": "#flower"}
			}
		},
		{
			"from": [16, 8, 4.5],
			"to": [16, 11, 7.5],
			"shade": false,
			"rotation": {"angle": -22.5, "axis": "y", "origin": [16, 9.5, 7.5]},
			"faces": {
				"north": {"uv": [0, 0, 0, 0], "rotation": 270, "texture": "#flower"},
				"east": {"uv": [0, 0, 16, 16], "rotation": 90, "texture": "#flower"},
				"south": {"uv": [0, 0, 0, 0], "rotation": 90, "texture": "#flower"},
				"west": {"uv": [0, 16, 16, 0], "rotation": 90, "texture": "#flower"},
				"up": {"uv": [0, 0, 0, 0], "rotation": 90, "texture": "#flower"},
				"down": {"uv": [0, 0, 0, 0], "rotation": 90, "texture": "#flower"}
			}
		},
		{
			"from": [4.5, 16, 2],
			"to": [7.5, 16, 5],
			"shade": false,
			"rotation": {"angle": 22.5, "axis": "z", "origin": [4.5, 16, 3.5]},
			"faces": {
				"north": {"uv": [0, 0, 0, 0], "texture": "#flower"},
				"east": {"uv": [0, 0, 0, 0], "texture": "#flower"},
				"south": {"uv": [0, 0, 0, 0], "texture": "#flower"},
				"west": {"uv": [0, 0, 0, 0], "texture": "#flower"},
				"up": {"uv": [0, 0, 16, 16], "rotation": 90, "texture": "#flower"},
				"down": {"uv": [0, 16, 16, 0], "rotation": 270, "texture": "#flower"}
			}
		},
		{
			"from": [1.5, 16, 2],
			"to": [4.5, 16, 5],
			"shade": false,
			"rotation": {"angle": -22.5, "axis": "z", "origin": [4.5, 16, 3.5]},
			"faces": {
				"north": {"uv": [0, 0, 0, 0], "texture": "#flower"},
				"east": {"uv": [0, 0, 0, 0], "texture": "#flower"},
				"south": {"uv": [0, 0, 0, 0], "texture": "#flower"},
				"west": {"uv": [0, 0, 0, 0], "texture": "#flower"},
				"up": {"uv": [0, 0, 16, 16], "rotation": 270, "texture": "#flower"},
				"down": {"uv": [0, 16, 16, 0], "rotation": 90, "texture": "#flower"}
			}
		},
		{
			"from": [3, 16, 3.5],
			"to": [6, 16, 6.5],
			"shade": false,
			"rotation": {"angle": -22.5, "axis": "x", "origin": [4.5, 16, 3.5]},
			"faces": {
				"north": {"uv": [0, 0, 0, 0], "texture": "#flower"},
				"east": {"uv": [0, 0, 0, 0], "texture": "#flower"},
				"south": {"uv": [0, 0, 0, 0], "texture": "#flower"},
				"west": {"uv": [0, 0, 0, 0], "texture": "#flower"},
				"up": {"uv": [16, 16, 0, 0], "texture": "#flower"},
				"down": {"uv": [16, 0, 0, 16], "texture": "#flower"}
			}
		},
		{
			"from": [3, 16, 0.5],
			"to": [6, 16, 3.5],
			"shade": false,
			"rotation": {"angle": 22.5, "axis": "x", "origin": [4.5, 16, 3.5]},
			"faces": {
				"north": {"uv": [0, 0, 0, 0], "texture": "#flower"},
				"east": {"uv": [0, 0, 0, 0], "texture": "#flower"},
				"south": {"uv": [0, 0, 0, 0], "texture": "#flower"},
				"west": {"uv": [0, 0, 0, 0], "texture": "#flower"},
				"up": {"uv": [0, 0, 16, 16], "texture": "#flower"},
				"down": {"uv": [0, 16, 16, 0], "texture": "#flower"}
			}
		},
		{
			"from": [0, 12.5, 2],
			"to": [0, 15.5, 5],
			"shade": false,
			"rotation": {"angle": 22.5, "axis": "z", "origin": [0, 12.5, 3.5]},
			"faces": {
				"north": {"uv": [0, 0, 0, 0], "rotation": 90, "texture": "#flower"},
				"east": {"uv": [0, 16, 16, 0], "rotation": 180, "texture": "#flower"},
				"south": {"uv": [0, 0, 0, 0], "rotation": 270, "texture": "#flower"},
				"west": {"uv": [0, 0, 16, 16], "texture": "#flower"},
				"up": {"uv": [0, 0, 0, 0], "rotation": 270, "texture": "#flower"},
				"down": {"uv": [0, 0, 0, 0], "rotation": 270, "texture": "#flower"}
			}
		},
		{
			"from": [0, 9.5, 2],
			"to": [0, 12.5, 5],
			"shade": false,
			"rotation": {"angle": -22.5, "axis": "z", "origin": [0, 12.5, 3.5]},
			"faces": {
				"north": {"uv": [0, 0, 0, 0], "rotation": 90, "texture": "#flower"},
				"east": {"uv": [0, 16, 16, 0], "texture": "#flower"},
				"south": {"uv": [0, 0, 0, 0], "rotation": 270, "texture": "#flower"},
				"west": {"uv": [0, 0, 16, 16], "rotation": 180, "texture": "#flower"},
				"up": {"uv": [0, 0, 0, 0], "rotation": 270, "texture": "#flower"},
				"down": {"uv": [0, 0, 0, 0], "rotation": 270, "texture": "#flower"}
			}
		},
		{
			"from": [0, 11, 3.5],
			"to": [0, 14, 6.5],
			"shade": false,
			"rotation": {"angle": -22.5, "axis": "y", "origin": [0, 12.5, 3.5]},
			"faces": {
				"north": {"uv": [0, 0, 0, 0], "rotation": 90, "texture": "#flower"},
				"east": {"uv": [16, 0, 0, 16], "rotation": 270, "texture": "#flower"},
				"south": {"uv": [0, 0, 0, 0], "rotation": 270, "texture": "#flower"},
				"west": {"uv": [16, 16, 0, 0], "rotation": 270, "texture": "#flower"},
				"up": {"uv": [0, 0, 0, 0], "rotation": 270, "texture": "#flower"},
				"down": {"uv": [0, 0, 0, 0], "rotation": 270, "texture": "#flower"}
			}
		},
		{
			"from": [0, 11, 0.5],
			"to": [0, 14, 3.5],
			"shade": false,
			"rotation": {"angle": 22.5, "axis": "y", "origin": [0, 12.5, 3.5]},
			"faces": {
				"north": {"uv": [0, 0, 0, 0], "rotation": 90, "texture": "#flower"},
				"east": {"uv": [0, 16, 16, 0], "rotation": 270, "texture": "#flower"},
				"south": {"uv": [0, 0, 0, 0], "rotation": 270, "texture": "#flower"},
				"west": {"uv": [0, 0, 16, 16], "rotation": 270, "texture": "#flower"},
				"up": {"uv": [0, 0, 0, 0], "rotation": 270, "texture": "#flower"},
				"down": {"uv": [0, 0, 0, 0], "rotation": 270, "texture": "#flower"}
			}
		},
		{
			"from": [0, 13.5, 11],
			"to": [0, 16.5, 14],
			"shade": false,
			"rotation": {"angle": 22.5, "axis": "z", "origin": [0, 13.5, 12.5]},
			"faces": {
				"north": {"uv": [0, 0, 0, 0], "rotation": 90, "texture": "#flower"},
				"east": {"uv": [0, 16, 16, 0], "rotation": 180, "texture": "#flower"},
				"south": {"uv": [0, 0, 0, 0], "rotation": 270, "texture": "#flower"},
				"west": {"uv": [0, 0, 16, 16], "texture": "#flower"},
				"up": {"uv": [0, 0, 0, 0], "rotation": 270, "texture": "#flower"},
				"down": {"uv": [0, 0, 0, 0], "rotation": 270, "texture": "#flower"}
			}
		},
		{
			"from": [0, 10.5, 11],
			"to": [0, 13.5, 14],
			"shade": false,
			"rotation": {"angle": -22.5, "axis": "z", "origin": [0, 13.5, 12.5]},
			"faces": {
				"north": {"uv": [0, 0, 0, 0], "rotation": 90, "texture": "#flower"},
				"east": {"uv": [0, 16, 16, 0], "texture": "#flower"},
				"south": {"uv": [0, 0, 0, 0], "rotation": 270, "texture": "#flower"},
				"west": {"uv": [0, 0, 16, 16], "rotation": 180, "texture": "#flower"},
				"up": {"uv": [0, 0, 0, 0], "rotation": 270, "texture": "#flower"},
				"down": {"uv": [0, 0, 0, 0], "rotation": 270, "texture": "#flower"}
			}
		},
		{
			"from": [0, 12, 12.5],
			"to": [0, 15, 15.5],
			"shade": false,
			"rotation": {"angle": -22.5, "axis": "y", "origin": [0, 13.5, 12.5]},
			"faces": {
				"north": {"uv": [0, 0, 0, 0], "rotation": 90, "texture": "#flower"},
				"east": {"uv": [16, 0, 0, 16], "rotation": 270, "texture": "#flower"},
				"south": {"uv": [0, 0, 0, 0], "rotation": 270, "texture": "#flower"},
				"west": {"uv": [16, 16, 0, 0], "rotation": 270, "texture": "#flower"},
				"up": {"uv": [0, 0, 0, 0], "rotation": 270, "texture": "#flower"},
				"down": {"uv": [0, 0, 0, 0], "rotation": 270, "texture": "#flower"}
			}
		},
		{
			"from": [0, 12, 9.5],
			"to": [0, 15, 12.5],
			"shade": false,
			"rotation": {"angle": 22.5, "axis": "y", "origin": [0, 13.5, 12.5]},
			"faces": {
				"north": {"uv": [0, 0, 0, 0], "rotation": 90, "texture": "#flower"},
				"east": {"uv": [0, 16, 16, 0], "rotation": 270, "texture": "#flower"},
				"south": {"uv": [0, 0, 0, 0], "rotation": 270, "texture": "#flower"},
				"west": {"uv": [0, 0, 16, 16], "rotation": 270, "texture": "#flower"},
				"up": {"uv": [0, 0, 0, 0], "rotation": 270, "texture": "#flower"},
				"down": {"uv": [0, 0, 0, 0], "rotation": 270, "texture": "#flower"}
			}
		},
		{
			"from": [0, 9.5, 7],
			"to": [0, 12.5, 10],
			"shade": false,
			"rotation": {"angle": 22.5, "axis": "z", "origin": [0, 9.5, 8.5]},
			"faces": {
				"north": {"uv": [0, 0, 0, 0], "rotation": 90, "texture": "#flower"},
				"east": {"uv": [0, 16, 16, 0], "rotation": 180, "texture": "#flower"},
				"south": {"uv": [0, 0, 0, 0], "rotation": 270, "texture": "#flower"},
				"west": {"uv": [0, 0, 16, 16], "texture": "#flower"},
				"up": {"uv": [0, 0, 0, 0], "rotation": 270, "texture": "#flower"},
				"down": {"uv": [0, 0, 0, 0], "rotation": 270, "texture": "#flower"}
			}
		},
		{
			"from": [0, 6.5, 7],
			"to": [0, 9.5, 10],
			"shade": false,
			"rotation": {"angle": -22.5, "axis": "z", "origin": [0, 9.5, 8.5]},
			"faces": {
				"north": {"uv": [0, 0, 0, 0], "rotation": 90, "texture": "#flower"},
				"east": {"uv": [0, 16, 16, 0], "texture": "#flower"},
				"south": {"uv": [0, 0, 0, 0], "rotation": 270, "texture": "#flower"},
				"west": {"uv": [0, 0, 16, 16], "rotation": 180, "texture": "#flower"},
				"up": {"uv": [0, 0, 0, 0], "rotation": 270, "texture": "#flower"},
				"down": {"uv": [0, 0, 0, 0], "rotation": 270, "texture": "#flower"}
			}
		},
		{
			"from": [0, 8, 8.5],
			"to": [0, 11, 11.5],
			"shade": false,
			"rotation": {"angle": -22.5, "axis": "y", "origin": [0, 9.5, 8.5]},
			"faces": {
				"north": {"uv": [0, 0, 0, 0], "rotation": 90, "texture": "#flower"},
				"east": {"uv": [16, 0, 0, 16], "rotation": 270, "texture": "#flower"},
				"south": {"uv": [0, 0, 0, 0], "rotation": 270, "texture": "#flower"},
				"west": {"uv": [16, 16, 0, 0], "rotation": 270, "texture": "#flower"},
				"up": {"uv": [0, 0, 0, 0], "rotation": 270, "texture": "#flower"},
				"down": {"uv": [0, 0, 0, 0], "rotation": 270, "texture": "#flower"}
			}
		},
		{
			"from": [0, 8, 5.5],
			"to": [0, 11, 8.5],
			"shade": false,
			"rotation": {"angle": 22.5, "axis": "y", "origin": [0, 9.5, 8.5]},
			"faces": {
				"north": {"uv": [0, 0, 0, 0], "rotation": 90, "texture": "#flower"},
				"east": {"uv": [0, 16, 16, 0], "rotation": 270, "texture": "#flower"},
				"south": {"uv": [0, 0, 0, 0], "rotation": 270, "texture": "#flower"},
				"west": {"uv": [0, 0, 16, 16], "rotation": 270, "texture": "#flower"},
				"up": {"uv": [0, 0, 0, 0], "rotation": 270, "texture": "#flower"},
				"down": {"uv": [0, 0, 0, 0], "rotation": 270, "texture": "#flower"}
			}
		},
		{
			"from": [2, 10.5, 0],
			"to": [5, 13.5, 0],
			"shade": false,
			"rotation": {"angle": 22.5, "axis": "x", "origin": [3.5, 13.5, 0]},
			"faces": {
				"north": {"uv": [0, 0, 16, 16], "rotation": 180, "texture": "#flower"},
				"east": {"uv": [0, 0, 0, 0], "rotation": 90, "texture": "#flower"},
				"south": {"uv": [0, 16, 16, 0], "texture": "#flower"},
				"west": {"uv": [0, 0, 0, 0], "rotation": 270, "texture": "#flower"},
				"up": {"uv": [0, 0, 0, 0], "texture": "#flower"},
				"down": {"uv": [0, 0, 0, 0], "rotation": 180, "texture": "#flower"}
			}
		},
		{
			"from": [2, 13.5, 0],
			"to": [5, 16.5, 0],
			"shade": false,
			"rotation": {"angle": -22.5, "axis": "x", "origin": [3.5, 13.5, 0]},
			"faces": {
				"north": {"uv": [0, 0, 16, 16], "texture": "#flower"},
				"east": {"uv": [0, 0, 0, 0], "rotation": 90, "texture": "#flower"},
				"south": {"uv": [0, 16, 16, 0], "rotation": 180, "texture": "#flower"},
				"west": {"uv": [0, 0, 0, 0], "rotation": 270, "texture": "#flower"},
				"up": {"uv": [0, 0, 0, 0], "texture": "#flower"},
				"down": {"uv": [0, 0, 0, 0], "rotation": 180, "texture": "#flower"}
			}
		},
		{
			"from": [0.5, 12, 0],
			"to": [3.5, 15, 0],
			"shade": false,
			"rotation": {"angle": -22.5, "axis": "y", "origin": [3.5, 13.5, 0]},
			"faces": {
				"north": {"uv": [16, 16, 0, 0], "rotation": 270, "texture": "#flower"},
				"east": {"uv": [0, 0, 0, 0], "rotation": 90, "texture": "#flower"},
				"south": {"uv": [16, 0, 0, 16], "rotation": 270, "texture": "#flower"},
				"west": {"uv": [0, 0, 0, 0], "rotation": 270, "texture": "#flower"},
				"up": {"uv": [0, 0, 0, 0], "texture": "#flower"},
				"down": {"uv": [0, 0, 0, 0], "rotation": 180, "texture": "#flower"}
			}
		},
		{
			"from": [3.5, 12, 0],
			"to": [6.5, 15, 0],
			"shade": false,
			"rotation": {"angle": 22.5, "axis": "y", "origin": [3.5, 13.5, 0]},
			"faces": {
				"north": {"uv": [0, 0, 16, 16], "rotation": 270, "texture": "#flower"},
				"east": {"uv": [0, 0, 0, 0], "rotation": 90, "texture": "#flower"},
				"south": {"uv": [0, 16, 16, 0], "rotation": 270, "texture": "#flower"},
				"west": {"uv": [0, 0, 0, 0], "rotation": 270, "texture": "#flower"},
				"up": {"uv": [0, 0, 0, 0], "texture": "#flower"},
				"down": {"uv": [0, 0, 0, 0], "rotation": 180, "texture": "#flower"}
			}
		},
		{
			"from": [11, 9.5, 0],
			"to": [14, 12.5, 0],
			"shade": false,
			"rotation": {"angle": 22.5, "axis": "x", "origin": [12.5, 12.5, 0]},
			"faces": {
				"north": {"uv": [0, 0, 16, 16], "rotation": 180, "texture": "#flower"},
				"east": {"uv": [0, 0, 0, 0], "rotation": 90, "texture": "#flower"},
				"south": {"uv": [0, 16, 16, 0], "texture": "#flower"},
				"west": {"uv": [0, 0, 0, 0], "rotation": 270, "texture": "#flower"},
				"up": {"uv": [0, 0, 0, 0], "texture": "#flower"},
				"down": {"uv": [0, 0, 0, 0], "rotation": 180, "texture": "#flower"}
			}
		},
		{
			"from": [11, 12.5, 0],
			"to": [14, 15.5, 0],
			"shade": false,
			"rotation": {"angle": -22.5, "axis": "x", "origin": [12.5, 12.5, 0]},
			"faces": {
				"north": {"uv": [0, 0, 16, 16], "texture": "#flower"},
				"east": {"uv": [0, 0, 0, 0], "rotation": 90, "texture": "#flower"},
				"south": {"uv": [0, 16, 16, 0], "rotation": 180, "texture": "#flower"},
				"west": {"uv": [0, 0, 0, 0], "rotation": 270, "texture": "#flower"},
				"up": {"uv": [0, 0, 0, 0], "texture": "#flower"},
				"down": {"uv": [0, 0, 0, 0], "rotation": 180, "texture": "#flower"}
			}
		},
		{
			"from": [9.5, 11, 0],
			"to": [12.5, 14, 0],
			"shade": false,
			"rotation": {"angle": -22.5, "axis": "y", "origin": [12.5, 12.5, 0]},
			"faces": {
				"north": {"uv": [16, 16, 0, 0], "rotation": 270, "texture": "#flower"},
				"east": {"uv": [0, 0, 0, 0], "rotation": 90, "texture": "#flower"},
				"south": {"uv": [16, 0, 0, 16], "rotation": 270, "texture": "#flower"},
				"west": {"uv": [0, 0, 0, 0], "rotation": 270, "texture": "#flower"},
				"up": {"uv": [0, 0, 0, 0], "texture": "#flower"},
				"down": {"uv": [0, 0, 0, 0], "rotation": 180, "texture": "#flower"}
			}
		},
		{
			"from": [12.5, 11, 0],
			"to": [15.5, 14, 0],
			"shade": false,
			"rotation": {"angle": 22.5, "axis": "y", "origin": [12.5, 12.5, 0]},
			"faces": {
				"north": {"uv": [0, 0, 16, 16], "rotation": 270, "texture": "#flower"},
				"east": {"uv": [0, 0, 0, 0], "rotation": 90, "texture": "#flower"},
				"south": {"uv": [0, 16, 16, 0], "rotation": 270, "texture": "#flower"},
				"west": {"uv": [0, 0, 0, 0], "rotation": 270, "texture": "#flower"},
				"up": {"uv": [0, 0, 0, 0], "texture": "#flower"},
				"down": {"uv": [0, 0, 0, 0], "rotation": 180, "texture": "#flower"}
			}
		},
		{
			"from": [6, 6.5, 0],
			"to": [9, 9.5, 0],
			"shade": false,
			"rotation": {"angle": 22.5, "axis": "x", "origin": [7.5, 9.5, 0]},
			"faces": {
				"north": {"uv": [0, 0, 16, 16], "rotation": 180, "texture": "#flower"},
				"east": {"uv": [0, 0, 0, 0], "rotation": 90, "texture": "#flower"},
				"south": {"uv": [0, 16, 16, 0], "texture": "#flower"},
				"west": {"uv": [0, 0, 0, 0], "rotation": 270, "texture": "#flower"},
				"up": {"uv": [0, 0, 0, 0], "texture": "#flower"},
				"down": {"uv": [0, 0, 0, 0], "rotation": 180, "texture": "#flower"}
			}
		},
		{
			"from": [6, 9.5, 0],
			"to": [9, 12.5, 0],
			"shade": false,
			"rotation": {"angle": -22.5, "axis": "x", "origin": [7.5, 9.5, 0]},
			"faces": {
				"north": {"uv": [0, 0, 16, 16], "texture": "#flower"},
				"east": {"uv": [0, 0, 0, 0], "rotation": 90, "texture": "#flower"},
				"south": {"uv": [0, 16, 16, 0], "rotation": 180, "texture": "#flower"},
				"west": {"uv": [0, 0, 0, 0], "rotation": 270, "texture": "#flower"},
				"up": {"uv": [0, 0, 0, 0], "texture": "#flower"},
				"down": {"uv": [0, 0, 0, 0], "rotation": 180, "texture": "#flower"}
			}
		},
		{
			"from": [4.5, 8, 0],
			"to": [7.5, 11, 0],
			"shade": false,
			"rotation": {"angle": -22.5, "axis": "y", "origin": [7.5, 9.5, 0]},
			"faces": {
				"north": {"uv": [16, 16, 0, 0], "rotation": 270, "texture": "#flower"},
				"east": {"uv": [0, 0, 0, 0], "rotation": 90, "texture": "#flower"},
				"south": {"uv": [16, 0, 0, 16], "rotation": 270, "texture": "#flower"},
				"west": {"uv": [0, 0, 0, 0], "rotation": 270, "texture": "#flower"},
				"up": {"uv": [0, 0, 0, 0], "texture": "#flower"},
				"down": {"uv": [0, 0, 0, 0], "rotation": 180, "texture": "#flower"}
			}
		},
		{
			"from": [7.5, 8, 0],
			"to": [10.5, 11, 0],
			"shade": false,
			"rotation": {"angle": 22.5, "axis": "y", "origin": [7.5, 9.5, 0]},
			"faces": {
				"north": {"uv": [0, 0, 16, 16], "rotation": 270, "texture": "#flower"},
				"east": {"uv": [0, 0, 0, 0], "rotation": 90, "texture": "#flower"},
				"south": {"uv": [0, 16, 16, 0], "rotation": 270, "texture": "#flower"},
				"west": {"uv": [0, 0, 0, 0], "rotation": 270, "texture": "#flower"},
				"up": {"uv": [0, 0, 0, 0], "texture": "#flower"},
				"down": {"uv": [0, 0, 0, 0], "rotation": 180, "texture": "#flower"}
			}
		}
	],
	"display": {
		"thirdperson_righthand": {
			"rotation": [75, 45, 0],
			"translation": [0, 2.5, 0],
			"scale": [0.375, 0.375, 0.375]
		},
		"thirdperson_lefthand": {
			"rotation": [75, 45, 0],
			"translation": [0, 2.5, 0],
			"scale": [0.375, 0.375, 0.375]
		},
		"firstperson_righthand": {
			"rotation": [0, 45, 0],
			"scale": [0.4, 0.4, 0.4]
		},
		"firstperson_lefthand": {
			"rotation": [0, 225, 0],
			"scale": [0.4, 0.4, 0.4]
		},
		"ground": {
			"translation": [0, 3, 0],
			"scale": [0.25, 0.25, 0.25]
		},
		"gui": {
			"rotation": [30, 225, 0],
			"translation": [0, -2, 0],
			"scale": [0.625, 0.625, 0.625]
		},
		"fixed": {
			"scale": [0.5, 0.5, 0.5]
		}
	},
	"groups": [
		{
			"name": "group",
			"origin": [8, 8, 8],
			"color": 0,
			"children": [
				0,
				1,
				2,
				3,
				4,
				5,
				{
					"name": "group",
					"origin": [8, 8, 8],
					"color": 0,
					"children": [6, 7, 8, 9]
				},
				{
					"name": "group",
					"origin": [8, 8, 8],
					"color": 0,
					"children": [10, 11, 12, 13]
				},
				{
					"name": "group",
					"origin": [8, 8, 8],
					"color": 0,
					"children": [14, 15, 16, 17]
				},
				{
					"name": "group",
					"origin": [8, 8, 8],
					"color": 0,
					"children": [18, 19, 20, 21]
				},
				{
					"name": "group",
					"origin": [8, 8, 8],
					"color": 0,
					"children": [22, 23, 24, 25]
				},
				{
					"name": "group",
					"origin": [8, 8, 8],
					"color": 0,
					"children": [26, 27, 28, 29]
				},
				{
					"name": "group",
					"origin": [8, 8, 8],
					"color": 0,
					"children": [30, 31, 32, 33]
				},
				{
					"name": "group",
					"origin": [8, 8, 8],
					"color": 0,
					"children": [34, 35, 36, 37]
				},
				{
					"name": "group",
					"origin": [8, 8, 8],
					"color": 0,
					"children": [38, 39, 40, 41]
				},
				{
					"name": "group",
					"origin": [8, 8, 8],
					"color": 0,
					"children": [42, 43, 44, 45]
				},
				{
					"name": "group",
					"origin": [8, 8, 8],
					"color": 0,
					"children": [46, 47, 48, 49]
				},
				{
					"name": "group",
					"origin": [8, 8, 8],
					"color": 0,
					"children": [50, 51, 52, 53]
				},
				{
					"name": "group",
					"origin": [8, 8, 8],
					"color": 0,
					"children": [54, 55, 56, 57]
				},
				{
					"name": "group",
					"origin": [8, 8, 8],
					"color": 0,
					"children": [58, 59, 60, 61]
				},
				{
					"name": "group",
					"origin": [8, 8, 8],
					"color": 0,
					"children": [62, 63, 64, 65]
				}
			]
		}
	]
}