{
	"credit": "Made with Blockbench",
	"parent": "block/block",
	"textures": {
		"particle": "block/soul_lantern",
		"lantern": "block/soul_lantern"
	},
	"elements": [
		{
			"from": [6, 8, 6],
			"to": [10, 10, 10],
			"rotation": {"angle": 0, "axis": "y", "origin": [9, 1, 0]},
			"faces": {
				"north": {"uv": [1, 0, 5, 2], "texture": "#lantern"},
				"east": {"uv": [1, 0, 5, 2], "texture": "#lantern"},
				"south": {"uv": [1, 0, 5, 2], "texture": "#lantern"},
				"west": {"uv": [1, 0, 5, 2], "texture": "#lantern"},
				"up": {"uv": [1, 10, 5, 14], "texture": "#lantern"}
			}
		},
		{
			"from": [5, 7, 5],
			"to": [11, 8, 11],
			"rotation": {"angle": 0, "axis": "y", "origin": [9, 1, 0]},
			"faces": {
				"north": {"uv": [0, 2, 6, 3], "texture": "#lantern"},
				"east": {"uv": [0, 2, 6, 3], "texture": "#lantern"},
				"south": {"uv": [0, 2, 6, 3], "texture": "#lantern"},
				"west": {"uv": [0, 2, 6, 3], "texture": "#lantern"},
				"up": {"uv": [0, 9, 6, 15], "texture": "#lantern"},
				"down": {"uv": [0, 9, 6, 15], "texture": "#lantern", "cullface": "down"}
			}
		},
		{
			"from": [5, 1, 5],
			"to": [11, 2, 11],
			"rotation": {"angle": 0, "axis": "y", "origin": [9, 1, 0]},
			"faces": {
				"north": {"uv": [0, 8, 6, 9], "texture": "#lantern"},
				"east": {"uv": [0, 8, 6, 9], "texture": "#lantern"},
				"south": {"uv": [0, 8, 6, 9], "texture": "#lantern"},
				"west": {"uv": [0, 8, 6, 9], "texture": "#lantern"},
				"up": {"uv": [0, 9, 6, 15], "texture": "#lantern"},
				"down": {"uv": [0, 9, 6, 15], "texture": "#lantern", "cullface": "down"}
			}
		},
		{
			"from": [6, 2, 6],
			"to": [10, 7, 10],
			"rotation": {"angle": 0, "axis": "y", "origin": [9, 1, 0]},
			"faces": {
				"north": {"uv": [1, 3, 5, 8], "texture": "#lantern"},
				"east": {"uv": [1, 3, 5, 8], "texture": "#lantern"},
				"south": {"uv": [1, 3, 5, 8], "texture": "#lantern"},
				"west": {"uv": [1, 3, 5, 8], "texture": "#lantern"},
				"up": {"uv": [1, 4, 5, 8], "texture": "#lantern"},
				"down": {"uv": [1, 4, 5, 8], "texture": "#lantern", "cullface": "down"}
			}
		},
		{
			"from": [10, 2, 10],
			"to": [11, 7, 11],
			"rotation": {"angle": 0, "axis": "y", "origin": [9, 1, 0]},
			"faces": {
				"north": {"uv": [0, 3, 1, 8], "texture": "#lantern"},
				"east": {"uv": [0, 3, 1, 8], "texture": "#lantern"},
				"south": {"uv": [0, 3, 1, 8], "texture": "#lantern"},
				"west": {"uv": [0, 3, 1, 8], "texture": "#lantern"},
				"up": {"uv": [0, 3, 1, 4], "texture": "#lantern"},
				"down": {"uv": [0, 7, 1, 8], "texture": "#lantern", "cullface": "down"}
			}
		},
		{
			"from": [10, 2, 5],
			"to": [11, 7, 6],
			"rotation": {"angle": 0, "axis": "y", "origin": [9, 1, 0]},
			"faces": {
				"north": {"uv": [0, 3, 1, 8], "texture": "#lantern"},
				"east": {"uv": [0, 3, 1, 8], "texture": "#lantern"},
				"south": {"uv": [0, 3, 1, 8], "texture": "#lantern"},
				"west": {"uv": [0, 3, 1, 8], "texture": "#lantern"},
				"up": {"uv": [0, 3, 1, 4], "texture": "#lantern"},
				"down": {"uv": [0, 7, 1, 8], "texture": "#lantern", "cullface": "down"}
			}
		},
		{
			"from": [5, 2, 5],
			"to": [6, 7, 6],
			"rotation": {"angle": 0, "axis": "y", "origin": [9, 1, 0]},
			"faces": {
				"north": {"uv": [5, 3, 6, 8], "texture": "#lantern"},
				"east": {"uv": [5, 3, 6, 8], "texture": "#lantern"},
				"south": {"uv": [5, 3, 6, 8], "texture": "#lantern"},
				"west": {"uv": [5, 3, 6, 8], "texture": "#lantern"},
				"up": {"uv": [5, 3, 6, 4], "texture": "#lantern"},
				"down": {"uv": [5, 7, 6, 8], "texture": "#lantern", "cullface": "down"}
			}
		},
		{
			"from": [5, 2, 10],
			"to": [6, 7, 11],
			"rotation": {"angle": 0, "axis": "y", "origin": [9, 1, 0]},
			"faces": {
				"north": {"uv": [5, 3, 6, 8], "texture": "#lantern"},
				"east": {"uv": [5, 3, 6, 8], "texture": "#lantern"},
				"south": {"uv": [5, 3, 6, 8], "texture": "#lantern"},
				"west": {"uv": [5, 3, 6, 8], "texture": "#lantern"},
				"up": {"uv": [5, 3, 6, 4], "texture": "#lantern"},
				"down": {"uv": [5, 7, 6, 8], "texture": "#lantern", "cullface": "down"}
			}
		},
		{
			"from": [7.5, 11, 7.5],
			"to": [8.5, 12, 8.5],
			"rotation": {"angle": -45, "axis": "y", "origin": [8, 10, 8]},
			"faces": {
				"north": {"uv": [12, 10, 13, 11], "texture": "#lantern"},
				"east": {"uv": [12, 10, 13, 11], "texture": "#lantern"},
				"south": {"uv": [12, 10, 13, 11], "texture": "#lantern"},
				"west": {"uv": [12, 10, 13, 11], "texture": "#lantern"},
				"up": {"uv": [12, 10, 13, 11], "rotation": 90, "texture": "#lantern"},
				"down": {"uv": [12, 10, 13, 11], "rotation": 270, "texture": "#lantern"}
			}
		},
		{
			"from": [8.5, 11, 7.5],
			"to": [9.5, 12, 8.5],
			"rotation": {"angle": -45, "axis": "y", "origin": [8, 10, 8]},
			"faces": {
				"north": {"uv": [11, 10, 12, 11], "texture": "#lantern"},
				"east": {"uv": [11, 10, 12, 11], "texture": "#lantern"},
				"south": {"uv": [11, 10, 12, 11], "texture": "#lantern"},
				"west": {"uv": [11, 10, 12, 11], "texture": "#lantern"},
				"up": {"uv": [11, 10, 12, 11], "texture": "#lantern"},
				"down": {"uv": [11, 10, 12, 11], "texture": "#lantern"}
			}
		},
		{
			"from": [6.5, 11, 7.5],
			"to": [7.5, 12, 8.5],
			"rotation": {"angle": -45, "axis": "y", "origin": [8, 10, 8]},
			"faces": {
				"north": {"uv": [13, 10, 14, 11], "texture": "#lantern"},
				"east": {"uv": [13, 10, 14, 11], "texture": "#lantern"},
				"south": {"uv": [13, 10, 14, 11], "texture": "#lantern"},
				"west": {"uv": [13, 10, 14, 11], "texture": "#lantern"},
				"up": {"uv": [13, 10, 14, 11], "texture": "#lantern"},
				"down": {"uv": [13, 10, 14, 11], "texture": "#lantern"}
			}
		},
		{
			"from": [8.5, 10, 7.5],
			"to": [9.5, 11, 8.5],
			"rotation": {"angle": -45, "axis": "y", "origin": [8, 10, 8]},
			"faces": {
				"north": {"uv": [11, 11, 12, 12], "texture": "#lantern"},
				"east": {"uv": [11, 11, 12, 12], "texture": "#lantern"},
				"south": {"uv": [11, 11, 12, 12], "texture": "#lantern"},
				"west": {"uv": [11, 11, 12, 12], "texture": "#lantern"},
				"up": {"uv": [11, 11, 12, 12], "texture": "#lantern"},
				"down": {"uv": [11, 11, 12, 12], "texture": "#lantern"}
			}
		},
		{
			"from": [6.5, 10, 7.5],
			"to": [7.5, 11, 8.5],
			"rotation": {"angle": -45, "axis": "y", "origin": [8, 10, 8]},
			"faces": {
				"north": {"uv": [13, 11, 14, 12], "texture": "#lantern"},
				"east": {"uv": [13, 11, 14, 12], "texture": "#lantern"},
				"south": {"uv": [13, 11, 14, 12], "texture": "#lantern"},
				"west": {"uv": [13, 11, 14, 12], "texture": "#lantern"},
				"up": {"uv": [13, 11, 14, 12], "texture": "#lantern"},
				"down": {"uv": [13, 11, 14, 12], "texture": "#lantern"}
			}
		},
		{
			"from": [6.5, 15, 7.5],
			"to": [7.5, 16, 8.5],
			"rotation": {"angle": -45, "axis": "y", "origin": [8, 15, 8]},
			"faces": {
				"north": {"uv": [13, 6, 14, 7], "texture": "#lantern"},
				"east": {"uv": [13, 6, 14, 7], "texture": "#lantern"},
				"south": {"uv": [13, 6, 14, 7], "texture": "#lantern"},
				"west": {"uv": [13, 6, 14, 7], "texture": "#lantern"},
				"up": {"uv": [13, 6, 14, 7], "texture": "#lantern"},
				"down": {"uv": [13, 6, 14, 7], "texture": "#lantern"}
			}
		},
		{
			"from": [6.5, 14, 7.5],
			"to": [7.5, 15, 8.5],
			"rotation": {"angle": -45, "axis": "y", "origin": [8, 13, 8]},
			"faces": {
				"north": {"uv": [13, 7, 14, 8], "texture": "#lantern"},
				"east": {"uv": [13, 7, 14, 8], "texture": "#lantern"},
				"south": {"uv": [13, 7, 14, 8], "texture": "#lantern"},
				"west": {"uv": [13, 7, 14, 8], "texture": "#lantern"},
				"up": {"uv": [13, 7, 14, 8], "texture": "#lantern"},
				"down": {"uv": [13, 7, 14, 8], "texture": "#lantern"}
			}
		},
		{
			"from": [8.5, 14, 7.5],
			"to": [9.5, 15, 8.5],
			"rotation": {"angle": -45, "axis": "y", "origin": [8, 13, 8]},
			"faces": {
				"north": {"uv": [11, 7, 12, 8], "texture": "#lantern"},
				"east": {"uv": [11, 7, 12, 8], "texture": "#lantern"},
				"south": {"uv": [11, 7, 12, 8], "texture": "#lantern"},
				"west": {"uv": [11, 7, 12, 8], "texture": "#lantern"},
				"up": {"uv": [11, 7, 12, 8], "texture": "#lantern"},
				"down": {"uv": [11, 7, 12, 8], "texture": "#lantern"}
			}
		},
		{
			"from": [8.5, 15, 7.5],
			"to": [9.5, 16, 8.5],
			"rotation": {"angle": -45, "axis": "y", "origin": [8, 15, 8]},
			"faces": {
				"north": {"uv": [11, 6, 12, 7], "texture": "#lantern"},
				"east": {"uv": [11, 6, 12, 7], "texture": "#lantern"},
				"south": {"uv": [11, 6, 12, 7], "texture": "#lantern"},
				"west": {"uv": [11, 6, 12, 7], "texture": "#lantern"},
				"up": {"uv": [11, 6, 12, 7], "texture": "#lantern"},
				"down": {"uv": [11, 6, 12, 7], "texture": "#lantern"}
			}
		},
		{
			"from": [7.5, 14, 7.5],
			"to": [8.5, 15, 8.5],
			"rotation": {"angle": -45, "axis": "y", "origin": [8, 13, 8]},
			"faces": {
				"north": {"uv": [12, 7, 13, 8], "texture": "#lantern"},
				"east": {"uv": [12, 7, 13, 8], "texture": "#lantern"},
				"south": {"uv": [12, 7, 13, 8], "texture": "#lantern"},
				"west": {"uv": [12, 7, 13, 8], "texture": "#lantern"},
				"up": {"uv": [12, 7, 13, 8], "rotation": 90, "texture": "#lantern"},
				"down": {"uv": [12, 7, 13, 8], "rotation": 270, "texture": "#lantern"}
			}
		},
		{
			"from": [6.5, 13, 7.5],
			"to": [7.5, 14, 8.5],
			"rotation": {"angle": 45, "axis": "y", "origin": [8, 10, 8]},
			"faces": {
				"north": {"uv": [11, 2, 12, 3], "texture": "#lantern"},
				"east": {"uv": [11, 2, 12, 3], "texture": "#lantern"},
				"south": {"uv": [11, 2, 12, 3], "texture": "#lantern"},
				"west": {"uv": [11, 2, 12, 3], "texture": "#lantern"},
				"up": {"uv": [11, 2, 12, 3], "rotation": 180, "texture": "#lantern"},
				"down": {"uv": [11, 2, 12, 3], "rotation": 180, "texture": "#lantern"}
			}
		},
		{
			"from": [6.5, 14, 7.5],
			"to": [7.5, 15, 8.5],
			"rotation": {"angle": 45, "axis": "y", "origin": [8, 10, 8]},
			"faces": {
				"north": {"uv": [11, 1, 12, 2], "texture": "#lantern"},
				"east": {"uv": [11, 1, 12, 2], "texture": "#lantern"},
				"south": {"uv": [11, 1, 12, 2], "texture": "#lantern"},
				"west": {"uv": [11, 1, 12, 2], "texture": "#lantern"},
				"up": {"uv": [11, 1, 12, 2], "rotation": 180, "texture": "#lantern"},
				"down": {"uv": [11, 1, 12, 2], "rotation": 180, "texture": "#lantern"}
			}
		},
		{
			"from": [7.5, 14, 7.5],
			"to": [8.5, 15, 8.5],
			"rotation": {"angle": 45, "axis": "y", "origin": [8, 10, 8]},
			"faces": {
				"north": {"uv": [12, 1, 13, 2], "texture": "#lantern"},
				"east": {"uv": [12, 1, 13, 2], "texture": "#lantern"},
				"south": {"uv": [12, 1, 13, 2], "texture": "#lantern"},
				"west": {"uv": [12, 1, 13, 2], "texture": "#lantern"},
				"up": {"uv": [12, 1, 13, 2], "rotation": 270, "texture": "#lantern"},
				"down": {"uv": [12, 1, 13, 2], "rotation": 90, "texture": "#lantern"}
			}
		},
		{
			"from": [8.5, 14, 7.5],
			"to": [9.5, 15, 8.5],
			"rotation": {"angle": 45, "axis": "y", "origin": [8, 10, 8]},
			"faces": {
				"north": {"uv": [13, 1, 14, 2], "texture": "#lantern"},
				"east": {"uv": [13, 1, 14, 2], "texture": "#lantern"},
				"south": {"uv": [13, 1, 14, 2], "texture": "#lantern"},
				"west": {"uv": [13, 1, 14, 2], "texture": "#lantern"},
				"up": {"uv": [13, 1, 14, 2], "rotation": 180, "texture": "#lantern"},
				"down": {"uv": [13, 1, 14, 2], "rotation": 180, "texture": "#lantern"}
			}
		},
		{
			"from": [8.5, 13, 7.5],
			"to": [9.5, 14, 8.5],
			"rotation": {"angle": 45, "axis": "y", "origin": [8, 10, 8]},
			"faces": {
				"north": {"uv": [13, 2, 14, 3], "texture": "#lantern"},
				"east": {"uv": [13, 2, 14, 3], "texture": "#lantern"},
				"south": {"uv": [13, 2, 14, 3], "texture": "#lantern"},
				"west": {"uv": [13, 2, 14, 3], "texture": "#lantern"},
				"up": {"uv": [13, 2, 14, 3], "rotation": 180, "texture": "#lantern"},
				"down": {"uv": [13, 2, 14, 3], "rotation": 180, "texture": "#lantern"}
			}
		},
		{
			"from": [6.5, 11, 7.5],
			"to": [7.5, 12, 8.5],
			"rotation": {"angle": 45, "axis": "y", "origin": [8, 10, 8]},
			"faces": {
				"north": {"uv": [11, 4, 12, 5], "texture": "#lantern"},
				"east": {"uv": [11, 4, 12, 5], "texture": "#lantern"},
				"south": {"uv": [11, 4, 12, 5], "texture": "#lantern"},
				"west": {"uv": [11, 4, 12, 5], "texture": "#lantern"},
				"up": {"uv": [11, 4, 12, 5], "rotation": 180, "texture": "#lantern"},
				"down": {"uv": [11, 4, 12, 5], "rotation": 180, "texture": "#lantern"}
			}
		},
		{
			"from": [6.5, 12, 7.5],
			"to": [7.5, 13, 8.5],
			"rotation": {"angle": 45, "axis": "y", "origin": [8, 10, 8]},
			"faces": {
				"north": {"uv": [11, 3, 12, 4], "texture": "#lantern"},
				"east": {"uv": [11, 3, 12, 4], "texture": "#lantern"},
				"south": {"uv": [11, 3, 12, 4], "texture": "#lantern"},
				"west": {"uv": [11, 3, 12, 4], "texture": "#lantern"},
				"up": {"uv": [11, 3, 12, 4], "rotation": 180, "texture": "#lantern"},
				"down": {"uv": [11, 3, 12, 4], "rotation": 180, "texture": "#lantern"}
			}
		},
		{
			"from": [7.5, 11, 7.5],
			"to": [8.5, 12, 8.5],
			"rotation": {"angle": 45, "axis": "y", "origin": [8, 10, 8]},
			"faces": {
				"north": {"uv": [12, 4, 13, 5], "texture": "#lantern"},
				"east": {"uv": [12, 4, 13, 5], "texture": "#lantern"},
				"south": {"uv": [12, 4, 13, 5], "texture": "#lantern"},
				"west": {"uv": [12, 4, 13, 5], "texture": "#lantern"},
				"up": {"uv": [12, 4, 13, 5], "rotation": 270, "texture": "#lantern"},
				"down": {"uv": [12, 4, 13, 5], "rotation": 90, "texture": "#lantern"}
			}
		},
		{
			"from": [8.5, 11, 7.5],
			"to": [9.5, 12, 8.5],
			"rotation": {"angle": 45, "axis": "y", "origin": [8, 10, 8]},
			"faces": {
				"north": {"uv": [13, 4, 14, 5], "texture": "#lantern"},
				"east": {"uv": [13, 4, 14, 5], "texture": "#lantern"},
				"south": {"uv": [13, 4, 14, 5], "texture": "#lantern"},
				"west": {"uv": [13, 4, 14, 5], "texture": "#lantern"},
				"up": {"uv": [13, 4, 14, 5], "rotation": 180, "texture": "#lantern"},
				"down": {"uv": [13, 4, 14, 5], "rotation": 180, "texture": "#lantern"}
			}
		},
		{
			"from": [8.5, 12, 7.5],
			"to": [9.5, 13, 8.5],
			"rotation": {"angle": 45, "axis": "y", "origin": [8, 10, 8]},
			"faces": {
				"north": {"uv": [13, 3, 14, 4], "texture": "#lantern"},
				"east": {"uv": [13, 3, 14, 4], "texture": "#lantern"},
				"south": {"uv": [13, 3, 14, 4], "texture": "#lantern"},
				"west": {"uv": [13, 3, 14, 4], "texture": "#lantern"},
				"up": {"uv": [13, 3, 14, 4], "rotation": 180, "texture": "#lantern"},
				"down": {"uv": [13, 3, 14, 4], "rotation": 180, "texture": "#lantern"}
			}
		}
	],
	"groups": [
		{
			"name": "group",
			"origin": [9, 1, 0],
			"color": 0,
			"children": [0, 1, 2, 3, 4, 5, 6, 7, 8, 9, 10, 11, 12, 13, 14, 15, 16, 17, 18, 19, 20, 21, 22, 23, 24, 25, 26, 27]
		}
	]
}