{
	"credit": "Made with Blockbench",
	"parent": "block/block",
	"ambientocclusion": false,
	"textures": {
		"lily_pad": "block/lily_pad",
		"flower": "block/spore_blossom",
		"particle": "block/hanging_roots",
		"root": "block/hanging_roots"
	},
	"elements": [
		{
			"from": [6, 0.45, 9],
			"to": [10, 0.45, 13],
			"shade": false,
			"rotation": {"angle": 22.5, "axis": "z", "origin": [6, 0.45, 11]},
			"faces": {
				"up": {"uv": [0, 0, 16, 16], "rotation": 90, "texture": "#flower"},
				"down": {"uv": [0, 16, 16, 0], "rotation": 270, "texture": "#flower"}
			}
		},
		{
			"from": [6, 0.45, 9],
			"to": [10, 0.45, 13],
			"shade": false,
			"rotation": {"angle": 45, "axis": "z", "origin": [6, 0.45, 11]},
			"faces": {
				"up": {"uv": [0, 0, 16, 16], "rotation": 90, "texture": "#flower"},
				"down": {"uv": [0, 16, 16, 0], "rotation": 270, "texture": "#flower"}
			}
		},
		{
			"from": [2, 0.45, 9],
			"to": [6, 0.45, 13],
			"shade": false,
			"rotation": {"angle": -22.5, "axis": "z", "origin": [6, 0.45, 11]},
			"faces": {
				"up": {"uv": [0, 0, 16, 16], "rotation": 270, "texture": "#flower"},
				"down": {"uv": [0, 16, 16, 0], "rotation": 90, "texture": "#flower"}
			}
		},
		{
			"from": [2, 0.45, 9],
			"to": [6, 0.45, 13],
			"shade": false,
			"rotation": {"angle": -45, "axis": "z", "origin": [6, 0.45, 11]},
			"faces": {
				"up": {"uv": [0, 0, 16, 16], "rotation": 270, "texture": "#flower"},
				"down": {"uv": [0, 16, 16, 0], "rotation": 90, "texture": "#flower"}
			}
		},
		{
			"from": [4, 0.45, 11],
			"to": [8, 0.45, 15],
			"shade": false,
			"rotation": {"angle": -22.5, "axis": "x", "origin": [6, 0.45, 11]},
			"faces": {
				"up": {"uv": [16, 16, 0, 0], "texture": "#flower"},
				"down": {"uv": [16, 0, 0, 16], "texture": "#flower"}
			}
		},
		{
			"from": [4, 0.45, 11],
			"to": [8, 0.45, 15],
			"shade": false,
			"rotation": {"angle": -45, "axis": "x", "origin": [6, 0.45, 11]},
			"faces": {
				"up": {"uv": [16, 16, 0, 0], "texture": "#flower"},
				"down": {"uv": [16, 0, 0, 16], "texture": "#flower"}
			}
		},
		{
			"from": [4, 0.45, 7],
			"to": [8, 0.45, 11],
			"shade": false,
			"rotation": {"angle": 22.5, "axis": "x", "origin": [6, 0.45, 11]},
			"faces": {
				"up": {"uv": [0, 0, 16, 16], "texture": "#flower"},
				"down": {"uv": [0, 16, 16, 0], "texture": "#flower"}
			}
		},
		{
			"from": [4, 0.45, 7],
			"to": [8, 0.45, 11],
			"shade": false,
			"rotation": {"angle": 45, "axis": "x", "origin": [6, 0.45, 11]},
			"faces": {
				"up": {"uv": [0, 0, 16, 16], "texture": "#flower"},
				"down": {"uv": [0, 16, 16, 0], "texture": "#flower"}
			}
		},
		{
			"from": [0, 0.25, 0],
			"to": [16, 0.25, 16],
			"rotation": {"angle": 0, "axis": "y", "origin": [8, 0, 8]},
			"faces": {
				"up": {"uv": [0, 0, 16, 16], "texture": "#lily_pad", "tintindex": 0},
				"down": {"uv": [0, 16, 16, 0], "texture": "#lily_pad", "tintindex": 0}
			}
		},
		{
			"from": [8, -11, 11],
			"to": [8, 0, 13],
			"rotation": {"angle": 45, "axis": "y", "origin": [8, 0, 12]},
			"faces": {
				"north": {"uv": [0, 0, 0, 4], "texture": "#root"},
				"east": {"uv": [9, 0, 7, 11], "texture": "#root"},
				"south": {"uv": [0, 0, 0, 4], "texture": "#root"},
				"west": {"uv": [9, 0, 7, 11], "texture": "#root"},
				"up": {"uv": [0, 0, 0, 1], "texture": "#root"},
				"down": {"uv": [0, 0, 0, 1], "texture": "#root"}
			}
		},
		{
			"from": [8, -11, 11],
			"to": [8, 0, 13],
			"rotation": {"angle": -45, "axis": "y", "origin": [8, 0, 12]},
			"faces": {
				"north": {"uv": [0, 0, 0, 4], "texture": "#root"},
				"east": {"uv": [9, 0, 7, 11], "texture": "#root"},
				"south": {"uv": [0, 0, 0, 4], "texture": "#root"},
				"west": {"uv": [9, 0, 7, 11], "texture": "#root"},
				"up": {"uv": [0, 0, 0, 1], "texture": "#root"},
				"down": {"uv": [0, 0, 0, 1], "texture": "#root"}
			}
		}
	],
	"groups": [
		{
			"name": "lily_pad",
			"origin": [8, 8, 8],
			"color": 0,
			"children": [0, 1, 2, 3, 4, 5, 6, 7, 8, 9, 10]
		}
	]
}