{
	"credit": "Made with Blockbench",
	"ambientocclusion": false,
	"textures": {
		"particle": "block/lily_pad",
		"lily_pad": "block/lily_pad",
		"root": "block/hanging_roots"
	},
	"elements": [
		{
			"from": [9, -11, 11],
			"to": [9, 0, 13],
			"rotation": {"angle": 45, "axis": "y", "origin": [9, 0, 12]},
			"faces": {
				"north": {"uv": [0, 0, 0, 4], "texture": "#root"},
				"east": {"uv": [9, 0, 7, 11], "texture": "#root"},
				"south": {"uv": [0, 0, 0, 4], "texture": "#root"},
				"west": {"uv": [9, 0, 7, 11], "texture": "#root"},
				"up": {"uv": [0, 0, 0, 1], "texture": "#root"},
				"down": {"uv": [0, 0, 0, 1], "texture": "#root"}
			}
		},
		{
			"from": [0, 0.25, 0],
			"to": [16, 0.25, 16],
			"faces": {
				"up": {"uv": [0, 0, 16, 16], "texture": "#lily_pad", "tintindex": 0},
				"down": {"uv": [0, 16, 16, 0], "texture": "#lily_pad", "tintindex": 0}
			}
		},
		{
			"from": [9, -11, 11],
			"to": [9, 0, 13],
			"rotation": {"angle": -45, "axis": "y", "origin": [9, 0, 12]},
			"faces": {
				"north": {"uv": [0, 0, 0, 4], "texture": "#root"},
				"east": {"uv": [9, 0, 7, 11], "texture": "#root"},
				"south": {"uv": [0, 0, 0, 4], "texture": "#root"},
				"west": {"uv": [9, 0, 7, 11], "texture": "#root"},
				"up": {"uv": [0, 0, 0, 1], "texture": "#root"},
				"down": {"uv": [0, 0, 0, 1], "texture": "#root"}
			}
		}
	],
	"groups": [
		{
			"name": "group",
			"origin": [9, 0, 12],
			"color": 0,
			"children": [0, 1, 2]
		}
	]
}