{
	"credit": "Made with Blockbench",
	"texture_size": [64, 32],
	"textures": {
		"particle": "#book"
	},
	"elements": [
		{
			"from": [3, 0, 7],
			"to": [13, 0, 9],
			"rotation": {"angle": 0, "axis": "y", "origin": [8, 0, 5]},
			"faces": {
				"north": {"uv": [0.5, 5, 3, 5], "texture": "#book"},
				"east": {"uv": [6, 5, 6.5, 5], "texture": "#book"},
				"south": {"uv": [3.5, 5, 6, 5], "texture": "#book"},
				"west": {"uv": [3, 5, 3.5, 5], "texture": "#book"},
				"up": {"uv": [4, 5, 3.5, 0], "rotation": 270, "texture": "#book"},
				"down": {"uv": [3.5, 0, 3, 5], "rotation": 90, "texture": "#book"}
			}
		},
		{
			"from": [3, 0, 7],
			"to": [13, 6, 7],
			"rotation": {"angle": 0, "axis": "y", "origin": [8, 0, 5]},
			"faces": {
				"north": {"uv": [1.5, 0, 3, 5], "rotation": 270, "texture": "#book"},
				"east": {"uv": [4, 5, 5.5, 5], "rotation": 270, "texture": "#book"},
				"south": {"uv": [1.5, 5, 0, 0], "rotation": 270, "texture": "#book"},
				"west": {"uv": [0, 5, 1.5, 5], "rotation": 90, "texture": "#book"},
				"up": {"uv": [-2.5, 5, 0, 5], "rotation": 180, "texture": "#book"},
				"down": {"uv": [1.5, 5, 4, 5], "texture": "#book"}
			}
		},
		{
			"from": [4, 0.05, 7.05],
			"to": [12, 5.05, 8.05],
			"rotation": {"angle": 0, "axis": "y", "origin": [8, 0, 5]},
			"faces": {
				"north": {"uv": [1.75, 5.5, 3, 9.5], "rotation": 90, "texture": "#book"},
				"east": {"uv": [2.75, 5, 1.5, 5.5], "rotation": 90, "texture": "#book"},
				"south": {"uv": [0.25, 5.5, 1.5, 9.5], "rotation": 270, "texture": "#book"},
				"west": {"uv": [1.5, 5.5, 0.25, 5], "rotation": 90, "texture": "#book"},
				"up": {"uv": [1.5, 5.5, 1.75, 9.5], "rotation": 270, "texture": "#book"},
				"down": {"uv": [0, 5.5, 0.25, 9.5], "rotation": 270, "texture": "#book"}
			}
		},
		{
			"from": [4, 0.05, 7.95],
			"to": [12, 5.05, 8.95],
			"rotation": {"angle": 0, "axis": "y", "origin": [8, 0, 5]},
			"faces": {
				"north": {"uv": [3.25, 5.5, 4.5, 9.5], "rotation": 270, "texture": "#book"},
				"east": {"uv": [4.5, 5.5, 3.25, 5], "rotation": 90, "texture": "#book"},
				"south": {"uv": [4.75, 5.5, 6, 9.5], "rotation": 90, "texture": "#book"},
				"west": {"uv": [5.75, 5, 4.5, 5.5], "rotation": 90, "texture": "#book"},
				"up": {"uv": [4.5, 5.5, 4.75, 9.5], "rotation": 90, "texture": "#book"},
				"down": {"uv": [3, 5.5, 3.25, 9.5], "rotation": 90, "texture": "#book"}
			}
		},
		{
			"from": [3, 0, 9],
			"to": [13, 6, 9],
			"rotation": {"angle": 0, "axis": "y", "origin": [8, 0, 5]},
			"faces": {
				"north": {"uv": [5.5, 5, 4, 0], "rotation": 90, "texture": "#book"},
				"east": {"uv": [8, 5, 9.5, 5], "rotation": 90, "texture": "#book"},
				"south": {"uv": [5.5, 0, 7, 5], "rotation": 90, "texture": "#book"},
				"west": {"uv": [4, 5, 5.5, 5], "rotation": 270, "texture": "#book"},
				"up": {"uv": [5.5, 5, 8, 5], "texture": "#book"},
				"down": {"uv": [1.5, 5, 4, 5], "rotation": 180, "texture": "#book"}
			}
		}
	],
	"display": {
		"thirdperson_righthand": {
			"rotation": [-90, -90, 0],
			"translation": [0, -2, -7]
		},
		"thirdperson_lefthand": {
			"rotation": [0, 90, -89],
			"translation": [0, -2, -6],
			"scale": [0.85, 0.85, 0.85]
		},
		"firstperson_righthand": {
			"rotation": [90, -90, 0],
			"translation": [1, 4, 7]
		},
		"firstperson_lefthand": {
			"rotation": [0, 90, 90],
			"translation": [1, 4, 7]
		},
		"ground": {
			"rotation": [43, 0, 52],
			"translation": [-3.25, 4.25, 2]
		},
		"gui": {
			"rotation": [-57.88, -12.14, -135.27],
			"translation": [4.5, -2, 0],
			"scale": [1.3, 1.3, 1.3]
		},
		"head": {
			"rotation": [-90, 0, 0],
			"translation": [0, 7.5, -5]
		},
		"fixed": {
			"rotation": [-180, 0, 136],
			"translation": [-3.75, 3.75, -1]
		}
	},
	"groups": [
		{
			"name": "Book",
			"origin": [0, 0, 0],
			"color": 0,
			"children": [
				0,
				{
					"name": "group",
					"origin": [9, 0, 4],
					"color": 0,
					"children": [1, 2]
				},
				{
					"name": "group",
					"origin": [9, 0, 4],
					"color": 0,
					"children": [3, 4]
				}
			]
		}
	]
}